hotel_id,hotel_name,city,province,area,latitude,longitude,hotel_type,price_range,rating,review_count,amenities,nearby_attractions,tags,description,other_details
H0001,Bara Grand Hotel,Bara,2,Churiya Mai Temple,27.678372,85.27615,Hostel,1500-8900 NPR,3.5,777,Free Parking; Bike Rental; Free WiFi; Conference Hall,Churiya Mai Temple,birdwatching; hindu; temple,"Bara Grand Hotel is a hostel in Churiya Mai Temple, Bara. Features include Free Parking, Bike Rental, Free WiFi, Conference Hall. Close to Churiya Mai Temple.","{""best_time"": ""Oct-Mar"", ""booking_note"": ""Contact hotel for seasonal packages."", ""recommended_for"": [""birdwatching"", ""hindu"", ""temple""], ""discounts"": ""Seasonal discount available during off-peak months."", ""offers"": ""Best to book at least 2 weeks in advance."", ""additional_booking_info"": ""Flexible cancellation up to 24 hours before check-in.""}"
H0002,Dang Palace,Dang,5,Charinge Daha- Ghorahi Dang,27.722158,85.315528,Budget Hotel,6500-13900 NPR,4.0,1283,Lake View; Swimming Pool; Airport Shuttle; Family Rooms,Charinge Daha- Ghorahi Dang,peaceful; temple; lake; scenery,"Dang Palace is a budget hotel in Charinge Daha- Ghorahi Dang, Dang. Features include Lake View, Swimming Pool, Airport Shuttle, Family Rooms. Close to Charinge Daha- Ghorahi Dang.","{""best_time"": ""Oct-Apr"", ""booking_note"": ""Contact hotel for seasonal packages."", ""recommended_for"": [""peaceful"", ""temple"", ""lake""], ""discounts"": ""Complimentary breakfast for bookings over 3 nights."", ""offers"": ""Best to book at least 2 weeks in advance."", ""additional_booking_info"": ""Flexible cancellation up to 24 hours before check-in.""}"
H0003,Parbat Hotel,Parbat,4,Central Parbat,27.702174,85.328387,Luxury Hotel,1400-6700 NPR,4.7,2972,Bar; Airport Shuttle; Breakfast Included; Free Parking; Mountain View; Tour Desk; Guide Services,Bhairavsthan Temple,hindu; temple; luxury,"Parbat Hotel is a luxury hotel in Central Parbat, Parbat. Features include Bar, Airport Shuttle, Breakfast Included, Free Parking. Close to Bhairavsthan Temple.","{""best_time"": ""Oct-Mar"", ""booking_note"": ""Contact hotel for seasonal packages."", ""recommended_for"": [""hindu"", ""temple"", ""luxury""], ""discounts"": ""20% discount for direct website bookings."", ""offers"": ""Best season to book: Spring and Autumn."", ""additional_booking_info"": ""Includes optional guided hiking tours.""}"
H0004,Gulmi Hotel,Gulmi,5,Central Gulmi,27.679759,85.291316,Homestay,6500-8200 NPR,4.4,1411,Free Parking; Restaurant; Hiking Tours; Family Rooms; Laundry; Wake-up Service; Lake View,Shree Rameshowr Mahadev Temple,religious; family-friendly; temple; hindu; lakeside,"Gulmi Hotel is a homestay in Central Gulmi, Gulmi. Features include Free Parking, Restaurant, Hiking Tours, Family Rooms. Close to Shree Rameshowr Mahadev Temple.","{""best_time"": ""All Year"", ""booking_note"": ""Contact hotel for seasonal packages."", ""recommended_for"": [""religious"", ""family-friendly"", ""temple""], ""discounts"": ""Group discounts available for 5+ guests."", ""offers"": ""Ideal to book during weekdays for better rates."", ""additional_booking_info"": ""Flexible cancellation up to 24 hours before check-in.""}"
H0005,Sunsari Inn,Sunsari,1,Mini mountain,27.724788,85.304031,Lodge,2500-11200 NPR,4.1,3768,Laundry; Spa; Free Parking; Conference Hall,Mini mountain,family tour spot; culture; river; mountain-view; eco-friendly; picnic; mountains,"Sunsari Inn is a lodge in Mini mountain, Sunsari. Features include Laundry, Spa, Free Parking, Conference Hall. Close to Mini mountain.","{""best_time"": ""Oct-Apr"", ""booking_note"": ""Contact hotel for seasonal packages."", ""recommended_for"": [""family tour spot"", ""culture"", ""river""], ""discounts"": ""Seasonal discount available during off-peak months."", ""offers"": ""Best to book at least 2 weeks in advance."", ""additional_booking_info"": ""Airport pickup can be arranged on request.""}"
H0006,Taplejung Lodge - 6,Taplejung,1,Central Taplejung,27.6783,85.299611,Resort,7900-10200 NPR,3.7,1320,Tour Desk; Airport Shuttle; Family Rooms; Room Service; Hiking Tours; Laundry,Simsuwa Waterfall,birdwatching; romantic; Trekking stop; village exploration; meditation; luxury,"Taplejung Lodge - 6 is a resort in Central Taplejung, Taplejung. Features include Tour Desk, Airport Shuttle, Family Rooms, Room Service. Close to Simsuwa Waterfall.","{""best_time"": ""Sept – Nov"", ""booking_note"": ""Contact hotel for seasonal packages."", ""recommended_for"": [""birdwatching"", ""romantic"", ""Trekking stop""], ""discounts"": ""Complimentary breakfast for bookings over 3 nights."", ""offers"": ""Advance booking recommended during festival seasons."", ""additional_booking_info"": ""Flexible cancellation up to 24 hours before check-in.""}"
H0007,Myagdi Inn - 7,Myagdi,4,Central Myagdi,27.697223,85.327229,Homestay,4900-8300 NPR,4.3,881,Wake-up Service; Bike Rental; Bar; Spa; Pet Friendly,Beni Bazaar,hills; river; birdwatching; landmarks; city,"Myagdi Inn - 7 is a homestay in Central Myagdi, Myagdi. Features include Wake-up Service, Bike Rental, Bar, Spa. Close to Beni Bazaar.","{""best_time"": ""Oct-Mar"", ""booking_note"": ""Contact hotel for seasonal packages."", ""recommended_for"": [""hills"", ""river"", ""birdwatching""], ""discounts"": ""Seasonal discount available during off-peak months."", ""offers"": ""Ideal to book during weekdays for better rates."", ""additional_booking_info"": ""Flexible cancellation up to 24 hours before check-in.""}"
H0008,Hotel Barahi Pokhara,Pokhara,4,Central Pokhara,28.186312,83.977379,Homestay,2800-4200 NPR,3.9,4657,Airport Shuttle; Bonfire; Wake-up Service,Poon Hill,Photography; local-experience; Sunrise trek; adventure; Scenic view; spiritual,"Hotel Barahi Pokhara is a homestay in Central Pokhara, Pokhara. Features include Airport Shuttle, Bonfire, Wake-up Service. Close to Poon Hill.","{""best_time"": ""October-April"", ""booking_note"": ""Contact hotel for seasonal packages."", ""recommended_for"": [""Photography"", ""local-experience"", ""Sunrise trek""], ""discounts"": ""Complimentary breakfast for bookings over 3 nights."", ""offers"": ""Best season to book: Spring and Autumn."", ""additional_booking_info"": ""Includes optional guided hiking tours.""}"
H0009,Lumbini Plaza - 9,Lumbini,5,Central Lumbini,27.674588,83.459308,Hostel,7000-10800 NPR,4.6,3278,Hiking Tours; Bike Rental; Wake-up Service; Swimming Pool; Free Parking,Maya Devi Sacred Garden Complex,Pilgrimage; Meditation; budget; Photography,"Lumbini Plaza - 9 is a hostel in Central Lumbini, Lumbini. Features include Hiking Tours, Bike Rental, Wake-up Service, Swimming Pool. Close to Maya Devi Sacred Garden Complex.","{""best_time"": ""Oct–Apr"", ""booking_note"": ""Contact hotel for seasonal packages."", ""recommended_for"": [""Pilgrimage"", ""Meditation"", ""budget""], ""discounts"": ""Group discounts available for 5+ guests."", ""offers"": ""Ideal to book during weekdays for better rates."", ""additional_booking_info"": ""Includes optional guided hiking tours.""}"
H0010,Parbat Grand Hotel,Parbat,4,Mahashila,27.683213,85.27426,Resort,2700-4300 NPR,4.9,2716,Bike Rental; Free Parking; Laundry,Mahashila,near-temple; birdwatching; scenery; hindu; Hills; spiritual,"Parbat Grand Hotel is a resort in Mahashila, Parbat. Features include Bike Rental, Free Parking, Laundry. Close to Mahashila.","{""best_time"": ""Oct-Mar"", ""booking_note"": ""Contact hotel for seasonal packages."", ""recommended_for"": [""near-temple"", ""birdwatching"", ""scenery""], ""discounts"": ""Book 2 nights and get the 3rd free!"", ""offers"": ""Winter offers the best value deals."", ""additional_booking_info"": ""Includes optional guided hiking tours.""}"
H0011,Dolakha Resort - 11,Dolakha,3,Central Dolakha,27.694424,85.27566,Luxury Hotel,3700-11100 NPR,4.1,453,Breakfast Included; Family Rooms; Lake View,Dolakha Bhimsen temple,temple; statues; sculpture; lakeside; cultural,"Dolakha Resort - 11 is a luxury hotel in Central Dolakha, Dolakha. Features include Breakfast Included, Family Rooms, Lake View. Close to Dolakha Bhimsen temple.","{""best_time"": ""All Year"", ""booking_note"": ""Contact hotel for seasonal packages."", ""recommended_for"": [""temple"", ""statues"", ""sculpture""], ""discounts"": ""10% off on early bird bookings."", ""offers"": ""Winter offers the best value deals."", ""additional_booking_info"": ""Children under 6 stay free with parents.""}"
H0012,Lalitpur Palace,Lalitpur,3,Uku Bahal,27.681009,85.297758,Boutique Hotel,4400-6500 NPR,3.6,4438,Airport Shuttle; Free Parking; Restaurant,Uku Bahal,buddhist; temple; local-experience; monastery; spiritual,"Lalitpur Palace is a boutique hotel in Uku Bahal, Lalitpur. Features include Airport Shuttle, Free Parking, Restaurant. Close to Uku Bahal.","{""best_time"": ""All Year"", ""booking_note"": ""Contact hotel for seasonal packages."", ""recommended_for"": [""buddhist"", ""temple"", ""local-experience""], ""discounts"": ""Seasonal discount available during off-peak months."", ""offers"": ""Best to book at least 2 weeks in advance."", ""additional_booking_info"": ""Children under 6 stay free with parents.""}"
H0013,Sindhupalchowk Lodge,Sindhupalchowk,3,Panch Pokhari,27.670129,85.293425,Eco-Lodge,3100-10600 NPR,4.5,4562,Spa; Bar; Mountain View; Tour Desk; Breakfast Included; Bike Rental,Panch Pokhari,trekking; culture; family-friendly; hindu; trekking-base; lake,"Sindhupalchowk Lodge is a eco-lodge in Panch Pokhari, Sindhupalchowk. Features include Spa, Bar, Mountain View, Tour Desk. Close to Panch Pokhari.","{""best_time"": ""Aug,Sep-Nov"", ""booking_note"": ""Contact hotel for seasonal packages."", ""recommended_for"": [""trekking"", ""culture"", ""family-friendly""], ""discounts"": ""Group discounts available for 5+ guests."", ""offers"": ""Ideal to book during weekdays for better rates."", ""additional_booking_info"": ""Flexible cancellation up to 24 hours before check-in.""}"
H0014,Mahottari Resort,Mahottari,2,Central Mahottari,27.679446,85.327647,Boutique Hotel,7800-11300 NPR,3.6,566,Family Rooms; Swimming Pool; Room Service; Free Parking,Jaleshwor Mini Waterfall,family-friendly; budget; local-experience; photography; Local exploration,"Mahottari Resort is a boutique hotel in Central Mahottari, Mahottari. Features include Family Rooms, Swimming Pool, Room Service, Free Parking. Close to Jaleshwor Mini Waterfall.","{""best_time"": ""July–Sept"", ""booking_note"": ""Contact hotel for seasonal packages."", ""recommended_for"": [""family-friendly"", ""budget"", ""local-experience""], ""discounts"": ""20% discount for direct website bookings."", ""offers"": ""Advance booking recommended during festival seasons."", ""additional_booking_info"": ""Airport pickup can be arranged on request.""}"
H0015,Dang Heritage Hotel - 15,Dang,5,Charinge Daha- Ghorahi Dang,27.710184,85.288851,Homestay,4000-6700 NPR,4.5,2467,Lake View; Airport Shuttle; Free WiFi; Hiking Tours; Swimming Pool; Tour Desk,Charinge Daha- Ghorahi Dang,near-temple; mountain-view; temple; scenery; hiking; lake,"Dang Heritage Hotel - 15 is a homestay in Charinge Daha- Ghorahi Dang, Dang. Features include Lake View, Airport Shuttle, Free WiFi, Hiking Tours. Close to Charinge Daha- Ghorahi Dang.","{""best_time"": ""Oct-Apr"", ""booking_note"": ""Contact hotel for seasonal packages."", ""recommended_for"": [""near-temple"", ""mountain-view"", ""temple""], ""discounts"": ""Seasonal discount available during off-peak months."", ""offers"": ""Best season to book: Spring and Autumn."", ""additional_booking_info"": ""Complimentary local sightseeing package on request.""}"
H0016,Dolakha Inn,Dolakha,3,Central Dolakha,27.692172,85.279465,Hostel,6600-12000 NPR,4.4,4343,Conference Hall; Mountain View; Swimming Pool,Dolakha Bhimsen temple,mountain-view; temple; statues; sculpture; cultural,"Dolakha Inn is a hostel in Central Dolakha, Dolakha. Features include Conference Hall, Mountain View, Swimming Pool. Close to Dolakha Bhimsen temple.","{""best_time"": ""All Year"", ""booking_note"": ""Contact hotel for seasonal packages."", ""recommended_for"": [""mountain-view"", ""temple"", ""statues""], ""discounts"": ""Complimentary breakfast for bookings over 3 nights."", ""offers"": ""Advance booking recommended during festival seasons."", ""additional_booking_info"": ""Airport pickup can be arranged on request.""}"
H0017,Bara Residency,Bara,2,Gahawa Mai Temple,27.686905,85.282638,Lodge,2500-7300 NPR,4.3,2067,Airport Shuttle; Guide Services; Laundry,Gahawa Mai Temple,romantic; hindu; temple,"Bara Residency is a lodge in Gahawa Mai Temple, Bara. Features include Airport Shuttle, Guide Services, Laundry. Close to Gahawa Mai Temple.","{""best_time"": ""Oct-Mar"", ""booking_note"": ""Contact hotel for seasonal packages."", ""recommended_for"": [""romantic"", ""hindu"", ""temple""], ""discounts"": ""20% discount for direct website bookings."", ""offers"": ""Best season to book: Spring and Autumn."", ""additional_booking_info"": ""Flexible cancellation up to 24 hours before check-in.""}"
H0018,Parbat Plaza,Parbat,4,Mahabhir Waterfall Rappelling/ Canyoning,27.714474,85.303101,Luxury Hotel,5400-6100 NPR,3.7,1231,Breakfast Included; Pet Friendly; Room Service; Conference Hall; Spa; Guide Services; Airport Shuttle,Mahabhir Waterfall Rappelling/ Canyoning,canyoning; rappelling; waterfall; adventure; wildlife,"Parbat Plaza is a luxury hotel in Mahabhir Waterfall Rappelling/ Canyoning, Parbat. Features include Breakfast Included, Pet Friendly, Room Service, Conference Hall. Close to Mahabhir Waterfall Rappelling/ Canyoning.","{""best_time"": ""Oct-Mar"", ""booking_note"": ""Contact hotel for seasonal packages."", ""recommended_for"": [""canyoning"", ""rappelling"", ""waterfall""], ""discounts"": ""Group discounts available for 5+ guests."", ""offers"": ""Best to book at least 2 weeks in advance."", ""additional_booking_info"": ""Includes optional guided hiking tours.""}"
H0019,Butwal/Rupandehi Grand Hotel,Butwal/Rupandehi,5,Jitgadi Fort,27.684972,85.276168,Hostel,8000-15100 NPR,5.0,1276,Restaurant; Wake-up Service; Guide Services; Free WiFi,Jitgadi Fort,historical; trekking-base; fort,"Butwal/Rupandehi Grand Hotel is a hostel in Jitgadi Fort, Butwal/Rupandehi. Features include Restaurant, Wake-up Service, Guide Services, Free WiFi. Close to Jitgadi Fort.","{""best_time"": ""All Year"", ""booking_note"": ""Contact hotel for seasonal packages."", ""recommended_for"": [""historical"", ""trekking-base"", ""fort""], ""discounts"": ""Seasonal discount available during off-peak months."", ""offers"": ""Best season to book: Spring and Autumn."", ""additional_booking_info"": ""Children under 6 stay free with parents.""}"
H0020,Kapilvastu Palace - 20,Kapilvastu,5,Central Kapilvastu,27.676486,85.32233,Eco-Lodge,2600-6400 NPR,4.7,3780,Mountain View; Free Parking; Tour Desk; Free WiFi; Bar,Tilaurakot Museum,trekking-base; sculpture; mountain-view; museum,"Kapilvastu Palace - 20 is a eco-lodge in Central Kapilvastu, Kapilvastu. Features include Mountain View, Free Parking, Tour Desk, Free WiFi. Close to Tilaurakot Museum.","{""best_time"": ""All Year"", ""booking_note"": ""Contact hotel for seasonal packages."", ""recommended_for"": [""trekking-base"", ""sculpture"", ""mountain-view""], ""discounts"": ""10% off on early bird bookings."", ""offers"": ""Best to book at least 2 weeks in advance."", ""additional_booking_info"": ""Complimentary local sightseeing package on request.""}"
H0021,Taplejung Hotel - 21,Taplejung,1,Central Taplejung,27.710771,85.32062,Lodge,1000-3400 NPR,4.8,2149,Room Service; Laundry; Breakfast Included; Swimming Pool,Kanchanjunga national park,peaceful; trekking; rhododendrons; eco-friendly; trekking-base; wildlife,"Taplejung Hotel - 21 is a lodge in Central Taplejung, Taplejung. Features include Room Service, Laundry, Breakfast Included, Swimming Pool. Close to Kanchanjunga national park.","{""best_time"": ""Oct-Apr"", ""booking_note"": ""Contact hotel for seasonal packages."", ""recommended_for"": [""peaceful"", ""trekking"", ""rhododendrons""], ""discounts"": ""20% discount for direct website bookings."", ""offers"": ""Ideal to book during weekdays for better rates."", ""additional_booking_info"": ""Includes optional guided hiking tours.""}"
H0022,Mugu Heritage Hotel - 22,Mugu,6,Central Mugu,27.681405,85.272663,Luxury Hotel,800-4500 NPR,4.0,583,Tour Desk; Lake View; Swimming Pool; Mountain View; Bike Rental,Rara Lake,lake; horseriding; boating; eco-friendly; trekking-base; pond; camping,"Mugu Heritage Hotel - 22 is a luxury hotel in Central Mugu, Mugu. Features include Tour Desk, Lake View, Swimming Pool, Mountain View. Close to Rara Lake.","{""best_time"": ""Apr–Jun, Sept–Nov"", ""booking_note"": ""Contact hotel for seasonal packages."", ""recommended_for"": [""lake"", ""horseriding"", ""boating""], ""discounts"": ""20% discount for direct website bookings."", ""offers"": ""Winter offers the best value deals."", ""additional_booking_info"": ""Complimentary local sightseeing package on request.""}"
H0023,Palpa Hotel,Palpa,5,Tansen City,27.709896,85.292749,Budget Hotel,5800-11300 NPR,4.1,13,Mountain View; Bar; Guide Services; Lake View; Hiking Tours,Tansen City,wellness; historical; near-temple; scenery; cultural,"Palpa Hotel is a budget hotel in Tansen City, Palpa. Features include Mountain View, Bar, Guide Services, Lake View. Close to Tansen City.","{""best_time"": ""All Year"", ""booking_note"": ""Contact hotel for seasonal packages."", ""recommended_for"": [""wellness"", ""historical"", ""near-temple""], ""discounts"": ""Group discounts available for 5+ guests."", ""offers"": ""Best season to book: Spring and Autumn."", ""additional_booking_info"": ""Complimentary local sightseeing package on request.""}"
H0024,Hotel Narayani,Chitwan,3,Central Chitwan,27.548158,84.364531,Homestay,5000-11000 NPR,3.6,1934,Free Parking; Bar; Spa; Free WiFi; Breakfast Included,Crocodile Breeding Center,Photography; spiritual; Wildlife Observation,"Hotel Narayani is a homestay in Central Chitwan, Chitwan. Features include Free Parking, Bar, Spa, Free WiFi. Close to Crocodile Breeding Center.","{""best_time"": ""Oct–Apr"", ""booking_note"": ""Contact hotel for seasonal packages."", ""recommended_for"": [""Photography"", ""spiritual"", ""Wildlife Observation""], ""discounts"": ""Book 2 nights and get the 3rd free!"", ""offers"": ""Ideal to book during weekdays for better rates."", ""additional_booking_info"": ""Complimentary local sightseeing package on request.""}"
H0025,Taplejung Resort,Taplejung,1,Central Taplejung,27.681666,85.311781,Eco-Lodge,4100-8600 NPR,3.7,55,Guide Services; Free Parking; Restaurant,Fung funge waterfall,Waterfall; wellness; family-friendly; river; hiking,"Taplejung Resort is a eco-lodge in Central Taplejung, Taplejung. Features include Guide Services, Free Parking, Restaurant. Close to Fung funge waterfall.","{""best_time"": ""Oct-Apr"", ""booking_note"": ""Contact hotel for seasonal packages."", ""recommended_for"": [""Waterfall"", ""wellness"", ""family-friendly""], ""discounts"": ""20% discount for direct website bookings."", ""offers"": ""Winter offers the best value deals."", ""additional_booking_info"": ""Airport pickup can be arranged on request.""}"
H0026,Lumbini Palace,Lumbini,5,Cycling Tours,27.6572,83.474479,Hostel,5400-11100 NPR,4.9,3635,Bike Rental; Guide Services; Conference Hall; Hiking Tours; Restaurant; Bonfire; Free Parking,Cycling Tours,mountain-view; Adventure; Sightseeing; lakeside; Nature,"Lumbini Palace is a hostel in Cycling Tours, Lumbini. Features include Bike Rental, Guide Services, Conference Hall, Hiking Tours. Close to Cycling Tours.","{""best_time"": ""Oct–Apr"", ""booking_note"": ""Contact hotel for seasonal packages."", ""recommended_for"": [""mountain-view"", ""Adventure"", ""Sightseeing""], ""discounts"": ""Book 2 nights and get the 3rd free!"", ""offers"": ""Advance booking recommended during festival seasons."", ""additional_booking_info"": ""Airport pickup can be arranged on request.""}"
H0027,Pokhara Grand Hotel,Pokhara,4,Sarangkot,28.184249,83.972744,Homestay,3600-9300 NPR,4.8,670,Spa; Free Parking; Family Rooms; Wake-up Service,Sarangkot,near-temple; budget; eco-friendly; Sunrise View; Paragliding,"Pokhara Grand Hotel is a homestay in Sarangkot, Pokhara. Features include Spa, Free Parking, Family Rooms, Wake-up Service. Close to Sarangkot.","{""best_time"": ""October-April"", ""booking_note"": ""Contact hotel for seasonal packages."", ""recommended_for"": [""near-temple"", ""budget"", ""eco-friendly""], ""discounts"": ""Book 2 nights and get the 3rd free!"", ""offers"": ""Advance booking recommended during festival seasons."", ""additional_booking_info"": ""Children under 6 stay free with parents.""}"
H0028,Dang Inn,Dang,5,Central Dang,27.68241,85.295209,Cottage,6500-7300 NPR,4.8,4726,Bonfire; Free WiFi; Pet Friendly; Mountain View; Family Rooms; Guide Services,Dandakhola ,river; birdwatching; scenery; lakeside; spiritual,"Dang Inn is a cottage in Central Dang, Dang. Features include Bonfire, Free WiFi, Pet Friendly, Mountain View. Close to Dandakhola .","{""best_time"": ""All Year"", ""booking_note"": ""Contact hotel for seasonal packages."", ""recommended_for"": [""river"", ""birdwatching"", ""scenery""], ""discounts"": ""10% off on early bird bookings."", ""offers"": ""Best season to book: Spring and Autumn."", ""additional_booking_info"": ""Includes optional guided hiking tours.""}"
H0029,Soaltee Hotel,Kathmandu,3,Selfie hill,27.707368,85.334749,Luxury Hotel,6700-9900 NPR,4.8,1055,Conference Hall; Free WiFi; Family Rooms; Tour Desk; Airport Shuttle; Guide Services; Bike Rental,Selfie hill,family-friendly; scenary; offbeat; hill,"Soaltee Hotel is a luxury hotel in Selfie hill, Kathmandu. Features include Conference Hall, Free WiFi, Family Rooms, Tour Desk. Close to Selfie hill.","{""best_time"": ""All Year"", ""booking_note"": ""Contact hotel for seasonal packages."", ""recommended_for"": [""family-friendly"", ""scenary"", ""offbeat""], ""discounts"": ""Complimentary breakfast for bookings over 3 nights."", ""offers"": ""Best season to book: Spring and Autumn."", ""additional_booking_info"": ""Flexible cancellation up to 24 hours before check-in.""}"
H0030,Syangja Lodge - 30,Syangja,4,Central Syangja,27.69025,85.322778,Homestay,7000-14400 NPR,3.9,680,Free WiFi; Conference Hall; Breakfast Included; Pet Friendly; Free Parking; Airport Shuttle,Malika Dhuri,hills; family-friendly; temple; romantic; hindu; mountains; lakeside,"Syangja Lodge - 30 is a homestay in Central Syangja, Syangja. Features include Free WiFi, Conference Hall, Breakfast Included, Pet Friendly. Close to Malika Dhuri.","{""best_time"": ""Oct-Mar"", ""booking_note"": ""Contact hotel for seasonal packages."", ""recommended_for"": [""hills"", ""family-friendly"", ""temple""], ""discounts"": ""Book 2 nights and get the 3rd free!"", ""offers"": ""Winter offers the best value deals."", ""additional_booking_info"": ""Includes optional guided hiking tours.""}"
H0031,Kavre Grand Hotel,Kavre,3,Banepa ,27.698414,85.276863,Guesthouse,4600-9300 NPR,4.7,1384,Tour Desk; Swimming Pool; Restaurant; Mountain View; Wake-up Service; Free WiFi; Hiking Tours,Banepa ,trekking; culture; historical; heritage; hiking,"Kavre Grand Hotel is a guesthouse in Banepa , Kavre. Features include Tour Desk, Swimming Pool, Restaurant, Mountain View. Close to Banepa .","{""best_time"": ""All Year"", ""booking_note"": ""Contact hotel for seasonal packages."", ""recommended_for"": [""trekking"", ""culture"", ""historical""], ""discounts"": ""Group discounts available for 5+ guests."", ""offers"": ""Advance booking recommended during festival seasons."", ""additional_booking_info"": ""Airport pickup can be arranged on request.""}"
H0032,Palpa Palace - 32,Palpa,5,Central Palpa,27.707635,85.276114,Homestay,7800-10200 NPR,4.7,4646,Pet Friendly; Conference Hall; Guide Services,Mul Dhoka,palace; peaceful; historical; picnic spot; budget; hiking,"Palpa Palace - 32 is a homestay in Central Palpa, Palpa. Features include Pet Friendly, Conference Hall, Guide Services. Close to Mul Dhoka.","{""best_time"": ""All Year"", ""booking_note"": ""Contact hotel for seasonal packages."", ""recommended_for"": [""palace"", ""peaceful"", ""historical""], ""discounts"": ""Seasonal discount available during off-peak months."", ""offers"": ""Best season to book: Spring and Autumn."", ""additional_booking_info"": ""Includes optional guided hiking tours.""}"
H0033,Parbat Grand Hotel,Parbat,4,Central Parbat,27.676332,85.327647,Eco-Lodge,6600-9600 NPR,4.2,4284,Tour Desk; Conference Hall; Bonfire; Hiking Tours; Guide Services,Panchase Panchadham,buddhist; pilgrimage; culture; mountain-view; hindu; trekking-base,"Parbat Grand Hotel is a eco-lodge in Central Parbat, Parbat. Features include Tour Desk, Conference Hall, Bonfire, Hiking Tours. Close to Panchase Panchadham.","{""best_time"": ""Oct-Mar"", ""booking_note"": ""Contact hotel for seasonal packages."", ""recommended_for"": [""buddhist"", ""pilgrimage"", ""culture""], ""discounts"": ""Book 2 nights and get the 3rd free!"", ""offers"": ""Ideal to book during weekdays for better rates."", ""additional_booking_info"": ""Children under 6 stay free with parents.""}"
H0034,Manang Residency - 34,Manang,4,Central Manang,27.715029,85.304191,Luxury Hotel,3600-4500 NPR,4.2,2672,Bonfire; Bar; Pet Friendly; Laundry,Milarepa Cave,buddhist; trekking; hills; cave; mountain-view; local-experience; landmarks; mountains; hiking,"Manang Residency - 34 is a luxury hotel in Central Manang, Manang. Features include Bonfire, Bar, Pet Friendly, Laundry. Close to Milarepa Cave.","{""best_time"": ""Sep-Nov, Mar-May"", ""booking_note"": ""Contact hotel for seasonal packages."", ""recommended_for"": [""buddhist"", ""trekking"", ""hills""], ""discounts"": ""Group discounts available for 5+ guests."", ""offers"": ""Ideal to book during weekdays for better rates."", ""additional_booking_info"": ""Children under 6 stay free with parents.""}"
H0035,Lumbini Grand Hotel,Lumbini,5,Village Homestays,27.663681,83.470986,Hostel,7000-11400 NPR,4.5,4030,Free WiFi; Airport Shuttle; Mountain View; Free Parking; Family Rooms; Conference Hall,Village Homestays,Local cuisine; Photography; peaceful; culture; Cultural experience,"Lumbini Grand Hotel is a hostel in Village Homestays, Lumbini. Features include Free WiFi, Airport Shuttle, Mountain View, Free Parking. Close to Village Homestays.","{""best_time"": ""All Year"", ""booking_note"": ""Contact hotel for seasonal packages."", ""recommended_for"": [""Local cuisine"", ""Photography"", ""peaceful""], ""discounts"": ""Complimentary breakfast for bookings over 3 nights."", ""offers"": ""Best season to book: Spring and Autumn."", ""additional_booking_info"": ""Flexible cancellation up to 24 hours before check-in.""}"
H0036,Bajhang Heritage Hotel,Bajhang,7,Central Bajhang,27.714756,85.289847,Eco-Lodge,3000-8500 NPR,3.9,998,Lake View; Swimming Pool; Conference Hall; Restaurant,"Ramkot Danda,bajhang",near-temple; hill; scenery,"Bajhang Heritage Hotel is a eco-lodge in Central Bajhang, Bajhang. Features include Lake View, Swimming Pool, Conference Hall, Restaurant. Close to Ramkot Danda,bajhang.","{""best_time"": ""Oct-Mar"", ""booking_note"": ""Contact hotel for seasonal packages."", ""recommended_for"": [""near-temple"", ""hill"", ""scenery""], ""discounts"": ""20% discount for direct website bookings."", ""offers"": ""Best season to book: Spring and Autumn."", ""additional_booking_info"": ""Flexible cancellation up to 24 hours before check-in.""}"
H0037,Darchula Hotel,Darchula,7,Central Darchula,27.701478,85.28698,Boutique Hotel,7600-11300 NPR,3.9,2966,Mountain View; Free WiFi; Conference Hall; Spa,Malikarjun temple,family-friendly; hindu; temple; local-experience,"Darchula Hotel is a boutique hotel in Central Darchula, Darchula. Features include Mountain View, Free WiFi, Conference Hall, Spa. Close to Malikarjun temple.","{""best_time"": ""Oct-Mar"", ""booking_note"": ""Contact hotel for seasonal packages."", ""recommended_for"": [""family-friendly"", ""hindu"", ""temple""], ""discounts"": ""20% discount for direct website bookings."", ""offers"": ""Winter offers the best value deals."", ""additional_booking_info"": ""Airport pickup can be arranged on request.""}"
H0038,Lumbini Hotel,Lumbini,5,Tilaurakot (Ancient Shakya Capital),27.701308,83.476053,Resort,5500-10700 NPR,4.2,3618,Restaurant; Breakfast Included; Laundry; Bonfire; Swimming Pool,Tilaurakot (Ancient Shakya Capital),Heritage Walk; History; heritage,"Lumbini Hotel is a resort in Tilaurakot (Ancient Shakya Capital), Lumbini. Features include Restaurant, Breakfast Included, Laundry, Bonfire. Close to Tilaurakot (Ancient Shakya Capital).","{""best_time"": ""Oct–Apr"", ""booking_note"": ""Contact hotel for seasonal packages."", ""recommended_for"": [""Heritage Walk"", ""History"", ""heritage""], ""discounts"": ""10% off on early bird bookings."", ""offers"": ""Best to book at least 2 weeks in advance."", ""additional_booking_info"": ""Airport pickup can be arranged on request.""}"
H0039,Dadeldhura Residency,Dadeldhura,7,Central Dadeldhura,27.679104,85.318669,Homestay,1500-6100 NPR,3.7,3419,Tour Desk; Wake-up Service; Free Parking; Bike Rental; Family Rooms; Hiking Tours; Bonfire,Ninglasaini Bhagwati,wildlife; hindu; temple; culture,"Dadeldhura Residency is a homestay in Central Dadeldhura, Dadeldhura. Features include Tour Desk, Wake-up Service, Free Parking, Bike Rental. Close to Ninglasaini Bhagwati.","{""best_time"": ""Oct-Mar"", ""booking_note"": ""Contact hotel for seasonal packages."", ""recommended_for"": [""wildlife"", ""hindu"", ""temple""], ""discounts"": ""20% discount for direct website bookings."", ""offers"": ""Best to book at least 2 weeks in advance."", ""additional_booking_info"": ""Children under 6 stay free with parents.""}"
H0040,Dolpa Hotel,Dolpa,6,Phoksundo lake,27.727607,85.275954,Guesthouse,5900-9900 NPR,3.9,675,Free Parking; Restaurant; Conference Hall; Airport Shuttle,Phoksundo lake,trekking; hills; scenery; romantic; mountains; hiking; lake,"Dolpa Hotel is a guesthouse in Phoksundo lake, Dolpa. Features include Free Parking, Restaurant, Conference Hall, Airport Shuttle. Close to Phoksundo lake.","{""best_time"": ""May-Oct"", ""booking_note"": ""Contact hotel for seasonal packages."", ""recommended_for"": [""trekking"", ""hills"", ""scenery""], ""discounts"": ""Complimentary breakfast for bookings over 3 nights."", ""offers"": ""Best to book at least 2 weeks in advance."", ""additional_booking_info"": ""Includes optional guided hiking tours.""}"
H0041,Gulmi Resort,Gulmi,5,Central Gulmi,27.671958,85.287286,Homestay,6600-14500 NPR,3.6,1922,Wake-up Service; Room Service; Bar; Guide Services; Swimming Pool,Narayansthan,river; mountain-view; temple; scenery; adventure; lakeside; hill,"Gulmi Resort is a homestay in Central Gulmi, Gulmi. Features include Wake-up Service, Room Service, Bar, Guide Services. Close to Narayansthan.","{""best_time"": ""All Year"", ""booking_note"": ""Contact hotel for seasonal packages."", ""recommended_for"": [""river"", ""mountain-view"", ""temple""], ""discounts"": ""20% discount for direct website bookings."", ""offers"": ""Winter offers the best value deals."", ""additional_booking_info"": ""Children under 6 stay free with parents.""}"
H0042,Rasuwa Guest Lodge - 42,Rasuwa,3,Central Rasuwa,27.705703,85.319454,Homestay,4400-6900 NPR,4.2,2501,Laundry; Bike Rental; Conference Hall; Bonfire; Hiking Tours; Airport Shuttle,Tamang heritage and Langtang Valley,trekking; family-friendly; village; scenary; eco-friendly; trekking-base,"Rasuwa Guest Lodge - 42 is a homestay in Central Rasuwa, Rasuwa. Features include Laundry, Bike Rental, Conference Hall, Bonfire. Close to Tamang heritage and Langtang Valley.","{""best_time"": ""Sep-Nov, Mar-May"", ""booking_note"": ""Contact hotel for seasonal packages."", ""recommended_for"": [""trekking"", ""family-friendly"", ""village""], ""discounts"": ""10% off on early bird bookings."", ""offers"": ""Best season to book: Spring and Autumn."", ""additional_booking_info"": ""Children under 6 stay free with parents.""}"
H0043,Dolpo/Mustang Grand Hotel - 43,Dolpo/Mustang,4,Central Dolpo/Mustang,27.720158,85.304512,Resort,7100-12000 NPR,4.4,1445,Bike Rental; Hiking Tours; Laundry; Restaurant; Guide Services; Bonfire,Upper Dolpo to Mustang trek,trekking; hills; landmarks; mountains; hiking; spiritual,"Dolpo/Mustang Grand Hotel - 43 is a resort in Central Dolpo/Mustang, Dolpo/Mustang. Features include Bike Rental, Hiking Tours, Laundry, Restaurant. Close to Upper Dolpo to Mustang trek.","{""best_time"": ""Sep-Nov"", ""booking_note"": ""Contact hotel for seasonal packages."", ""recommended_for"": [""trekking"", ""hills"", ""landmarks""], ""discounts"": ""Group discounts available for 5+ guests."", ""offers"": ""Best to book at least 2 weeks in advance."", ""additional_booking_info"": ""Flexible cancellation up to 24 hours before check-in.""}"
H0044,Parbat Lodge - 44,Parbat,4,Central Parbat,27.721464,85.289788,Eco-Lodge,3200-10200 NPR,4.7,4516,Hiking Tours; Airport Shuttle; Lake View,Thalthapi Mai Bhagwati Temple,trekking-base; hindu; temple; luxury,"Parbat Lodge - 44 is a eco-lodge in Central Parbat, Parbat. Features include Hiking Tours, Airport Shuttle, Lake View. Close to Thalthapi Mai Bhagwati Temple.","{""best_time"": ""Oct-Mar"", ""booking_note"": ""Contact hotel for seasonal packages."", ""recommended_for"": [""trekking-base"", ""hindu"", ""temple""], ""discounts"": ""Complimentary breakfast for bookings over 3 nights."", ""offers"": ""Ideal to book during weekdays for better rates."", ""additional_booking_info"": ""Complimentary local sightseeing package on request.""}"
H0045,Palpa Heritage Hotel,Palpa,5,Shrinagar Hill,27.722162,85.297719,Resort,2300-11300 NPR,4.0,4093,Breakfast Included; Bar; Laundry; Conference Hall; Spa; Mountain View,Shrinagar Hill,trekking; scenery; hill; hiking; spiritual; luxury,"Palpa Heritage Hotel is a resort in Shrinagar Hill, Palpa. Features include Breakfast Included, Bar, Laundry, Conference Hall. Close to Shrinagar Hill.","{""best_time"": ""Oct-Apr"", ""booking_note"": ""Contact hotel for seasonal packages."", ""recommended_for"": [""trekking"", ""scenery"", ""hill""], ""discounts"": ""Complimentary breakfast for bookings over 3 nights."", ""offers"": ""Winter offers the best value deals."", ""additional_booking_info"": ""Includes optional guided hiking tours.""}"
H0046,"Sunsari, Saptari, Udayapur Palace","Sunsari, Saptari, Udayapur",1,Koshi tappu wildlife reserve,27.67082,85.294479,Guesthouse,7700-10000 NPR,4.2,972,Bonfire; Mountain View; Bike Rental; Laundry,Koshi tappu wildlife reserve,sighting; local-experience; tour; hiking; spiritual; wildlife; boat ride,"Sunsari, Saptari, Udayapur Palace is a guesthouse in Koshi tappu wildlife reserve, Sunsari, Saptari, Udayapur. Features include Bonfire, Mountain View, Bike Rental, Laundry. Close to Koshi tappu wildlife reserve.","{""best_time"": ""Nov–Feb"", ""booking_note"": ""Contact hotel for seasonal packages."", ""recommended_for"": [""sighting"", ""local-experience"", ""tour""], ""discounts"": ""10% off on early bird bookings."", ""offers"": ""Ideal to book during weekdays for better rates."", ""additional_booking_info"": ""Includes optional guided hiking tours.""}"
H0047,Manang Resort,Manang,4,Tilicho Lake,27.725312,85.300494,Budget Hotel,7900-9500 NPR,3.9,3409,Bike Rental; Laundry; Free WiFi; Mountain View; Conference Hall,Tilicho Lake,trekking; hills; culture; adventure; mountains; hiking; spiritual; lake,"Manang Resort is a budget hotel in Tilicho Lake, Manang. Features include Bike Rental, Laundry, Free WiFi, Mountain View. Close to Tilicho Lake.","{""best_time"": ""Sep-Nov, Mar-May"", ""booking_note"": ""Contact hotel for seasonal packages."", ""recommended_for"": [""trekking"", ""hills"", ""culture""], ""discounts"": ""10% off on early bird bookings."", ""offers"": ""Advance booking recommended during festival seasons."", ""additional_booking_info"": ""Includes optional guided hiking tours.""}"
H0048,Humla Heritage Hotel,Humla,6,Tso Lamgyok,27.715772,85.292633,Lodge,7900-11500 NPR,5.0,1966,Family Rooms; Free Parking; Guide Services; Breakfast Included; Lake View; Bonfire; Pet Friendly,Tso Lamgyok,trekking; hills; heritage; adventure; mountains; natural beauty; lake,"Humla Heritage Hotel is a lodge in Tso Lamgyok, Humla. Features include Family Rooms, Free Parking, Guide Services, Breakfast Included. Close to Tso Lamgyok.","{""best_time"": ""May-Oct"", ""booking_note"": ""Contact hotel for seasonal packages."", ""recommended_for"": [""trekking"", ""hills"", ""heritage""], ""discounts"": ""Complimentary breakfast for bookings over 3 nights."", ""offers"": ""Best season to book: Spring and Autumn."", ""additional_booking_info"": ""Airport pickup can be arranged on request.""}"
H0049,Kanchanpur Grand Hotel - 49,Kanchanpur,7,Central Kanchanpur,27.68992,85.276022,Eco-Lodge,1600-9600 NPR,3.5,1190,Wake-up Service; Spa; Airport Shuttle; Bonfire; Laundry; Lake View,Jhilmila lake,trekking-base; lake; budget; heritage,"Kanchanpur Grand Hotel - 49 is a eco-lodge in Central Kanchanpur, Kanchanpur. Features include Wake-up Service, Spa, Airport Shuttle, Bonfire. Close to Jhilmila lake.","{""best_time"": ""Oct-Apr"", ""booking_note"": ""Contact hotel for seasonal packages."", ""recommended_for"": [""trekking-base"", ""lake"", ""budget""], ""discounts"": ""Book 2 nights and get the 3rd free!"", ""offers"": ""Ideal to book during weekdays for better rates."", ""additional_booking_info"": ""Children under 6 stay free with parents.""}"
H0050,Annapurna Base Camp Lodge,Pokhara,4,Central Pokhara,28.232846,83.984877,Hostel,1100-2700 NPR,3.9,2364,Airport Shuttle; Guide Services; Swimming Pool; Room Service,Khare,wildlife; offbeat; Trekking; Scenic views,"Annapurna Base Camp Lodge is a hostel in Central Pokhara, Pokhara. Features include Airport Shuttle, Guide Services, Swimming Pool, Room Service. Close to Khare.","{""best_time"": ""Oct–Nov, Mar–May"", ""booking_note"": ""Contact hotel for seasonal packages."", ""recommended_for"": [""wildlife"", ""offbeat"", ""Trekking""], ""discounts"": ""Book 2 nights and get the 3rd free!"", ""offers"": ""Advance booking recommended during festival seasons."", ""additional_booking_info"": ""Flexible cancellation up to 24 hours before check-in.""}"
H0051,"Sunsari, Saptari, Udayapur Grand Hotel - 51","Sunsari, Saptari, Udayapur",1,Koshi tappu wildlife reserve,27.691508,85.295841,Guesthouse,5200-12400 NPR,4.3,1485,Restaurant; Airport Shuttle; Family Rooms; Free Parking,Koshi tappu wildlife reserve,culture; sighting; adventure; tour; hiking; wildlife; boat ride,"Sunsari, Saptari, Udayapur Grand Hotel - 51 is a guesthouse in Koshi tappu wildlife reserve, Sunsari, Saptari, Udayapur. Features include Restaurant, Airport Shuttle, Family Rooms, Free Parking. Close to Koshi tappu wildlife reserve.","{""best_time"": ""Nov–Feb"", ""booking_note"": ""Contact hotel for seasonal packages."", ""recommended_for"": [""culture"", ""sighting"", ""adventure""], ""discounts"": ""Book 2 nights and get the 3rd free!"", ""offers"": ""Best season to book: Spring and Autumn."", ""additional_booking_info"": ""Complimentary local sightseeing package on request.""}"
H0052,Sindhupalchowk Resort,Sindhupalchowk,3,Central Sindhupalchowk,27.71001,85.323935,Eco-Lodge,3200-6200 NPR,3.6,2840,Mountain View; Guide Services; Laundry; Hiking Tours; Wake-up Service; Bar; Bonfire,"Tatopani, Sindhupalchowk",rafting; river; pond; border; lakeside; luxury,"Sindhupalchowk Resort is a eco-lodge in Central Sindhupalchowk, Sindhupalchowk. Features include Mountain View, Guide Services, Laundry, Hiking Tours. Close to Tatopani, Sindhupalchowk.","{""best_time"": ""All Year"", ""booking_note"": ""Contact hotel for seasonal packages."", ""recommended_for"": [""rafting"", ""river"", ""pond""], ""discounts"": ""10% off on early bird bookings."", ""offers"": ""Best season to book: Spring and Autumn."", ""additional_booking_info"": ""Airport pickup can be arranged on request.""}"
H0053,Gulmi Inn,Gulmi,5,Central Gulmi,27.687714,85.328677,Luxury Hotel,3000-3700 NPR,4.3,411,Bonfire; Mountain View; Free Parking; Pet Friendly; Room Service; Bar; Tour Desk,Marbhung,river; temple; adventure; hill; luxury,"Gulmi Inn is a luxury hotel in Central Gulmi, Gulmi. Features include Bonfire, Mountain View, Free Parking, Pet Friendly. Close to Marbhung.","{""best_time"": ""All Year"", ""booking_note"": ""Contact hotel for seasonal packages."", ""recommended_for"": [""river"", ""temple"", ""adventure""], ""discounts"": ""10% off on early bird bookings."", ""offers"": ""Best to book at least 2 weeks in advance."", ""additional_booking_info"": ""Complimentary local sightseeing package on request.""}"
H0054,Sunsari Hotel,Sunsari,1,Itahari,27.691892,85.277885,Homestay,3500-10800 NPR,3.8,1092,Pet Friendly; Bike Rental; Tour Desk; Laundry; Restaurant; Conference Hall; Hiking Tours,Itahari,Terai; Tour; Trekking; Parks; trekking-base; wildlife,"Sunsari Hotel is a homestay in Itahari, Sunsari. Features include Pet Friendly, Bike Rental, Tour Desk, Laundry. Close to Itahari.","{""best_time"": ""Oct-Apr"", ""booking_note"": ""Contact hotel for seasonal packages."", ""recommended_for"": [""Terai"", ""Tour"", ""Trekking""], ""discounts"": ""Book 2 nights and get the 3rd free!"", ""offers"": ""Winter offers the best value deals."", ""additional_booking_info"": ""Children under 6 stay free with parents.""}"
H0055,Parsa Resort,Parsa,2,Ghadiarwa Pokhari – Birgunj,27.72799,85.321608,Luxury Hotel,7700-14200 NPR,3.6,3242,Laundry; Conference Hall; Swimming Pool,Ghadiarwa Pokhari – Birgunj,peaceful; mountain-view; temple; hindu; pond,"Parsa Resort is a luxury hotel in Ghadiarwa Pokhari – Birgunj, Parsa. Features include Laundry, Conference Hall, Swimming Pool. Close to Ghadiarwa Pokhari – Birgunj.","{""best_time"": ""Oct-Mar"", ""booking_note"": ""Contact hotel for seasonal packages."", ""recommended_for"": [""peaceful"", ""mountain-view"", ""temple""], ""discounts"": ""Book 2 nights and get the 3rd free!"", ""offers"": ""Advance booking recommended during festival seasons."", ""additional_booking_info"": ""Complimentary local sightseeing package on request.""}"
H0056,Mahottari Lodge,Mahottari,2,Central Mahottari,27.676501,85.284029,Resort,5900-11700 NPR,4.9,1823,Wake-up Service; Hiking Tours; Mountain View,Jaleshwor Mini Waterfall,eco-friendly; photography; Local exploration; adventure; luxury,"Mahottari Lodge is a resort in Central Mahottari, Mahottari. Features include Wake-up Service, Hiking Tours, Mountain View. Close to Jaleshwor Mini Waterfall.","{""best_time"": ""July–Sept"", ""booking_note"": ""Contact hotel for seasonal packages."", ""recommended_for"": [""eco-friendly"", ""photography"", ""Local exploration""], ""discounts"": ""Group discounts available for 5+ guests."", ""offers"": ""Best season to book: Spring and Autumn."", ""additional_booking_info"": ""Complimentary local sightseeing package on request.""}"
H0057,Sankhuwasabha Grand Hotel - 57,Sankhuwasabha,1,Central Sankhuwasabha,27.675832,85.323236,Budget Hotel,4000-11900 NPR,4.1,4435,Room Service; Spa; Guide Services; Swimming Pool; Bonfire; Wake-up Service,Gairi pangma,Landmarks; peaceful; Tour; family-friendly; Hiking,"Sankhuwasabha Grand Hotel - 57 is a budget hotel in Central Sankhuwasabha, Sankhuwasabha. Features include Room Service, Spa, Guide Services, Swimming Pool. Close to Gairi pangma.","{""best_time"": ""Oct-Apr"", ""booking_note"": ""Contact hotel for seasonal packages."", ""recommended_for"": [""Landmarks"", ""peaceful"", ""Tour""], ""discounts"": ""Group discounts available for 5+ guests."", ""offers"": ""Best season to book: Spring and Autumn."", ""additional_booking_info"": ""Complimentary local sightseeing package on request.""}"
H0058,Hotel Barahi (Kathmandu),Kathmandu,3,Sundarijal,27.708961,85.352856,Lodge,5300-11600 NPR,3.6,2270,Swimming Pool; Hiking Tours; Airport Shuttle; Bar,Sundarijal,Picnic spot; family-friendly; waterfall; local-experience; romantic; hiking,"Hotel Barahi (Kathmandu) is a lodge in Sundarijal, Kathmandu. Features include Swimming Pool, Hiking Tours, Airport Shuttle, Bar. Close to Sundarijal.","{""best_time"": ""All Year"", ""booking_note"": ""Contact hotel for seasonal packages."", ""recommended_for"": [""Picnic spot"", ""family-friendly"", ""waterfall""], ""discounts"": ""Group discounts available for 5+ guests."", ""offers"": ""Best season to book: Spring and Autumn."", ""additional_booking_info"": ""Airport pickup can be arranged on request.""}"
H0059,Parbat Palace,Parbat,4,Central Parbat,27.682312,85.319789,Hostel,2500-6500 NPR,4.7,1918,Spa; Tour Desk; Free WiFi; Laundry; Wake-up Service,Mahabhir Waterfall Rappelling/ Canyoning,canyoning; rappelling; birdwatching; waterfall; adventure,"Parbat Palace is a hostel in Central Parbat, Parbat. Features include Spa, Tour Desk, Free WiFi, Laundry. Close to Mahabhir Waterfall Rappelling/ Canyoning.","{""best_time"": ""Oct-Mar"", ""booking_note"": ""Contact hotel for seasonal packages."", ""recommended_for"": [""canyoning"", ""rappelling"", ""birdwatching""], ""discounts"": ""Group discounts available for 5+ guests."", ""offers"": ""Best season to book: Spring and Autumn."", ""additional_booking_info"": ""Complimentary local sightseeing package on request.""}"
H0060,Dolpo/Mustang Plaza - 60,Dolpo/Mustang,4,Central Dolpo/Mustang,27.677908,85.291495,Guesthouse,5600-11400 NPR,3.5,2183,Spa; Guide Services; Bike Rental,Upper Dolpo to Mustang trek,trekking; hills; budget; landmarks; mountains; hiking,"Dolpo/Mustang Plaza - 60 is a guesthouse in Central Dolpo/Mustang, Dolpo/Mustang. Features include Spa, Guide Services, Bike Rental. Close to Upper Dolpo to Mustang trek.","{""best_time"": ""Sep-Nov"", ""booking_note"": ""Contact hotel for seasonal packages."", ""recommended_for"": [""trekking"", ""hills"", ""budget""], ""discounts"": ""20% discount for direct website bookings."", ""offers"": ""Best season to book: Spring and Autumn."", ""additional_booking_info"": ""Complimentary local sightseeing package on request.""}"
H0061,Bajhang Resort,Bajhang,7,Central Bajhang,27.676543,85.30023,Cottage,1200-6600 NPR,4.2,265,Bonfire; Family Rooms; Guide Services,Budinanda region,pilgrimage; trekking; wellness; hindu; spiritual; lake; luxury,"Bajhang Resort is a cottage in Central Bajhang, Bajhang. Features include Bonfire, Family Rooms, Guide Services. Close to Budinanda region.","{""best_time"": ""Oct-Mar"", ""booking_note"": ""Contact hotel for seasonal packages."", ""recommended_for"": [""pilgrimage"", ""trekking"", ""wellness""], ""discounts"": ""Complimentary breakfast for bookings over 3 nights."", ""offers"": ""Advance booking recommended during festival seasons."", ""additional_booking_info"": ""Children under 6 stay free with parents.""}"
H0062,Terhathum Residency - 62,Terhathum,1,Hyatrung waterfall,27.677571,85.307459,Cottage,5300-11100 NPR,4.1,4903,Mountain View; Hiking Tours; Bike Rental; Guide Services; Swimming Pool; Room Service; Conference Hall,Hyatrung waterfall,near-temple; river; birdwatching; waterfall; eco-friendly,"Terhathum Residency - 62 is a cottage in Hyatrung waterfall, Terhathum. Features include Mountain View, Hiking Tours, Bike Rental, Guide Services. Close to Hyatrung waterfall.","{""best_time"": ""Oct-Apr"", ""booking_note"": ""Contact hotel for seasonal packages."", ""recommended_for"": [""near-temple"", ""river"", ""birdwatching""], ""discounts"": ""Seasonal discount available during off-peak months."", ""offers"": ""Best season to book: Spring and Autumn."", ""additional_booking_info"": ""Complimentary local sightseeing package on request.""}"
H0063,Kalikot Palace,Kalikot,6,Central Kalikot,27.693924,85.313777,Lodge,4300-9900 NPR,4.5,3076,Bonfire; Airport Shuttle; Tour Desk; Room Service,Kalikot ,rafting; rivers; hills; village; fishing; eco-friendly; mountains; swimming,"Kalikot Palace is a lodge in Central Kalikot, Kalikot. Features include Bonfire, Airport Shuttle, Tour Desk, Room Service. Close to Kalikot .","{""best_time"": ""Oct-Apr"", ""booking_note"": ""Contact hotel for seasonal packages."", ""recommended_for"": [""rafting"", ""rivers"", ""hills""], ""discounts"": ""10% off on early bird bookings."", ""offers"": ""Ideal to book during weekdays for better rates."", ""additional_booking_info"": ""Children under 6 stay free with parents.""}"
H0064,Saptari Inn,Saptari,2,Central Saptari,27.705188,85.303695,Lodge,6300-8800 NPR,4.1,3474,Mountain View; Tour Desk; Wake-up Service,Khodardevi Cave,luxury; landmarks; culture; cave,"Saptari Inn is a lodge in Central Saptari, Saptari. Features include Mountain View, Tour Desk, Wake-up Service. Close to Khodardevi Cave.","{""best_time"": ""Oct-Mar"", ""booking_note"": ""Contact hotel for seasonal packages."", ""recommended_for"": [""luxury"", ""landmarks"", ""culture""], ""discounts"": ""10% off on early bird bookings."", ""offers"": ""Winter offers the best value deals."", ""additional_booking_info"": ""Includes optional guided hiking tours.""}"
H0065,Jungle Safari Lodge - 65,Chitwan,3,Central Chitwan,27.554836,84.346007,Hostel,3800-6200 NPR,4.6,4713,Guide Services; Conference Hall; Tour Desk; Free WiFi,Tharu Cultural Program,Local cuisine; mountain-view; Cultural dance; romantic; offbeat,"Jungle Safari Lodge - 65 is a hostel in Central Chitwan, Chitwan. Features include Guide Services, Conference Hall, Tour Desk, Free WiFi. Close to Tharu Cultural Program.","{""best_time"": ""All Year"", ""booking_note"": ""Contact hotel for seasonal packages."", ""recommended_for"": [""Local cuisine"", ""mountain-view"", ""Cultural dance""], ""discounts"": ""20% discount for direct website bookings."", ""offers"": ""Advance booking recommended during festival seasons."", ""additional_booking_info"": ""Children under 6 stay free with parents.""}"
H0066,Hotel Middle Path & Spa,Pokhara,4,Shree Bindhyabasini Temple,28.190484,83.964195,Luxury Hotel,1400-4200 NPR,4.6,261,Bike Rental; Bar; Family Rooms,Shree Bindhyabasini Temple,trekking-base; hindu; wellness; temple,"Hotel Middle Path & Spa is a luxury hotel in Shree Bindhyabasini Temple, Pokhara. Features include Bike Rental, Bar, Family Rooms. Close to Shree Bindhyabasini Temple.","{""best_time"": ""Oct-Apr"", ""booking_note"": ""Contact hotel for seasonal packages."", ""recommended_for"": [""trekking-base"", ""hindu"", ""wellness""], ""discounts"": ""Seasonal discount available during off-peak months."", ""offers"": ""Advance booking recommended during festival seasons."", ""additional_booking_info"": ""Complimentary local sightseeing package on request.""}"
H0067,Hotel Malla - 67,Kathmandu,3,Asan Tole,27.743684,85.329773,Resort,2100-5200 NPR,4.6,417,Laundry; Hiking Tours; Guide Services,Asan Tole,wellness; temple; local-experience; hindu; sculpture; cultural,"Hotel Malla - 67 is a resort in Asan Tole, Kathmandu. Features include Laundry, Hiking Tours, Guide Services. Close to Asan Tole.","{""best_time"": ""All Year"", ""booking_note"": ""Contact hotel for seasonal packages."", ""recommended_for"": [""wellness"", ""temple"", ""local-experience""], ""discounts"": ""10% off on early bird bookings."", ""offers"": ""Best to book at least 2 weeks in advance."", ""additional_booking_info"": ""Airport pickup can be arranged on request.""}"
H0068,Kapilvastu Hotel - 68,Kapilvastu,5,Central Kapilvastu,27.69071,85.276653,Cottage,4800-10300 NPR,3.6,3247,Breakfast Included; Free WiFi; Bar; Mountain View; Room Service; Spa; Family Rooms,Araurakot,religious; historical; temple; trekking-base; wildlife; cultural,"Kapilvastu Hotel - 68 is a cottage in Central Kapilvastu, Kapilvastu. Features include Breakfast Included, Free WiFi, Bar, Mountain View. Close to Araurakot.","{""best_time"": ""All Year"", ""booking_note"": ""Contact hotel for seasonal packages."", ""recommended_for"": [""religious"", ""historical"", ""temple""], ""discounts"": ""Complimentary breakfast for bookings over 3 nights."", ""offers"": ""Best to book at least 2 weeks in advance."", ""additional_booking_info"": ""Children under 6 stay free with parents.""}"
H0069,Hotel Yak & Yeti,Kathmandu,3,Central Kathmandu,27.694951,85.325955,Guesthouse,4900-11200 NPR,3.6,356,Free WiFi; Hiking Tours; Airport Shuttle; Lake View; Guide Services; Family Rooms,Hanumandhoka palace,historical; eco-friendly; sightseeing; wildlife; Temple; luxury,"Hotel Yak & Yeti is a guesthouse in Central Kathmandu, Kathmandu. Features include Free WiFi, Hiking Tours, Airport Shuttle, Lake View. Close to Hanumandhoka palace.","{""best_time"": ""All Year"", ""booking_note"": ""Contact hotel for seasonal packages."", ""recommended_for"": [""historical"", ""eco-friendly"", ""sightseeing""], ""discounts"": ""Seasonal discount available during off-peak months."", ""offers"": ""Best to book at least 2 weeks in advance."", ""additional_booking_info"": ""Children under 6 stay free with parents.""}"
H0070,Rupandehi Grand Hotel,Rupandehi,5,Sainamaina,27.726857,85.297606,Lodge,1500-9200 NPR,4.8,2003,Room Service; Family Rooms; Bike Rental; Airport Shuttle; Tour Desk; Mountain View,Sainamaina,local-experience; scenery; trekking-base; tour; lakeside,"Rupandehi Grand Hotel is a lodge in Sainamaina, Rupandehi. Features include Room Service, Family Rooms, Bike Rental, Airport Shuttle. Close to Sainamaina.","{""best_time"": ""All Year"", ""booking_note"": ""Contact hotel for seasonal packages."", ""recommended_for"": [""local-experience"", ""scenery"", ""trekking-base""], ""discounts"": ""20% discount for direct website bookings."", ""offers"": ""Winter offers the best value deals."", ""additional_booking_info"": ""Airport pickup can be arranged on request.""}"
H0071,Dwarika's Hotel,Kathmandu,3,Shivapuri Nagarjun National Park,27.717797,85.348355,Lodge,3700-6600 NPR,3.9,1209,Bar; Restaurant; Spa; Airport Shuttle; Tour Desk,Shivapuri Nagarjun National Park,trekking; wellness; hills; culture; waterfall; hiking; spiritual; wildlife,"Dwarika's Hotel is a lodge in Shivapuri Nagarjun National Park, Kathmandu. Features include Bar, Restaurant, Spa, Airport Shuttle. Close to Shivapuri Nagarjun National Park.","{""best_time"": ""All Year"", ""booking_note"": ""Contact hotel for seasonal packages."", ""recommended_for"": [""trekking"", ""wellness"", ""hills""], ""discounts"": ""Group discounts available for 5+ guests."", ""offers"": ""Best season to book: Spring and Autumn."", ""additional_booking_info"": ""Airport pickup can be arranged on request.""}"
H0072,Sankhuwasabha Inn,Sankhuwasabha,1,Central Sankhuwasabha,27.679057,85.274097,Eco-Lodge,6000-11400 NPR,4.7,4854,Pet Friendly; Bike Rental; Airport Shuttle,Sabha Pokhari,wellness; Camping by the lake; local-experience; fishing (seasonal); short treks around forests; photography of alpine lake; join local Kirati rituals during Janai Purnima,"Sankhuwasabha Inn is a eco-lodge in Central Sankhuwasabha, Sankhuwasabha. Features include Pet Friendly, Bike Rental, Airport Shuttle. Close to Sabha Pokhari.","{""best_time"": ""Sept–Nov"", ""booking_note"": ""Contact hotel for seasonal packages."", ""recommended_for"": [""wellness"", ""Camping by the lake"", ""local-experience""], ""discounts"": ""20% discount for direct website bookings."", ""offers"": ""Ideal to book during weekdays for better rates."", ""additional_booking_info"": ""Includes optional guided hiking tours.""}"
H0073,Khotang Grand Hotel - 73,Khotang,1,Haleshi-maratika cave,27.70868,85.328642,Boutique Hotel,5800-14600 NPR,4.1,4764,Breakfast Included; Hiking Tours; Room Service; Bar; Lake View; Bonfire; Laundry,Haleshi-maratika cave,Landmarks; Religious; Tour; family-friendly; Hiking,"Khotang Grand Hotel - 73 is a boutique hotel in Haleshi-maratika cave, Khotang. Features include Breakfast Included, Hiking Tours, Room Service, Bar. Close to Haleshi-maratika cave.","{""best_time"": ""Oct-Apr"", ""booking_note"": ""Contact hotel for seasonal packages."", ""recommended_for"": [""Landmarks"", ""Religious"", ""Tour""], ""discounts"": ""20% discount for direct website bookings."", ""offers"": ""Advance booking recommended during festival seasons."", ""additional_booking_info"": ""Complimentary local sightseeing package on request.""}"
H0074,Jumla Residency,Jumla,6,Central Jumla,27.728943,85.27506,Budget Hotel,1100-5700 NPR,4.6,3609,Bike Rental; Tour Desk; Restaurant; Pet Friendly; Conference Hall; Mountain View; Bar,"Tatopani, Jumla ",family-friendly; trekking-base; pond,"Jumla Residency is a budget hotel in Central Jumla, Jumla. Features include Bike Rental, Tour Desk, Restaurant, Pet Friendly. Close to Tatopani, Jumla .","{""best_time"": ""All Year"", ""booking_note"": ""Contact hotel for seasonal packages."", ""recommended_for"": [""family-friendly"", ""trekking-base"", ""pond""], ""discounts"": ""Seasonal discount available during off-peak months."", ""offers"": ""Ideal to book during weekdays for better rates."", ""additional_booking_info"": ""Flexible cancellation up to 24 hours before check-in.""}"
H0075,Parbat Residency - 75,Parbat,4,Central Parbat,27.693194,85.28512,Cottage,8000-10900 NPR,4.0,4783,Pet Friendly; Mountain View; Family Rooms; Spa,"Bungee Jump, Sky Cycling And Adventure Swing in Parbat",hills; bungee; birdwatching; budget; cycling; adventure; wildlife,"Parbat Residency - 75 is a cottage in Central Parbat, Parbat. Features include Pet Friendly, Mountain View, Family Rooms, Spa. Close to Bungee Jump, Sky Cycling And Adventure Swing in Parbat.","{""best_time"": ""Oct-Mar"", ""booking_note"": ""Contact hotel for seasonal packages."", ""recommended_for"": [""hills"", ""bungee"", ""birdwatching""], ""discounts"": ""Seasonal discount available during off-peak months."", ""offers"": ""Winter offers the best value deals."", ""additional_booking_info"": ""Complimentary local sightseeing package on request.""}"
H0076,Rolpa Inn,Rolpa,5,Central Rolpa,27.719738,85.314326,Hostel,1600-9000 NPR,4.3,159,Mountain View; Restaurant; Bar; Lake View; Bonfire,Bibang Daha,hiking; scenary; hill; lakeside,"Rolpa Inn is a hostel in Central Rolpa, Rolpa. Features include Mountain View, Restaurant, Bar, Lake View. Close to Bibang Daha.","{""best_time"": ""Mar–May, Sep–Nov"", ""booking_note"": ""Contact hotel for seasonal packages."", ""recommended_for"": [""hiking"", ""scenary"", ""hill""], ""discounts"": ""20% discount for direct website bookings."", ""offers"": ""Best season to book: Spring and Autumn."", ""additional_booking_info"": ""Flexible cancellation up to 24 hours before check-in.""}"
H0077,Dolakha Plaza - 77,Dolakha,3,Central Dolakha,27.676068,85.316252,Hostel,1100-7100 NPR,4.8,1083,Family Rooms; Spa; Restaurant; Room Service; Conference Hall; Hiking Tours; Free WiFi,Tsho Rolpa,peaceful; trekking; pond; lakeside; lake,"Dolakha Plaza - 77 is a hostel in Central Dolakha, Dolakha. Features include Family Rooms, Spa, Restaurant, Room Service. Close to Tsho Rolpa.","{""best_time"": ""Apr-May, Sep-Nov"", ""booking_note"": ""Contact hotel for seasonal packages."", ""recommended_for"": [""peaceful"", ""trekking"", ""pond""], ""discounts"": ""20% discount for direct website bookings."", ""offers"": ""Best to book at least 2 weeks in advance."", ""additional_booking_info"": ""Flexible cancellation up to 24 hours before check-in.""}"
H0078,Mugu Hotel,Mugu,6,Central Mugu,27.68404,85.28435,Eco-Lodge,7600-11300 NPR,4.1,4682,Hiking Tours; Mountain View; Family Rooms; Bike Rental; Conference Hall; Guide Services,Tihar Gumba,near-temple; buddhist; gumba; monastery,"Mugu Hotel is a eco-lodge in Central Mugu, Mugu. Features include Hiking Tours, Mountain View, Family Rooms, Bike Rental. Close to Tihar Gumba.","{""best_time"": ""Oct-Apr"", ""booking_note"": ""Contact hotel for seasonal packages."", ""recommended_for"": [""near-temple"", ""buddhist"", ""gumba""], ""discounts"": ""10% off on early bird bookings."", ""offers"": ""Ideal to book during weekdays for better rates."", ""additional_booking_info"": ""Airport pickup can be arranged on request.""}"
H0079,Ramechaap/Dolakha Hotel - 79,Ramechaap/Dolakha,3,Central Ramechaap/Dolakha,27.692273,85.326058,Hostel,7800-10300 NPR,3.9,1323,Hiking Tours; Bike Rental; Spa; Guide Services; Airport Shuttle,Tasi Gumba,buddhist; hindu; wellness; monastery,"Ramechaap/Dolakha Hotel - 79 is a hostel in Central Ramechaap/Dolakha, Ramechaap/Dolakha. Features include Hiking Tours, Bike Rental, Spa, Guide Services. Close to Tasi Gumba.","{""best_time"": ""All Year"", ""booking_note"": ""Contact hotel for seasonal packages."", ""recommended_for"": [""buddhist"", ""hindu"", ""wellness""], ""discounts"": ""20% discount for direct website bookings."", ""offers"": ""Winter offers the best value deals."", ""additional_booking_info"": ""Airport pickup can be arranged on request.""}"
H0080,Parbat Grand Hotel,Parbat,4,Devisthan Temple,27.692438,85.29317,Boutique Hotel,3900-8000 NPR,3.5,821,Spa; Wake-up Service; Breakfast Included; Mountain View; Bonfire,Devisthan Temple,wellness; temple; hindu; adventure; spiritual,"Parbat Grand Hotel is a boutique hotel in Devisthan Temple, Parbat. Features include Spa, Wake-up Service, Breakfast Included, Mountain View. Close to Devisthan Temple.","{""best_time"": ""Oct-Mar"", ""booking_note"": ""Contact hotel for seasonal packages."", ""recommended_for"": [""wellness"", ""temple"", ""hindu""], ""discounts"": ""10% off on early bird bookings."", ""offers"": ""Best season to book: Spring and Autumn."", ""additional_booking_info"": ""Children under 6 stay free with parents.""}"
H0081,Jhapa Residency - 81,Jhapa,1,Jamunkhadi Wetland,27.678971,85.326414,Cottage,5100-12600 NPR,3.7,2370,Mountain View; Swimming Pool; Breakfast Included; Free Parking,Jamunkhadi Wetland,wetland; wellness; local-experience; picnic; pond; wildlife; boat ride,"Jhapa Residency - 81 is a cottage in Jamunkhadi Wetland, Jhapa. Features include Mountain View, Swimming Pool, Breakfast Included, Free Parking. Close to Jamunkhadi Wetland.","{""best_time"": ""Nov-Feb"", ""booking_note"": ""Contact hotel for seasonal packages."", ""recommended_for"": [""wetland"", ""wellness"", ""local-experience""], ""discounts"": ""10% off on early bird bookings."", ""offers"": ""Best to book at least 2 weeks in advance."", ""additional_booking_info"": ""Complimentary local sightseeing package on request.""}"
H0082,Taplejung Residency,Taplejung,1,Central Taplejung,27.702163,85.307917,Cottage,2800-5600 NPR,3.9,22,Pet Friendly; Free Parking; Room Service; Guide Services; Restaurant; Airport Shuttle; Laundry,Thechambu,Tour; Landmarks; hiking; budget,"Taplejung Residency is a cottage in Central Taplejung, Taplejung. Features include Pet Friendly, Free Parking, Room Service, Guide Services. Close to Thechambu.","{""best_time"": ""Oct-Apr"", ""booking_note"": ""Contact hotel for seasonal packages."", ""recommended_for"": [""Tour"", ""Landmarks"", ""hiking""], ""discounts"": ""Book 2 nights and get the 3rd free!"", ""offers"": ""Advance booking recommended during festival seasons."", ""additional_booking_info"": ""Complimentary local sightseeing package on request.""}"
H0083,Hotel Barahi Pokhara,Pokhara,4,Central Pokhara,28.21774,84.014462,Homestay,6900-7700 NPR,4.0,563,Free Parking; Swimming Pool; Room Service; Lake View; Spa,"Cave Exploration (Mahendra Cave, Bat Cave)",Cave Visit; Photography; peaceful,"Hotel Barahi Pokhara is a homestay in Central Pokhara, Pokhara. Features include Free Parking, Swimming Pool, Room Service, Lake View. Close to Cave Exploration (Mahendra Cave, Bat Cave).","{""best_time"": ""All Year"", ""booking_note"": ""Contact hotel for seasonal packages."", ""recommended_for"": [""Cave Visit"", ""Photography"", ""peaceful""], ""discounts"": ""10% off on early bird bookings."", ""offers"": ""Best to book at least 2 weeks in advance."", ""additional_booking_info"": ""Includes optional guided hiking tours.""}"
H0084,Fishtail Lodge (Pokhara),Pokhara,4,Bungee Jumping,28.226349,83.983477,Eco-Lodge,6000-9500 NPR,4.7,526,Breakfast Included; Mountain View; Bar; Wake-up Service; Room Service; Conference Hall,Bungee Jumping,Photography; Bungee Jump; Adventure; hiking; wildlife,"Fishtail Lodge (Pokhara) is a eco-lodge in Bungee Jumping, Pokhara. Features include Breakfast Included, Mountain View, Bar, Wake-up Service. Close to Bungee Jumping.","{""best_time"": ""Oct–Nov, Mar–May"", ""booking_note"": ""Contact hotel for seasonal packages."", ""recommended_for"": [""Photography"", ""Bungee Jump"", ""Adventure""], ""discounts"": ""Book 2 nights and get the 3rd free!"", ""offers"": ""Ideal to book during weekdays for better rates."", ""additional_booking_info"": ""Includes optional guided hiking tours.""}"
H0085,Gulmi Heritage Hotel,Gulmi,5,Ramdi,27.708814,85.287167,Resort,7900-13800 NPR,3.9,3024,Family Rooms; Hiking Tours; Wake-up Service; Lake View; Restaurant; Bonfire,Ramdi,religious; peaceful; scenery; hiking; cultural; spiritual,"Gulmi Heritage Hotel is a resort in Ramdi, Gulmi. Features include Family Rooms, Hiking Tours, Wake-up Service, Lake View. Close to Ramdi.","{""best_time"": ""All Year"", ""booking_note"": ""Contact hotel for seasonal packages."", ""recommended_for"": [""religious"", ""peaceful"", ""scenery""], ""discounts"": ""10% off on early bird bookings."", ""offers"": ""Best season to book: Spring and Autumn."", ""additional_booking_info"": ""Airport pickup can be arranged on request.""}"
H0086,Myagdi Residency,Myagdi,4,Beni Bazaar,27.706147,85.31934,Hostel,3200-9000 NPR,3.7,2696,Mountain View; Hiking Tours; Guide Services; Restaurant; Tour Desk,Beni Bazaar,wellness; hills; family-friendly; river; landmarks; city,"Myagdi Residency is a hostel in Beni Bazaar, Myagdi. Features include Mountain View, Hiking Tours, Guide Services, Restaurant. Close to Beni Bazaar.","{""best_time"": ""Oct-Mar"", ""booking_note"": ""Contact hotel for seasonal packages."", ""recommended_for"": [""wellness"", ""hills"", ""family-friendly""], ""discounts"": ""Complimentary breakfast for bookings over 3 nights."", ""offers"": ""Best to book at least 2 weeks in advance."", ""additional_booking_info"": ""Includes optional guided hiking tours.""}"
H0087,Parbat Lodge - 87,Parbat,4,Central Parbat,27.726874,85.274502,Luxury Hotel,3800-12700 NPR,4.7,1320,Spa; Tour Desk; Hiking Tours,Ghumte ko Lek (Dhuri),adventure; hill,"Parbat Lodge - 87 is a luxury hotel in Central Parbat, Parbat. Features include Spa, Tour Desk, Hiking Tours. Close to Ghumte ko Lek (Dhuri).","{""best_time"": ""Oct-Mar"", ""booking_note"": ""Contact hotel for seasonal packages."", ""recommended_for"": [""adventure"", ""hill""], ""discounts"": ""20% discount for direct website bookings."", ""offers"": ""Best to book at least 2 weeks in advance."", ""additional_booking_info"": ""Complimentary local sightseeing package on request.""}"
H0088,Bhojpur Palace,Bhojpur,1,"Temke danda, bhojpur",27.692971,85.304035,Cottage,2100-9900 NPR,4.9,3057,Airport Shuttle; Room Service; Spa; Bike Rental; Pet Friendly; Family Rooms,"Temke danda, bhojpur",hills; mountain; mountain-view; landmarks; hiking; lakeside,"Bhojpur Palace is a cottage in Temke danda, bhojpur, Bhojpur. Features include Airport Shuttle, Room Service, Spa, Bike Rental. Close to Temke danda, bhojpur.","{""best_time"": ""Oct-Apr"", ""booking_note"": ""Contact hotel for seasonal packages."", ""recommended_for"": [""hills"", ""mountain"", ""mountain-view""], ""discounts"": ""20% discount for direct website bookings."", ""offers"": ""Best season to book: Spring and Autumn."", ""additional_booking_info"": ""Includes optional guided hiking tours.""}"
H0089,"Birgunj, Parsa Grand Hotel","Birgunj, Parsa",2,"Central Birgunj, Parsa",27.693219,85.3037,Homestay,7100-11900 NPR,4.6,1767,Mountain View; Bonfire; Bar; Swimming Pool; Spa; Airport Shuttle; Free Parking,Gateway of Nepal (Shankaracharya Gate),border; wellness; landmarks; history,"Birgunj, Parsa Grand Hotel is a homestay in Central Birgunj, Parsa, Birgunj, Parsa. Features include Mountain View, Bonfire, Bar, Swimming Pool. Close to Gateway of Nepal (Shankaracharya Gate).","{""best_time"": ""Oct-Mar"", ""booking_note"": ""Contact hotel for seasonal packages."", ""recommended_for"": [""border"", ""wellness"", ""landmarks""], ""discounts"": ""Book 2 nights and get the 3rd free!"", ""offers"": ""Best season to book: Spring and Autumn."", ""additional_booking_info"": ""Complimentary local sightseeing package on request.""}"
H0090,Sankhuwasabha Inn,Sankhuwasabha,1,Central Sankhuwasabha,27.703,85.287422,Homestay,7800-10900 NPR,4.6,1436,Bike Rental; Free Parking; Swimming Pool; Bar; Spa,Makalu barun national park,trekking; lakes; river; wildlife; spiritual,"Sankhuwasabha Inn is a homestay in Central Sankhuwasabha, Sankhuwasabha. Features include Bike Rental, Free Parking, Swimming Pool, Bar. Close to Makalu barun national park.","{""best_time"": ""Oct-Apr"", ""booking_note"": ""Contact hotel for seasonal packages."", ""recommended_for"": [""trekking"", ""lakes"", ""river""], ""discounts"": ""Seasonal discount available during off-peak months."", ""offers"": ""Advance booking recommended during festival seasons."", ""additional_booking_info"": ""Airport pickup can be arranged on request.""}"
H0091,Solukhumbu Inn,Solukhumbu,1,"Kunde, Nepal",27.71822,85.303099,Cottage,1500-3100 NPR,4.0,3931,Guide Services; Wake-up Service; Room Service; Airport Shuttle; Spa; Lake View; Bonfire,"Kunde, Nepal",hiking; wellness; mountains,"Solukhumbu Inn is a cottage in Kunde, Nepal, Solukhumbu. Features include Guide Services, Wake-up Service, Room Service, Airport Shuttle. Close to Kunde, Nepal.","{""best_time"": ""Oct-Apr"", ""booking_note"": ""Contact hotel for seasonal packages."", ""recommended_for"": [""hiking"", ""wellness"", ""mountains""], ""discounts"": ""Seasonal discount available during off-peak months."", ""offers"": ""Winter offers the best value deals."", ""additional_booking_info"": ""Children under 6 stay free with parents.""}"
H0092,Surkhet Heritage Hotel - 92,Surkhet,6,Central Surkhet,27.716816,85.308388,Budget Hotel,7100-9700 NPR,4.1,463,Bike Rental; Spa; Mountain View,Viewpoint Gothikanda,forest; offbeat; hill,"Surkhet Heritage Hotel - 92 is a budget hotel in Central Surkhet, Surkhet. Features include Bike Rental, Spa, Mountain View. Close to Viewpoint Gothikanda.","{""best_time"": ""All Year"", ""booking_note"": ""Contact hotel for seasonal packages."", ""recommended_for"": [""forest"", ""offbeat"", ""hill""], ""discounts"": ""10% off on early bird bookings."", ""offers"": ""Best to book at least 2 weeks in advance."", ""additional_booking_info"": ""Flexible cancellation up to 24 hours before check-in.""}"
H0093,Tanahun Palace - 93,Tanahun,4,Central Tanahun,27.723696,85.320756,Homestay,2400-7400 NPR,3.7,2490,Conference Hall; Airport Shuttle; Bike Rental; Restaurant; Spa; Wake-up Service; Lake View,Amaltari Homestay,homestay; family-friendly; local-experience; scenery; forest; trekking-base; hiking,"Tanahun Palace - 93 is a homestay in Central Tanahun, Tanahun. Features include Conference Hall, Airport Shuttle, Bike Rental, Restaurant. Close to Amaltari Homestay.","{""best_time"": ""Oct-Mar"", ""booking_note"": ""Contact hotel for seasonal packages."", ""recommended_for"": [""homestay"", ""family-friendly"", ""local-experience""], ""discounts"": ""Book 2 nights and get the 3rd free!"", ""offers"": ""Best season to book: Spring and Autumn."", ""additional_booking_info"": ""Children under 6 stay free with parents.""}"
H0094,"Sunsari, Saptari, Udayapur Residency - 94","Sunsari, Saptari, Udayapur",1,"Central Sunsari, Saptari, Udayapur",27.704606,85.309068,Cottage,4200-5200 NPR,4.2,4479,Wake-up Service; Mountain View; Bonfire; Free Parking; Family Rooms,Koshi tappu wildlife reserve,wellness; sighting; budget; tour; hiking; wildlife; boat ride,"Sunsari, Saptari, Udayapur Residency - 94 is a cottage in Central Sunsari, Saptari, Udayapur, Sunsari, Saptari, Udayapur. Features include Wake-up Service, Mountain View, Bonfire, Free Parking. Close to Koshi tappu wildlife reserve.","{""best_time"": ""Nov–Feb"", ""booking_note"": ""Contact hotel for seasonal packages."", ""recommended_for"": [""wellness"", ""sighting"", ""budget""], ""discounts"": ""Group discounts available for 5+ guests."", ""offers"": ""Winter offers the best value deals."", ""additional_booking_info"": ""Airport pickup can be arranged on request.""}"
H0095,Solukhumbu Plaza,Solukhumbu,1,Central Solukhumbu,27.682241,85.3064,Lodge,7900-13600 NPR,4.6,2839,Spa; Pet Friendly; Bike Rental; Conference Hall; Swimming Pool; Lake View,Lukla,Arts and Entertainment; Landmarks; wellness,"Solukhumbu Plaza is a lodge in Central Solukhumbu, Solukhumbu. Features include Spa, Pet Friendly, Bike Rental, Conference Hall. Close to Lukla.","{""best_time"": ""Oct-Apr"", ""booking_note"": ""Contact hotel for seasonal packages."", ""recommended_for"": [""Arts and Entertainment"", ""Landmarks"", ""wellness""], ""discounts"": ""Seasonal discount available during off-peak months."", ""offers"": ""Winter offers the best value deals."", ""additional_booking_info"": ""Flexible cancellation up to 24 hours before check-in.""}"
H0096,Soaltee Hotel,Kathmandu,3,Baudhanath stupa,27.690236,85.350723,Cottage,4200-8800 NPR,4.9,1318,Room Service; Lake View; Bar; Restaurant; Bonfire,Baudhanath stupa,wellness; statues; wildlife; Temple; spiritual,"Soaltee Hotel is a cottage in Baudhanath stupa, Kathmandu. Features include Room Service, Lake View, Bar, Restaurant. Close to Baudhanath stupa.","{""best_time"": ""All Year"", ""booking_note"": ""Contact hotel for seasonal packages."", ""recommended_for"": [""wellness"", ""statues"", ""wildlife""], ""discounts"": ""10% off on early bird bookings."", ""offers"": ""Ideal to book during weekdays for better rates."", ""additional_booking_info"": ""Children under 6 stay free with parents.""}"
H0097,Kailali Grand Hotel - 97,Kailali,7,Ghoda Ghodi lake,27.697434,85.284444,Cottage,3700-5000 NPR,3.6,4064,Wake-up Service; Bonfire; Mountain View; Conference Hall; Free WiFi; Swimming Pool; Bar,Ghoda Ghodi lake,wildlife; mountain-view; lake; natural beauty,"Kailali Grand Hotel - 97 is a cottage in Ghoda Ghodi lake, Kailali. Features include Wake-up Service, Bonfire, Mountain View, Conference Hall. Close to Ghoda Ghodi lake.","{""best_time"": ""Oct-Apr"", ""booking_note"": ""Contact hotel for seasonal packages."", ""recommended_for"": [""wildlife"", ""mountain-view"", ""lake""], ""discounts"": ""10% off on early bird bookings."", ""offers"": ""Winter offers the best value deals."", ""additional_booking_info"": ""Airport pickup can be arranged on request.""}"
H0098,Banke Lodge - 98,Banke,5,Central Banke,27.704217,85.281679,Hostel,3200-4900 NPR,4.1,3699,Laundry; Tour Desk; Swimming Pool; Spa; Room Service; Family Rooms; Restaurant,Bageshwori Temple,peaceful; sculptures; birdwatching; temple; hindu,"Banke Lodge - 98 is a hostel in Central Banke, Banke. Features include Laundry, Tour Desk, Swimming Pool, Spa. Close to Bageshwori Temple.","{""best_time"": ""All Year"", ""booking_note"": ""Contact hotel for seasonal packages."", ""recommended_for"": [""peaceful"", ""sculptures"", ""birdwatching""], ""discounts"": ""Group discounts available for 5+ guests."", ""offers"": ""Winter offers the best value deals."", ""additional_booking_info"": ""Complimentary local sightseeing package on request.""}"
H0099,Nuwakot/Dhading Palace,Nuwakot/Dhading,3,Central Nuwakot/Dhading,27.672415,85.272335,Lodge,7400-15600 NPR,4.3,1230,Bike Rental; Spa; Lake View; Room Service; Restaurant; Family Rooms; Mountain View,Trishuli River ,rafting; trekking; culture; river; trekking-base; wildlife,"Nuwakot/Dhading Palace is a lodge in Central Nuwakot/Dhading, Nuwakot/Dhading. Features include Bike Rental, Spa, Lake View, Room Service. Close to Trishuli River .","{""best_time"": ""Oct-May"", ""booking_note"": ""Contact hotel for seasonal packages."", ""recommended_for"": [""rafting"", ""trekking"", ""culture""], ""discounts"": ""Seasonal discount available during off-peak months."", ""offers"": ""Advance booking recommended during festival seasons."", ""additional_booking_info"": ""Airport pickup can be arranged on request.""}"
H0100,Hotel Narayani,Chitwan,3,Tharu Cultural Program,27.552945,84.347101,Boutique Hotel,4200-9800 NPR,4.7,228,Bonfire; Laundry; Room Service; Free Parking; Breakfast Included; Wake-up Service; Airport Shuttle,Tharu Cultural Program,Local cuisine; heritage; local-experience; Cultural dance; adventure,"Hotel Narayani is a boutique hotel in Tharu Cultural Program, Chitwan. Features include Bonfire, Laundry, Room Service, Free Parking. Close to Tharu Cultural Program.","{""best_time"": ""All Year"", ""booking_note"": ""Contact hotel for seasonal packages."", ""recommended_for"": [""Local cuisine"", ""heritage"", ""local-experience""], ""discounts"": ""Seasonal discount available during off-peak months."", ""offers"": ""Best to book at least 2 weeks in advance."", ""additional_booking_info"": ""Flexible cancellation up to 24 hours before check-in.""}"
H0101,Gandaki Grand Hotel,Gandaki,4,Central Gandaki,27.681447,85.296462,Luxury Hotel,2000-9300 NPR,4.5,3371,Tour Desk; Bonfire; Breakfast Included; Spa; Bike Rental; Bar; Laundry,Annapurna Circuit Trek,trekking; hills; landmarks; mountains; hiking; spiritual,"Gandaki Grand Hotel is a luxury hotel in Central Gandaki, Gandaki. Features include Tour Desk, Bonfire, Breakfast Included, Spa. Close to Annapurna Circuit Trek.","{""best_time"": ""Sep-Nov, Mar-May"", ""booking_note"": ""Contact hotel for seasonal packages."", ""recommended_for"": [""trekking"", ""hills"", ""landmarks""], ""discounts"": ""Seasonal discount available during off-peak months."", ""offers"": ""Ideal to book during weekdays for better rates."", ""additional_booking_info"": ""Airport pickup can be arranged on request.""}"
H0102,Rolpa Inn,Rolpa,5,Central Rolpa,27.701988,85.302776,Homestay,5800-14200 NPR,3.8,2029,Conference Hall; Mountain View; Free Parking; Tour Desk; Wake-up Service,Bibang Daha,near-temple; scenary; trekking-base; hill; hiking; spiritual,"Rolpa Inn is a homestay in Central Rolpa, Rolpa. Features include Conference Hall, Mountain View, Free Parking, Tour Desk. Close to Bibang Daha.","{""best_time"": ""Mar–May, Sep–Nov"", ""booking_note"": ""Contact hotel for seasonal packages."", ""recommended_for"": [""near-temple"", ""scenary"", ""trekking-base""], ""discounts"": ""20% discount for direct website bookings."", ""offers"": ""Ideal to book during weekdays for better rates."", ""additional_booking_info"": ""Flexible cancellation up to 24 hours before check-in.""}"
H0103,Bajhang Inn,Bajhang,7,Central Bajhang,27.7133,85.287267,Cottage,6300-13100 NPR,4.8,3242,Spa; Mountain View; Breakfast Included; Tour Desk; Airport Shuttle,khaptad region,wellness; mountain-view; natural beauty; wildlife; lake,"Bajhang Inn is a cottage in Central Bajhang, Bajhang. Features include Spa, Mountain View, Breakfast Included, Tour Desk. Close to khaptad region.","{""best_time"": ""Oct-Mar"", ""booking_note"": ""Contact hotel for seasonal packages."", ""recommended_for"": [""wellness"", ""mountain-view"", ""natural beauty""], ""discounts"": ""Book 2 nights and get the 3rd free!"", ""offers"": ""Best season to book: Spring and Autumn."", ""additional_booking_info"": ""Complimentary local sightseeing package on request.""}"
H0104,Bajhang Palace - 104,Bajhang,7,Central Bajhang,27.725981,85.31177,Budget Hotel,1700-6100 NPR,3.9,4360,Wake-up Service; Free Parking; Breakfast Included; Swimming Pool,Ramaroshan,scenery; trekking-base; wildlife; spiritual; lake,"Bajhang Palace - 104 is a budget hotel in Central Bajhang, Bajhang. Features include Wake-up Service, Free Parking, Breakfast Included, Swimming Pool. Close to Ramaroshan.","{""best_time"": ""Oct-Mar"", ""booking_note"": ""Contact hotel for seasonal packages."", ""recommended_for"": [""scenery"", ""trekking-base"", ""wildlife""], ""discounts"": ""10% off on early bird bookings."", ""offers"": ""Advance booking recommended during festival seasons."", ""additional_booking_info"": ""Children under 6 stay free with parents.""}"
H0105,Siraha Plaza - 105,Siraha,2,Central Siraha,27.725746,85.294414,Eco-Lodge,4700-8500 NPR,4.6,2363,Mountain View; Breakfast Included; Airport Shuttle; Free Parking; Tour Desk,Kamala River,river; eco-friendly,"Siraha Plaza - 105 is a eco-lodge in Central Siraha, Siraha. Features include Mountain View, Breakfast Included, Airport Shuttle, Free Parking. Close to Kamala River.","{""best_time"": ""Oct-Mar"", ""booking_note"": ""Contact hotel for seasonal packages."", ""recommended_for"": [""river"", ""eco-friendly""], ""discounts"": ""20% discount for direct website bookings."", ""offers"": ""Advance booking recommended during festival seasons."", ""additional_booking_info"": ""Includes optional guided hiking tours.""}"
H0106,Nuwakot Grand Hotel,Nuwakot,3, Kakani ,27.699723,85.326197,Homestay,8000-9100 NPR,3.5,4662,Swimming Pool; Lake View; Mountain View; Hiking Tours; Bike Rental; Bonfire; Conference Hall, Kakani ,biking; picnic spot; cycling; hiking; farm,"Nuwakot Grand Hotel is a homestay in Kakani , Nuwakot. Features include Swimming Pool, Lake View, Mountain View, Hiking Tours. Close to Kakani .","{""best_time"": ""Oct-Apr"", ""booking_note"": ""Contact hotel for seasonal packages."", ""recommended_for"": [""biking"", ""picnic spot"", ""cycling""], ""discounts"": ""20% discount for direct website bookings."", ""offers"": ""Best season to book: Spring and Autumn."", ""additional_booking_info"": ""Includes optional guided hiking tours.""}"
H0107,Darchula Hotel - 107,Darchula,7,"jauljibi,dharchula",27.67975,85.297535,Homestay,6700-10200 NPR,3.5,2771,Room Service; Bar; Restaurant; Family Rooms; Guide Services,"jauljibi,dharchula",rivers; historical; heritage; budget; scenery; sightseeing; trekking-base,"Darchula Hotel - 107 is a homestay in jauljibi,dharchula, Darchula. Features include Room Service, Bar, Restaurant, Family Rooms. Close to jauljibi,dharchula.","{""best_time"": ""Apr–Jun, Sep–Nov"", ""booking_note"": ""Contact hotel for seasonal packages."", ""recommended_for"": [""rivers"", ""historical"", ""heritage""], ""discounts"": ""Group discounts available for 5+ guests."", ""offers"": ""Best season to book: Spring and Autumn."", ""additional_booking_info"": ""Complimentary local sightseeing package on request.""}"
H0108,Saptari Plaza,Saptari,2,Central Saptari,27.72615,85.27041,Luxury Hotel,2700-10500 NPR,4.6,2710,Room Service; Wake-up Service; Free WiFi; Laundry; Pet Friendly,"Vishnu Temple, Saptari",family-friendly; temple; hindu; lakeside; luxury,"Saptari Plaza is a luxury hotel in Central Saptari, Saptari. Features include Room Service, Wake-up Service, Free WiFi, Laundry. Close to Vishnu Temple, Saptari.","{""best_time"": ""Oct-Mar"", ""booking_note"": ""Contact hotel for seasonal packages."", ""recommended_for"": [""family-friendly"", ""temple"", ""hindu""], ""discounts"": ""Book 2 nights and get the 3rd free!"", ""offers"": ""Ideal to book during weekdays for better rates."", ""additional_booking_info"": ""Complimentary local sightseeing package on request.""}"
H0109,Surkhet Hotel - 109,Surkhet,6,Central Surkhet,27.725386,85.323268,Homestay,6500-8900 NPR,4.5,2426,Tour Desk; Free Parking; Wake-up Service; Spa; Bonfire,Bulbule,wellness; garden; boating; park; lake,"Surkhet Hotel - 109 is a homestay in Central Surkhet, Surkhet. Features include Tour Desk, Free Parking, Wake-up Service, Spa. Close to Bulbule.","{""best_time"": ""All Year"", ""booking_note"": ""Contact hotel for seasonal packages."", ""recommended_for"": [""wellness"", ""garden"", ""boating""], ""discounts"": ""20% discount for direct website bookings."", ""offers"": ""Advance booking recommended during festival seasons."", ""additional_booking_info"": ""Includes optional guided hiking tours.""}"
H0110,Rukum Lodge,Rukum,5,Central Rukum,27.715441,85.31812,Guesthouse,7000-11600 NPR,4.5,4890,Bike Rental; Hiking Tours; Wake-up Service,Rukumkot,peaceful; trekking; temple; budget; pond; hill; lake; luxury,"Rukum Lodge is a guesthouse in Central Rukum, Rukum. Features include Bike Rental, Hiking Tours, Wake-up Service. Close to Rukumkot.","{""best_time"": ""Mar–May, Sep–Nov"", ""booking_note"": ""Contact hotel for seasonal packages."", ""recommended_for"": [""peaceful"", ""trekking"", ""temple""], ""discounts"": ""10% off on early bird bookings."", ""offers"": ""Winter offers the best value deals."", ""additional_booking_info"": ""Children under 6 stay free with parents.""}"
H0111,Jhapa Heritage Hotel,Jhapa,1,Pindeshwor temple,27.7022,85.279872,Hostel,4400-6800 NPR,4.5,4787,Airport Shuttle; Bike Rental; Hiking Tours; Breakfast Included; Room Service; Spa,Pindeshwor temple,Landmarks; wellness; Tour; family-friendly; terai; eco-friendly; hiking,"Jhapa Heritage Hotel is a hostel in Pindeshwor temple, Jhapa. Features include Airport Shuttle, Bike Rental, Hiking Tours, Breakfast Included. Close to Pindeshwor temple.","{""best_time"": ""Oct-Apr"", ""booking_note"": ""Contact hotel for seasonal packages."", ""recommended_for"": [""Landmarks"", ""wellness"", ""Tour""], ""discounts"": ""Book 2 nights and get the 3rd free!"", ""offers"": ""Ideal to book during weekdays for better rates."", ""additional_booking_info"": ""Complimentary local sightseeing package on request.""}"
H0112,Bajura Resort,Bajura,7,Bajura (Badimalika Temple),27.671306,85.285267,Resort,6900-11000 NPR,4.4,381,Pet Friendly; Airport Shuttle; Conference Hall; Breakfast Included; Tour Desk; Bonfire,Bajura (Badimalika Temple),meadows; Trekking to hilltop shrine; remote pilgrimage site; wildlife; camping,"Bajura Resort is a resort in Bajura (Badimalika Temple), Bajura. Features include Pet Friendly, Airport Shuttle, Conference Hall, Breakfast Included. Close to Bajura (Badimalika Temple).","{""best_time"": ""Aug (festival) & Sept–Oct"", ""booking_note"": ""Contact hotel for seasonal packages."", ""recommended_for"": [""meadows"", ""Trekking to hilltop shrine"", ""remote pilgrimage site""], ""discounts"": ""20% discount for direct website bookings."", ""offers"": ""Best season to book: Spring and Autumn."", ""additional_booking_info"": ""Includes optional guided hiking tours.""}"
H0113,Gulmi Plaza,Gulmi,5,Central Gulmi,27.7287,85.308753,Luxury Hotel,3900-10600 NPR,4.2,3102,Airport Shuttle; Conference Hall; Spa; Pet Friendly; Swimming Pool; Restaurant,Narayansthan,heritage; river; temple; scenery; adventure; hiking; hill,"Gulmi Plaza is a luxury hotel in Central Gulmi, Gulmi. Features include Airport Shuttle, Conference Hall, Spa, Pet Friendly. Close to Narayansthan.","{""best_time"": ""All Year"", ""booking_note"": ""Contact hotel for seasonal packages."", ""recommended_for"": [""heritage"", ""river"", ""temple""], ""discounts"": ""Complimentary breakfast for bookings over 3 nights."", ""offers"": ""Best season to book: Spring and Autumn."", ""additional_booking_info"": ""Children under 6 stay free with parents.""}"
H0114,Tigerland Safari Resort,Chitwan,3,Central Chitwan,27.53178,84.368146,Luxury Hotel,5200-11900 NPR,4.7,2037,Pet Friendly; Spa; Laundry; Bar; Swimming Pool; Breakfast Included,Chitlang VDC and Stupa of Chaitya Lhown(Ashoka Era),buddhist; temple; eco-friendly; romantic; hindu; statues; lakeside,"Tigerland Safari Resort is a luxury hotel in Central Chitwan, Chitwan. Features include Pet Friendly, Spa, Laundry, Bar. Close to Chitlang VDC and Stupa of Chaitya Lhown(Ashoka Era).","{""best_time"": ""All Year"", ""booking_note"": ""Contact hotel for seasonal packages."", ""recommended_for"": [""buddhist"", ""temple"", ""eco-friendly""], ""discounts"": ""20% discount for direct website bookings."", ""offers"": ""Advance booking recommended during festival seasons."", ""additional_booking_info"": ""Flexible cancellation up to 24 hours before check-in.""}"
H0115,Dwarika's Hotel - 115,Kathmandu,3,Dhaaraapani (Dhungedhaaraa),27.723067,85.336197,Resort,2800-4000 NPR,4.1,1929,Bar; Breakfast Included; Spa; Bike Rental; Mountain View; Free Parking; Guide Services,Dhaaraapani (Dhungedhaaraa),culture; temple; local-experience; statues; trekking-base; pond,"Dwarika's Hotel - 115 is a resort in Dhaaraapani (Dhungedhaaraa), Kathmandu. Features include Bar, Breakfast Included, Spa, Bike Rental. Close to Dhaaraapani (Dhungedhaaraa).","{""best_time"": ""All Year"", ""booking_note"": ""Contact hotel for seasonal packages."", ""recommended_for"": [""culture"", ""temple"", ""local-experience""], ""discounts"": ""Group discounts available for 5+ guests."", ""offers"": ""Best to book at least 2 weeks in advance."", ""additional_booking_info"": ""Children under 6 stay free with parents.""}"
H0116,Gorkha Hotel,Gorkha,4,Central Gorkha,28.005375,84.625814,Homestay,1300-4700 NPR,4.4,3509,Bonfire; Breakfast Included; Pet Friendly; Family Rooms; Bike Rental; Lake View; Room Service,Gorkha Durbar & Museum,palace; hills; history; temple; art; eco-friendly; hindu; adventure; hiking; museum,"Gorkha Hotel is a homestay in Central Gorkha, Gorkha. Features include Bonfire, Breakfast Included, Pet Friendly, Family Rooms. Close to Gorkha Durbar & Museum.","{""best_time"": ""Oct-Mar"", ""booking_note"": ""Contact hotel for seasonal packages."", ""recommended_for"": [""palace"", ""hills"", ""history""], ""discounts"": ""Complimentary breakfast for bookings over 3 nights."", ""offers"": ""Best season to book: Spring and Autumn."", ""additional_booking_info"": ""Complimentary local sightseeing package on request.""}"
H0117,Lamjung Lodge - 117,Lamjung,4,Central Lamjung,27.684458,85.283521,Budget Hotel,7400-15500 NPR,4.9,4617,Guide Services; Conference Hall; Bike Rental; Spa; Family Rooms; Free Parking,Dharme Beshi,trekking; hills; near-temple; village; trekking-base; hiking,"Lamjung Lodge - 117 is a budget hotel in Central Lamjung, Lamjung. Features include Guide Services, Conference Hall, Bike Rental, Spa. Close to Dharme Beshi.","{""best_time"": ""Oct-Mar"", ""booking_note"": ""Contact hotel for seasonal packages."", ""recommended_for"": [""trekking"", ""hills"", ""near-temple""], ""discounts"": ""Group discounts available for 5+ guests."", ""offers"": ""Advance booking recommended during festival seasons."", ""additional_booking_info"": ""Flexible cancellation up to 24 hours before check-in.""}"
H0118,Terhathum Resort,Terhathum,1,Gajurmukhi,27.713475,85.281429,Homestay,3900-5000 NPR,4.8,1551,Conference Hall; Bar; Bonfire; Tour Desk; Lake View; Mountain View; Hiking Tours,Gajurmukhi,near-temple; river; religious shrine; temple,"Terhathum Resort is a homestay in Gajurmukhi, Terhathum. Features include Conference Hall, Bar, Bonfire, Tour Desk. Close to Gajurmukhi.","{""best_time"": ""Oct-Apr"", ""booking_note"": ""Contact hotel for seasonal packages."", ""recommended_for"": [""near-temple"", ""river"", ""religious shrine""], ""discounts"": ""20% discount for direct website bookings."", ""offers"": ""Best to book at least 2 weeks in advance."", ""additional_booking_info"": ""Includes optional guided hiking tours.""}"
H0119,Bhaktapur Residency,Bhaktapur,3,Central Bhaktapur,27.696366,85.441538,Guesthouse,4000-8500 NPR,4.3,2328,Hiking Tours; Conference Hall; Pet Friendly; Mountain View; Laundry; Room Service,Gundu,wellness; hill; hiking; spiritual; luxury,"Bhaktapur Residency is a guesthouse in Central Bhaktapur, Bhaktapur. Features include Hiking Tours, Conference Hall, Pet Friendly, Mountain View. Close to Gundu.","{""best_time"": ""All Year"", ""booking_note"": ""Contact hotel for seasonal packages."", ""recommended_for"": [""wellness"", ""hill"", ""hiking""], ""discounts"": ""Seasonal discount available during off-peak months."", ""offers"": ""Best to book at least 2 weeks in advance."", ""additional_booking_info"": ""Children under 6 stay free with parents.""}"
H0120,Darchula Inn,Darchula,7,kali river,27.694836,85.303751,Guesthouse,6900-9800 NPR,3.5,4542,Room Service; Guide Services; Mountain View; Spa; Bar; Lake View; Swimming Pool,kali river,beauty; lakeside; cultural; culture,"Darchula Inn is a guesthouse in kali river, Darchula. Features include Room Service, Guide Services, Mountain View, Spa. Close to kali river.","{""best_time"": ""Apr–Jun, Sep–Nov"", ""booking_note"": ""Contact hotel for seasonal packages."", ""recommended_for"": [""beauty"", ""lakeside"", ""cultural""], ""discounts"": ""Book 2 nights and get the 3rd free!"", ""offers"": ""Winter offers the best value deals."", ""additional_booking_info"": ""Includes optional guided hiking tours.""}"
H0121,Kailali Heritage Hotel,Kailali,7,Central Kailali,27.68544,85.319296,Eco-Lodge,4600-7800 NPR,4.6,2895,Spa; Conference Hall; Bonfire; Restaurant,Godawari Ram Temple,family-friendly; temple; local-experience; hindu; hiking,"Kailali Heritage Hotel is a eco-lodge in Central Kailali, Kailali. Features include Spa, Conference Hall, Bonfire, Restaurant. Close to Godawari Ram Temple.","{""best_time"": ""Oct-Apr"", ""booking_note"": ""Contact hotel for seasonal packages."", ""recommended_for"": [""family-friendly"", ""temple"", ""local-experience""], ""discounts"": ""Book 2 nights and get the 3rd free!"", ""offers"": ""Winter offers the best value deals."", ""additional_booking_info"": ""Children under 6 stay free with parents.""}"
H0122,Terhathum Grand Hotel,Terhathum,1,Central Terhathum,27.720553,85.283886,Budget Hotel,900-5000 NPR,4.3,3067,Tour Desk; Wake-up Service; Bonfire,Tinjure hill,trekking; Hill; mountain; culture; romantic; spiritual,"Terhathum Grand Hotel is a budget hotel in Central Terhathum, Terhathum. Features include Tour Desk, Wake-up Service, Bonfire. Close to Tinjure hill.","{""best_time"": ""Oct-Apr"", ""booking_note"": ""Contact hotel for seasonal packages."", ""recommended_for"": [""trekking"", ""Hill"", ""mountain""], ""discounts"": ""Book 2 nights and get the 3rd free!"", ""offers"": ""Best season to book: Spring and Autumn."", ""additional_booking_info"": ""Airport pickup can be arranged on request.""}"
H0123,Annapurna Base Camp Lodge - 123,Pokhara,4,Central Pokhara,28.196084,84.014249,Resort,4900-12500 NPR,4.7,1478,Swimming Pool; Bike Rental; Spa,Ghandruk,near-temple; Cultural exploration; Village walk,"Annapurna Base Camp Lodge - 123 is a resort in Central Pokhara, Pokhara. Features include Swimming Pool, Bike Rental, Spa. Close to Ghandruk.","{""best_time"": ""Oct–Nov, Mar–May"", ""booking_note"": ""Contact hotel for seasonal packages."", ""recommended_for"": [""near-temple"", ""Cultural exploration"", ""Village walk""], ""discounts"": ""10% off on early bird bookings."", ""offers"": ""Ideal to book during weekdays for better rates."", ""additional_booking_info"": ""Flexible cancellation up to 24 hours before check-in.""}"
H0124,Hotel Middle Path & Spa,Pokhara,4,Dhampus,28.203414,83.977983,Luxury Hotel,4600-9000 NPR,5.0,1860,Airport Shuttle; Breakfast Included; Wake-up Service; Family Rooms; Conference Hall,Dhampus,Photography; birdwatching; Village walk; Hiking; spiritual,"Hotel Middle Path & Spa is a luxury hotel in Dhampus, Pokhara. Features include Airport Shuttle, Breakfast Included, Wake-up Service, Family Rooms. Close to Dhampus.","{""best_time"": ""October-April"", ""booking_note"": ""Contact hotel for seasonal packages."", ""recommended_for"": [""Photography"", ""birdwatching"", ""Village walk""], ""discounts"": ""Complimentary breakfast for bookings over 3 nights."", ""offers"": ""Ideal to book during weekdays for better rates."", ""additional_booking_info"": ""Flexible cancellation up to 24 hours before check-in.""}"
H0125,Solukhumbu Grand Hotel,Solukhumbu,1,"Dole, Nepal",27.72072,85.308694,Lodge,5400-7500 NPR,4.8,358,Bar; Room Service; Bonfire; Laundry,"Dole, Nepal",Tour; Landmarks; budget; hills,"Solukhumbu Grand Hotel is a lodge in Dole, Nepal, Solukhumbu. Features include Bar, Room Service, Bonfire, Laundry. Close to Dole, Nepal.","{""best_time"": ""Oct-Apr"", ""booking_note"": ""Contact hotel for seasonal packages."", ""recommended_for"": [""Tour"", ""Landmarks"", ""budget""], ""discounts"": ""Seasonal discount available during off-peak months."", ""offers"": ""Best to book at least 2 weeks in advance."", ""additional_booking_info"": ""Complimentary local sightseeing package on request.""}"
H0126,Gorkha Heritage Hotel,Gorkha,4,Bhimsen Temple,28.029826,84.619869,Guesthouse,5600-8500 NPR,4.6,3272,Mountain View; Restaurant; Room Service,Bhimsen Temple,hindu; temple; culture,"Gorkha Heritage Hotel is a guesthouse in Bhimsen Temple, Gorkha. Features include Mountain View, Restaurant, Room Service. Close to Bhimsen Temple.","{""best_time"": ""Oct-Mar"", ""booking_note"": ""Contact hotel for seasonal packages."", ""recommended_for"": [""hindu"", ""temple"", ""culture""], ""discounts"": ""20% discount for direct website bookings."", ""offers"": ""Advance booking recommended during festival seasons."", ""additional_booking_info"": ""Flexible cancellation up to 24 hours before check-in.""}"
H0127,Gulmi Heritage Hotel - 127,Gulmi,5,Central Gulmi,27.678397,85.329309,Boutique Hotel,4900-11100 NPR,3.6,3590,Airport Shuttle; Lake View; Family Rooms; Tour Desk,Durbar Devisthan,scenary; cultural; hill; mountain-view,"Gulmi Heritage Hotel - 127 is a boutique hotel in Central Gulmi, Gulmi. Features include Airport Shuttle, Lake View, Family Rooms, Tour Desk. Close to Durbar Devisthan.","{""best_time"": ""All Year"", ""booking_note"": ""Contact hotel for seasonal packages."", ""recommended_for"": [""scenary"", ""cultural"", ""hill""], ""discounts"": ""Seasonal discount available during off-peak months."", ""offers"": ""Advance booking recommended during festival seasons."", ""additional_booking_info"": ""Airport pickup can be arranged on request.""}"
H0128,Jumla Resort - 128,Jumla,6,Central Jumla,27.692526,85.281144,Cottage,6200-12900 NPR,3.6,2429,Airport Shuttle; Wake-up Service; Laundry; Spa,"Tatopani, Jumla ",adventure; heritage; pond,"Jumla Resort - 128 is a cottage in Central Jumla, Jumla. Features include Airport Shuttle, Wake-up Service, Laundry, Spa. Close to Tatopani, Jumla .","{""best_time"": ""All Year"", ""booking_note"": ""Contact hotel for seasonal packages."", ""recommended_for"": [""adventure"", ""heritage"", ""pond""], ""discounts"": ""10% off on early bird bookings."", ""offers"": ""Advance booking recommended during festival seasons."", ""additional_booking_info"": ""Airport pickup can be arranged on request.""}"
H0129,Tanahun Inn - 129,Tanahun,4,Tanahusur Durbar,27.688496,85.291595,Homestay,1600-4300 NPR,3.6,3540,Conference Hall; Wake-up Service; Bike Rental; Guide Services; Swimming Pool; Free WiFi,Tanahusur Durbar,palace; peaceful; trekking,"Tanahun Inn - 129 is a homestay in Tanahusur Durbar, Tanahun. Features include Conference Hall, Wake-up Service, Bike Rental, Guide Services. Close to Tanahusur Durbar.","{""best_time"": ""Oct-Mar"", ""booking_note"": ""Contact hotel for seasonal packages."", ""recommended_for"": [""palace"", ""peaceful"", ""trekking""], ""discounts"": ""20% discount for direct website bookings."", ""offers"": ""Advance booking recommended during festival seasons."", ""additional_booking_info"": ""Complimentary local sightseeing package on request.""}"
H0130,Lumbini Residency,Lumbini,5,Central Lumbini,27.701023,83.44734,Luxury Hotel,4000-5900 NPR,4.6,4593,Room Service; Bike Rental; Restaurant; Family Rooms,Kudan (Nyigrodharama Monastery Ruins),Heritage Walk; adventure; Photography,"Lumbini Residency is a luxury hotel in Central Lumbini, Lumbini. Features include Room Service, Bike Rental, Restaurant, Family Rooms. Close to Kudan (Nyigrodharama Monastery Ruins).","{""best_time"": ""Oct–Apr"", ""booking_note"": ""Contact hotel for seasonal packages."", ""recommended_for"": [""Heritage Walk"", ""adventure"", ""Photography""], ""discounts"": ""Complimentary breakfast for bookings over 3 nights."", ""offers"": ""Winter offers the best value deals."", ""additional_booking_info"": ""Flexible cancellation up to 24 hours before check-in.""}"
H0131,Hotel Middle Path & Spa - 131,Pokhara,4,Davis Falls,28.189632,83.972158,Homestay,4800-6500 NPR,4.0,2030,Tour Desk; Wake-up Service; Bar; Hiking Tours; Swimming Pool; Spa,Davis Falls,romantic; waterfall; heritage,"Hotel Middle Path & Spa - 131 is a homestay in Davis Falls, Pokhara. Features include Tour Desk, Wake-up Service, Bar, Hiking Tours. Close to Davis Falls.","{""best_time"": ""Oct-Apr"", ""booking_note"": ""Contact hotel for seasonal packages."", ""recommended_for"": [""romantic"", ""waterfall"", ""heritage""], ""discounts"": ""Seasonal discount available during off-peak months."", ""offers"": ""Winter offers the best value deals."", ""additional_booking_info"": ""Airport pickup can be arranged on request.""}"
H0132,Parbat Lodge,Parbat,4,Mirmi Hydro dam,27.690084,85.318929,Cottage,1900-7300 NPR,4.0,1655,Lake View; Restaurant; Family Rooms; Wake-up Service; Mountain View; Bonfire,Mirmi Hydro dam,heritage; river; trekking-base; lakeside; dam,"Parbat Lodge is a cottage in Mirmi Hydro dam, Parbat. Features include Lake View, Restaurant, Family Rooms, Wake-up Service. Close to Mirmi Hydro dam.","{""best_time"": ""Oct-Mar"", ""booking_note"": ""Contact hotel for seasonal packages."", ""recommended_for"": [""heritage"", ""river"", ""trekking-base""], ""discounts"": ""Complimentary breakfast for bookings over 3 nights."", ""offers"": ""Advance booking recommended during festival seasons."", ""additional_booking_info"": ""Children under 6 stay free with parents.""}"
H0133,Gorkha Lodge - 133,Gorkha,4,Central Gorkha,27.986088,84.660836,Budget Hotel,6400-7300 NPR,4.9,3791,Hiking Tours; Mountain View; Airport Shuttle; Guide Services,Bhimsen Temple,temple; hindu; adventure; wildlife; spiritual,"Gorkha Lodge - 133 is a budget hotel in Central Gorkha, Gorkha. Features include Hiking Tours, Mountain View, Airport Shuttle, Guide Services. Close to Bhimsen Temple.","{""best_time"": ""Oct-Mar"", ""booking_note"": ""Contact hotel for seasonal packages."", ""recommended_for"": [""temple"", ""hindu"", ""adventure""], ""discounts"": ""Seasonal discount available during off-peak months."", ""offers"": ""Winter offers the best value deals."", ""additional_booking_info"": ""Complimentary local sightseeing package on request.""}"
H0134,Gorkha Hotel,Gorkha,4,Central Gorkha,28.021445,84.605438,Cottage,4700-11800 NPR,4.3,3436,Breakfast Included; Pet Friendly; Conference Hall; Airport Shuttle; Swimming Pool; Free Parking; Lake View,Gorakhnath Temple ,peaceful; history; hills; family-friendly; temple; hindu; offbeat; hiking,"Gorkha Hotel is a cottage in Central Gorkha, Gorkha. Features include Breakfast Included, Pet Friendly, Conference Hall, Airport Shuttle. Close to Gorakhnath Temple .","{""best_time"": ""Oct-Mar"", ""booking_note"": ""Contact hotel for seasonal packages."", ""recommended_for"": [""peaceful"", ""history"", ""hills""], ""discounts"": ""10% off on early bird bookings."", ""offers"": ""Winter offers the best value deals."", ""additional_booking_info"": ""Flexible cancellation up to 24 hours before check-in.""}"
H0135,Sunsari Lodge,Sunsari,1,Baraha Kshetra,27.717774,85.276357,Boutique Hotel,2900-7100 NPR,4.3,4259,Room Service; Wake-up Service; Free Parking; Hiking Tours; Pet Friendly; Family Rooms; Tour Desk,Baraha Kshetra,culture; fishing; enjoy religious folk music; adventure; boat ride at Koshi confluence; hiking; Attend Makar Sankranti fair; riverside picnic,"Sunsari Lodge is a boutique hotel in Baraha Kshetra, Sunsari. Features include Room Service, Wake-up Service, Free Parking, Hiking Tours. Close to Baraha Kshetra.","{""best_time"": ""Oct–Apr"", ""booking_note"": ""Contact hotel for seasonal packages."", ""recommended_for"": [""culture"", ""fishing"", ""enjoy religious folk music""], ""discounts"": ""20% discount for direct website bookings."", ""offers"": ""Winter offers the best value deals."", ""additional_booking_info"": ""Airport pickup can be arranged on request.""}"
H0136,Parbat Grand Hotel,Parbat,4,Jaimineshwor Shiva Temple,27.725233,85.275151,Budget Hotel,3700-9300 NPR,4.0,1704,Bonfire; Pet Friendly; Wake-up Service; Swimming Pool; Hiking Tours; Bike Rental; Restaurant,Jaimineshwor Shiva Temple,wildlife; hindu; temple,"Parbat Grand Hotel is a budget hotel in Jaimineshwor Shiva Temple, Parbat. Features include Bonfire, Pet Friendly, Wake-up Service, Swimming Pool. Close to Jaimineshwor Shiva Temple.","{""best_time"": ""Oct-Mar"", ""booking_note"": ""Contact hotel for seasonal packages."", ""recommended_for"": [""wildlife"", ""hindu"", ""temple""], ""discounts"": ""Group discounts available for 5+ guests."", ""offers"": ""Best season to book: Spring and Autumn."", ""additional_booking_info"": ""Includes optional guided hiking tours.""}"
H0137,Morang Residency - 137,Morang,1,"kerabar,morang",27.676562,85.318003,Guesthouse,5000-8400 NPR,4.3,2721,Guide Services; Hiking Tours; Free Parking; Family Rooms; Restaurant; Bike Rental; Lake View,"kerabar,morang",Landmarks; heritage; Tour; Trekking; eco-friendly; romantic,"Morang Residency - 137 is a guesthouse in kerabar,morang, Morang. Features include Guide Services, Hiking Tours, Free Parking, Family Rooms. Close to kerabar,morang.","{""best_time"": ""Oct-Apr"", ""booking_note"": ""Contact hotel for seasonal packages."", ""recommended_for"": [""Landmarks"", ""heritage"", ""Tour""], ""discounts"": ""Book 2 nights and get the 3rd free!"", ""offers"": ""Advance booking recommended during festival seasons."", ""additional_booking_info"": ""Complimentary local sightseeing package on request.""}"
H0138,Hotel Barahi (Kathmandu),Kathmandu,3,Rani pokhari,27.729484,85.306347,Boutique Hotel,5500-7700 NPR,4.7,4408,Pet Friendly; Lake View; Bar; Hiking Tours,Rani pokhari,mountain-view; temple; pond,"Hotel Barahi (Kathmandu) is a boutique hotel in Rani pokhari, Kathmandu. Features include Pet Friendly, Lake View, Bar, Hiking Tours. Close to Rani pokhari.","{""best_time"": ""Oct-Apr"", ""booking_note"": ""Contact hotel for seasonal packages."", ""recommended_for"": [""mountain-view"", ""temple"", ""pond""], ""discounts"": ""Seasonal discount available during off-peak months."", ""offers"": ""Best to book at least 2 weeks in advance."", ""additional_booking_info"": ""Includes optional guided hiking tours.""}"
H0139,Dadeldhura Heritage Hotel,Dadeldhura,7,Patal bhuvaneshwor temple(cave),27.693318,85.293553,Boutique Hotel,3600-9900 NPR,4.8,1423,Tour Desk; Room Service; Airport Shuttle; Spa; Lake View,Patal bhuvaneshwor temple(cave),lakeside; hindu; temple; cave,"Dadeldhura Heritage Hotel is a boutique hotel in Patal bhuvaneshwor temple(cave), Dadeldhura. Features include Tour Desk, Room Service, Airport Shuttle, Spa. Close to Patal bhuvaneshwor temple(cave).","{""best_time"": ""Oct-Mar"", ""booking_note"": ""Contact hotel for seasonal packages."", ""recommended_for"": [""lakeside"", ""hindu"", ""temple""], ""discounts"": ""Complimentary breakfast for bookings over 3 nights."", ""offers"": ""Best to book at least 2 weeks in advance."", ""additional_booking_info"": ""Flexible cancellation up to 24 hours before check-in.""}"
H0140,Kaski Residency - 140,Kaski,4,Central Kaski,27.700649,85.295094,Budget Hotel,5500-12300 NPR,4.1,3996,Wake-up Service; Restaurant; Conference Hall; Tour Desk; Bonfire; Mountain View; Airport Shuttle,Boudha Mountain,trekking; climbing; trekking-base; mountain,"Kaski Residency - 140 is a budget hotel in Central Kaski, Kaski. Features include Wake-up Service, Restaurant, Conference Hall, Tour Desk. Close to Boudha Mountain.","{""best_time"": ""Sep-Nov,Mar-May"", ""booking_note"": ""Contact hotel for seasonal packages."", ""recommended_for"": [""trekking"", ""climbing"", ""trekking-base""], ""discounts"": ""Complimentary breakfast for bookings over 3 nights."", ""offers"": ""Best to book at least 2 weeks in advance."", ""additional_booking_info"": ""Airport pickup can be arranged on request.""}"
H0141,Jumla Grand Hotel,Jumla,6,Central Jumla,27.699077,85.281708,Luxury Hotel,5400-14200 NPR,4.5,3361,Guide Services; Hiking Tours; Bonfire; Restaurant; Airport Shuttle; Free WiFi,"Tatopani, Jumla ",wildlife; pond,"Jumla Grand Hotel is a luxury hotel in Central Jumla, Jumla. Features include Guide Services, Hiking Tours, Bonfire, Restaurant. Close to Tatopani, Jumla .","{""best_time"": ""All Year"", ""booking_note"": ""Contact hotel for seasonal packages."", ""recommended_for"": [""wildlife"", ""pond""], ""discounts"": ""Complimentary breakfast for bookings over 3 nights."", ""offers"": ""Ideal to book during weekdays for better rates."", ""additional_booking_info"": ""Children under 6 stay free with parents.""}"
H0142,Udayapur Hotel - 142,Udayapur,1,"Triyuga Baan, fattepur",27.716844,85.303939,Eco-Lodge,5300-14200 NPR,3.7,945,Conference Hall; Pet Friendly; Wake-up Service; Breakfast Included; Hiking Tours,"Triyuga Baan, fattepur",near-temple; river; eco-friendly; landmarks; hiking; luxury,"Udayapur Hotel - 142 is a eco-lodge in Triyuga Baan, fattepur, Udayapur. Features include Conference Hall, Pet Friendly, Wake-up Service, Breakfast Included. Close to Triyuga Baan, fattepur.","{""best_time"": ""Oct-Apr"", ""booking_note"": ""Contact hotel for seasonal packages."", ""recommended_for"": [""near-temple"", ""river"", ""eco-friendly""], ""discounts"": ""Book 2 nights and get the 3rd free!"", ""offers"": ""Winter offers the best value deals."", ""additional_booking_info"": ""Includes optional guided hiking tours.""}"
H0143,Mustang Hotel,Mustang,4,Braga Village,27.685769,85.321732,Boutique Hotel,4400-6800 NPR,4.7,1951,Room Service; Pet Friendly; Guide Services; Restaurant,Braga Village,trekking; hills; culture; near-temple; village; adventure; landmarks; mountains; hiking,"Mustang Hotel is a boutique hotel in Braga Village, Mustang. Features include Room Service, Pet Friendly, Guide Services, Restaurant. Close to Braga Village.","{""best_time"": ""Sep-Nov, Mar-May"", ""booking_note"": ""Contact hotel for seasonal packages."", ""recommended_for"": [""trekking"", ""hills"", ""culture""], ""discounts"": ""Seasonal discount available during off-peak months."", ""offers"": ""Winter offers the best value deals."", ""additional_booking_info"": ""Airport pickup can be arranged on request.""}"
H0144,Dhankuta Inn,Dhankuta,1,Central Dhankuta,27.680103,85.32874,Homestay,3200-8000 NPR,4.9,4224,Spa; Guide Services; Breakfast Included,"Hile, dhankuta",Landmarks; hills; Trekking; local-experience; adventure; hiking,"Dhankuta Inn is a homestay in Central Dhankuta, Dhankuta. Features include Spa, Guide Services, Breakfast Included. Close to Hile, dhankuta.","{""best_time"": ""Oct-Apr"", ""booking_note"": ""Contact hotel for seasonal packages."", ""recommended_for"": [""Landmarks"", ""hills"", ""Trekking""], ""discounts"": ""Book 2 nights and get the 3rd free!"", ""offers"": ""Best to book at least 2 weeks in advance."", ""additional_booking_info"": ""Children under 6 stay free with parents.""}"
H0145,Mustang Plaza,Mustang,4,Central Mustang,27.715688,85.310574,Eco-Lodge,2000-6900 NPR,4.4,3083,Airport Shuttle; Wake-up Service; Family Rooms; Bike Rental; Laundry; Pet Friendly,Upper mustang tiji festival trek,trekking; hills; landmarks; mountains; trekking-base; hiking; spiritual,"Mustang Plaza is a eco-lodge in Central Mustang, Mustang. Features include Airport Shuttle, Wake-up Service, Family Rooms, Bike Rental. Close to Upper mustang tiji festival trek.","{""best_time"": ""Oct-Nov"", ""booking_note"": ""Contact hotel for seasonal packages."", ""recommended_for"": [""trekking"", ""hills"", ""landmarks""], ""discounts"": ""10% off on early bird bookings."", ""offers"": ""Best season to book: Spring and Autumn."", ""additional_booking_info"": ""Flexible cancellation up to 24 hours before check-in.""}"
H0146,Siraha Grand Hotel,Siraha,2,Central Siraha,27.675588,85.328329,Lodge,7800-9300 NPR,4.7,3268,Guide Services; Bar; Bonfire; Laundry,Chaudhary Hills,forest hiking; Trekking; trekking-base; wildlife; camping; local Magar culture,"Siraha Grand Hotel is a lodge in Central Siraha, Siraha. Features include Guide Services, Bar, Bonfire, Laundry. Close to Chaudhary Hills.","{""best_time"": ""Sept – Apr"", ""booking_note"": ""Contact hotel for seasonal packages."", ""recommended_for"": [""forest hiking"", ""Trekking"", ""trekking-base""], ""discounts"": ""Seasonal discount available during off-peak months."", ""offers"": ""Best season to book: Spring and Autumn."", ""additional_booking_info"": ""Airport pickup can be arranged on request.""}"
H0147,Lamjung Plaza,Lamjung,4,Central Lamjung,27.690624,85.310953,Resort,1200-3300 NPR,4.4,3774,Swimming Pool; Restaurant; Hiking Tours,Ghalegaun (Homestay Village),community homestays; local food; eco-friendly; Remote Gurung village; romantic; Gurung culture; Annapurna views,"Lamjung Plaza is a resort in Central Lamjung, Lamjung. Features include Swimming Pool, Restaurant, Hiking Tours. Close to Ghalegaun (Homestay Village).","{""best_time"": ""Sept–Apr"", ""booking_note"": ""Contact hotel for seasonal packages."", ""recommended_for"": [""community homestays"", ""local food"", ""eco-friendly""], ""discounts"": ""Group discounts available for 5+ guests."", ""offers"": ""Winter offers the best value deals."", ""additional_booking_info"": ""Airport pickup can be arranged on request.""}"
H0148,Hotel Shanker,Kathmandu,3,Sankhu,27.739665,85.346596,Boutique Hotel,6200-12600 NPR,3.9,3056,Breakfast Included; Family Rooms; Mountain View; Free Parking,Sankhu,sculptures; temple; budget; statues; cultural; luxury,"Hotel Shanker is a boutique hotel in Sankhu, Kathmandu. Features include Breakfast Included, Family Rooms, Mountain View, Free Parking. Close to Sankhu.","{""best_time"": ""All Year"", ""booking_note"": ""Contact hotel for seasonal packages."", ""recommended_for"": [""sculptures"", ""temple"", ""budget""], ""discounts"": ""Book 2 nights and get the 3rd free!"", ""offers"": ""Best to book at least 2 weeks in advance."", ""additional_booking_info"": ""Airport pickup can be arranged on request.""}"
H0149,Jhapa Palace,Jhapa,1,Arjundhara Dham,27.683571,85.310799,Resort,900-7000 NPR,4.7,3469,Bonfire; Airport Shuttle; Free Parking; Family Rooms,Arjundhara Dham,temple; hindu; pond; gurukul; farm; luxury,"Jhapa Palace is a resort in Arjundhara Dham, Jhapa. Features include Bonfire, Airport Shuttle, Free Parking, Family Rooms. Close to Arjundhara Dham.","{""best_time"": ""Oct-Apr"", ""booking_note"": ""Contact hotel for seasonal packages."", ""recommended_for"": [""temple"", ""hindu"", ""pond""], ""discounts"": ""Complimentary breakfast for bookings over 3 nights."", ""offers"": ""Best to book at least 2 weeks in advance."", ""additional_booking_info"": ""Includes optional guided hiking tours.""}"
H0150,Janakpur Inn - 150,Janakpur,2,Ram Mandir,26.702563,85.942802,Budget Hotel,6100-8900 NPR,3.6,4624,Tour Desk; Restaurant; Hiking Tours,Ram Mandir,near-temple; hindu; temple; adventure,"Janakpur Inn - 150 is a budget hotel in Ram Mandir, Janakpur. Features include Tour Desk, Restaurant, Hiking Tours. Close to Ram Mandir.","{""best_time"": ""Oct-Mar"", ""booking_note"": ""Contact hotel for seasonal packages."", ""recommended_for"": [""near-temple"", ""hindu"", ""temple""], ""discounts"": ""20% discount for direct website bookings."", ""offers"": ""Advance booking recommended during festival seasons."", ""additional_booking_info"": ""Flexible cancellation up to 24 hours before check-in.""}"
H0151,Kapilvastu Resort,Kapilvastu,5,Tilaurakot Museum,27.676028,85.315147,Cottage,6800-13600 NPR,4.0,3527,Spa; Free Parking; Laundry; Airport Shuttle; Tour Desk,Tilaurakot Museum,local-experience; romantic; wildlife; sculpture; museum,"Kapilvastu Resort is a cottage in Tilaurakot Museum, Kapilvastu. Features include Spa, Free Parking, Laundry, Airport Shuttle. Close to Tilaurakot Museum.","{""best_time"": ""All Year"", ""booking_note"": ""Contact hotel for seasonal packages."", ""recommended_for"": [""local-experience"", ""romantic"", ""wildlife""], ""discounts"": ""Book 2 nights and get the 3rd free!"", ""offers"": ""Advance booking recommended during festival seasons."", ""additional_booking_info"": ""Includes optional guided hiking tours.""}"
H0152,Lamjung Palace,Lamjung,4,Central Lamjung,27.714871,85.287733,Resort,7200-11600 NPR,4.2,933,Bonfire; Tour Desk; Airport Shuttle; Bike Rental,Jagat,peaceful; trekking; hills; village; hiking,"Lamjung Palace is a resort in Central Lamjung, Lamjung. Features include Bonfire, Tour Desk, Airport Shuttle, Bike Rental. Close to Jagat.","{""best_time"": ""Oct-Mar"", ""booking_note"": ""Contact hotel for seasonal packages."", ""recommended_for"": [""peaceful"", ""trekking"", ""hills""], ""discounts"": ""10% off on early bird bookings."", ""offers"": ""Winter offers the best value deals."", ""additional_booking_info"": ""Flexible cancellation up to 24 hours before check-in.""}"
H0153,Tanahun Plaza - 153,Tanahun,4,Central Tanahun,27.695252,85.302781,Budget Hotel,7000-15300 NPR,4.9,607,Room Service; Airport Shuttle; Free WiFi,Tanahusur Durbar,palace; family-friendly; trekking; near-temple,"Tanahun Plaza - 153 is a budget hotel in Central Tanahun, Tanahun. Features include Room Service, Airport Shuttle, Free WiFi. Close to Tanahusur Durbar.","{""best_time"": ""Oct-Mar"", ""booking_note"": ""Contact hotel for seasonal packages."", ""recommended_for"": [""palace"", ""family-friendly"", ""trekking""], ""discounts"": ""Complimentary breakfast for bookings over 3 nights."", ""offers"": ""Winter offers the best value deals."", ""additional_booking_info"": ""Airport pickup can be arranged on request.""}"
H0154,Solukhumbu Lodge,Solukhumbu,1,Central Solukhumbu,27.700063,85.294926,Luxury Hotel,1500-4500 NPR,3.9,2548,Bike Rental; Bar; Spa,Lukla,Arts and Entertainment; Landmarks; heritage; budget; trekking-base,"Solukhumbu Lodge is a luxury hotel in Central Solukhumbu, Solukhumbu. Features include Bike Rental, Bar, Spa. Close to Lukla.","{""best_time"": ""Oct-Apr"", ""booking_note"": ""Contact hotel for seasonal packages."", ""recommended_for"": [""Arts and Entertainment"", ""Landmarks"", ""heritage""], ""discounts"": ""Complimentary breakfast for bookings over 3 nights."", ""offers"": ""Advance booking recommended during festival seasons."", ""additional_booking_info"": ""Includes optional guided hiking tours.""}"
H0155,Tanahun Lodge,Tanahun,4,Central Tanahun,27.673474,85.275173,Luxury Hotel,1800-9700 NPR,4.4,460,Restaurant; Swimming Pool; Free WiFi; Spa; Room Service,Vimad,scenery; spiritual; history; city,"Tanahun Lodge is a luxury hotel in Central Tanahun, Tanahun. Features include Restaurant, Swimming Pool, Free WiFi, Spa. Close to Vimad.","{""best_time"": ""Oct-Mar"", ""booking_note"": ""Contact hotel for seasonal packages."", ""recommended_for"": [""scenery"", ""spiritual"", ""history""], ""discounts"": ""Complimentary breakfast for bookings over 3 nights."", ""offers"": ""Best to book at least 2 weeks in advance."", ""additional_booking_info"": ""Flexible cancellation up to 24 hours before check-in.""}"
H0156,Parbat Heritage Hotel,Parbat,4,Central Parbat,27.685555,85.292312,Homestay,6800-9200 NPR,4.7,250,Guide Services; Laundry; Bike Rental; Airport Shuttle; Tour Desk,Tripurshowr Mahadev Temple,culture; temple; budget; hindu; spiritual,"Parbat Heritage Hotel is a homestay in Central Parbat, Parbat. Features include Guide Services, Laundry, Bike Rental, Airport Shuttle. Close to Tripurshowr Mahadev Temple.","{""best_time"": ""Oct-Mar"", ""booking_note"": ""Contact hotel for seasonal packages."", ""recommended_for"": [""culture"", ""temple"", ""budget""], ""discounts"": ""Group discounts available for 5+ guests."", ""offers"": ""Best to book at least 2 weeks in advance."", ""additional_booking_info"": ""Airport pickup can be arranged on request.""}"
H0157,Jajarkot Heritage Hotel - 157,Jajarkot,6,Central Jajarkot,27.704013,85.292061,Homestay,7100-9300 NPR,4.8,954,Bike Rental; Free WiFi; Breakfast Included; Tour Desk,Deurali Cave,hills; cave; family-friendly; river; forest; natural beauty; hiking; ponds,"Jajarkot Heritage Hotel - 157 is a homestay in Central Jajarkot, Jajarkot. Features include Bike Rental, Free WiFi, Breakfast Included, Tour Desk. Close to Deurali Cave.","{""best_time"": ""Oct-Apr"", ""booking_note"": ""Contact hotel for seasonal packages."", ""recommended_for"": [""hills"", ""cave"", ""family-friendly""], ""discounts"": ""Seasonal discount available during off-peak months."", ""offers"": ""Best to book at least 2 weeks in advance."", ""additional_booking_info"": ""Airport pickup can be arranged on request.""}"
H0158,Darchula Inn - 158,Darchula,7,Narayan ashram,27.72587,85.321449,Hostel,7400-14700 NPR,3.8,2043,Lake View; Laundry; Airport Shuttle; Pet Friendly; Swimming Pool; Breakfast Included,Narayan ashram,lakeside; history; natural beauty,"Darchula Inn - 158 is a hostel in Narayan ashram, Darchula. Features include Lake View, Laundry, Airport Shuttle, Pet Friendly. Close to Narayan ashram.","{""best_time"": ""Oct-Mar"", ""booking_note"": ""Contact hotel for seasonal packages."", ""recommended_for"": [""lakeside"", ""history"", ""natural beauty""], ""discounts"": ""Seasonal discount available during off-peak months."", ""offers"": ""Best to book at least 2 weeks in advance."", ""additional_booking_info"": ""Flexible cancellation up to 24 hours before check-in.""}"
H0159,Markhu  Grand Hotel,Markhu ,3,Markhu & Kulekhani Lake,27.697906,85.286938,Homestay,3500-5400 NPR,4.3,75,Bar; Mountain View; Room Service; Tour Desk; Free Parking,Markhu & Kulekhani Lake,Boating; peaceful; culture; cycling; short hikes; lakeside homestays,"Markhu Grand Hotel is a homestay in Markhu & Kulekhani Lake, Markhu . Features include Bar, Mountain View, Room Service, Tour Desk. Close to Markhu & Kulekhani Lake.","{""best_time"": ""All year (avoid monsoon)"", ""booking_note"": ""Contact hotel for seasonal packages."", ""recommended_for"": [""Boating"", ""peaceful"", ""culture""], ""discounts"": ""20% discount for direct website bookings."", ""offers"": ""Best season to book: Spring and Autumn."", ""additional_booking_info"": ""Complimentary local sightseeing package on request.""}"
H0160,Kanchanpur Palace,Kanchanpur,7,Central Kanchanpur,27.717758,85.279034,Luxury Hotel,1000-5300 NPR,4.3,88,Free WiFi; Family Rooms; Mountain View; Swimming Pool; Bar,Shuklaphata National Park,national park; eco-friendly; natural beauty; wildlife; lakeside; spiritual,"Kanchanpur Palace is a luxury hotel in Central Kanchanpur, Kanchanpur. Features include Free WiFi, Family Rooms, Mountain View, Swimming Pool. Close to Shuklaphata National Park.","{""best_time"": ""Oct-Apr"", ""booking_note"": ""Contact hotel for seasonal packages."", ""recommended_for"": [""national park"", ""eco-friendly"", ""natural beauty""], ""discounts"": ""Seasonal discount available during off-peak months."", ""offers"": ""Best to book at least 2 weeks in advance."", ""additional_booking_info"": ""Complimentary local sightseeing package on request.""}"
H0161,Solukhumbu Plaza,Solukhumbu,1,Lukla,27.725276,85.323837,Hostel,4200-10800 NPR,4.2,705,Swimming Pool; Bike Rental; Spa; Family Rooms; Airport Shuttle; Breakfast Included; Bar,Lukla,Arts and Entertainment; Landmarks; adventure; wildlife; lakeside,"Solukhumbu Plaza is a hostel in Lukla, Solukhumbu. Features include Swimming Pool, Bike Rental, Spa, Family Rooms. Close to Lukla.","{""best_time"": ""Oct-Apr"", ""booking_note"": ""Contact hotel for seasonal packages."", ""recommended_for"": [""Arts and Entertainment"", ""Landmarks"", ""adventure""], ""discounts"": ""20% discount for direct website bookings."", ""offers"": ""Advance booking recommended during festival seasons."", ""additional_booking_info"": ""Children under 6 stay free with parents.""}"
H0162,Gorkha Inn,Gorkha,4,Karbakeli footpath,28.024014,84.620575,Eco-Lodge,3000-7400 NPR,3.6,1670,Room Service; Swimming Pool; Spa; Tour Desk,Karbakeli footpath,trekking; wellness; hills; village; landmarks; mountains; hiking,"Gorkha Inn is a eco-lodge in Karbakeli footpath, Gorkha. Features include Room Service, Swimming Pool, Spa, Tour Desk. Close to Karbakeli footpath.","{""best_time"": ""Oct-Mar"", ""booking_note"": ""Contact hotel for seasonal packages."", ""recommended_for"": [""trekking"", ""wellness"", ""hills""], ""discounts"": ""10% off on early bird bookings."", ""offers"": ""Best to book at least 2 weeks in advance."", ""additional_booking_info"": ""Flexible cancellation up to 24 hours before check-in.""}"
H0163,Surkhet Inn,Surkhet,6,Central Surkhet,27.727878,85.282458,Homestay,4600-9400 NPR,4.8,750,Mountain View; Tour Desk; Breakfast Included; Bar,Viewpoint Gothikanda,forest; adventure; hill; budget,"Surkhet Inn is a homestay in Central Surkhet, Surkhet. Features include Mountain View, Tour Desk, Breakfast Included, Bar. Close to Viewpoint Gothikanda.","{""best_time"": ""All Year"", ""booking_note"": ""Contact hotel for seasonal packages."", ""recommended_for"": [""forest"", ""adventure"", ""hill""], ""discounts"": ""10% off on early bird bookings."", ""offers"": ""Best to book at least 2 weeks in advance."", ""additional_booking_info"": ""Airport pickup can be arranged on request.""}"
H0164,Mustang Inn - 164,Mustang,4,Upper mustang trek,27.68793,85.319205,Budget Hotel,1100-8200 NPR,4.8,4564,Free Parking; Swimming Pool; Hiking Tours; Tour Desk; Spa; Conference Hall; Free WiFi,Upper mustang trek,trekking; hills; landmarks; mountains; hiking; lakeside,"Mustang Inn - 164 is a budget hotel in Upper mustang trek, Mustang. Features include Free Parking, Swimming Pool, Hiking Tours, Tour Desk. Close to Upper mustang trek.","{""best_time"": ""Sep-Nov, Mar-May"", ""booking_note"": ""Contact hotel for seasonal packages."", ""recommended_for"": [""trekking"", ""hills"", ""landmarks""], ""discounts"": ""Book 2 nights and get the 3rd free!"", ""offers"": ""Best to book at least 2 weeks in advance."", ""additional_booking_info"": ""Flexible cancellation up to 24 hours before check-in.""}"
H0165,Hyatt Regency Kathmandu,Kathmandu,3,Swayambhunath temple,27.725018,85.332681,Cottage,5600-10300 NPR,4.9,624,Airport Shuttle; Bar; Hiking Tours,Swayambhunath temple,temple; budget; statues; sculpture; cultural,"Hyatt Regency Kathmandu is a cottage in Swayambhunath temple, Kathmandu. Features include Airport Shuttle, Bar, Hiking Tours. Close to Swayambhunath temple.","{""best_time"": ""All Year"", ""booking_note"": ""Contact hotel for seasonal packages."", ""recommended_for"": [""temple"", ""budget"", ""statues""], ""discounts"": ""Book 2 nights and get the 3rd free!"", ""offers"": ""Winter offers the best value deals."", ""additional_booking_info"": ""Includes optional guided hiking tours.""}"
H0166,Parbat Residency - 166,Parbat,4,Central Parbat,27.680079,85.304433,Luxury Hotel,4900-5800 NPR,4.1,3505,Pet Friendly; Bar; Restaurant; Laundry,Alamdevi,hindu; wellness; temple; adventure,"Parbat Residency - 166 is a luxury hotel in Central Parbat, Parbat. Features include Pet Friendly, Bar, Restaurant, Laundry. Close to Alamdevi.","{""best_time"": ""Oct-Mar"", ""booking_note"": ""Contact hotel for seasonal packages."", ""recommended_for"": [""hindu"", ""wellness"", ""temple""], ""discounts"": ""Book 2 nights and get the 3rd free!"", ""offers"": ""Ideal to book during weekdays for better rates."", ""additional_booking_info"": ""Complimentary local sightseeing package on request.""}"
H0167,Solukhumbu Palace,Solukhumbu,1,Central Solukhumbu,27.722967,85.298742,Boutique Hotel,3100-9900 NPR,3.7,1643,Free Parking; Conference Hall; Free WiFi; Family Rooms; Pet Friendly; Bonfire; Laundry,Phakding,Landmarks; peaceful; trekking; culture; hills,"Solukhumbu Palace is a boutique hotel in Central Solukhumbu, Solukhumbu. Features include Free Parking, Conference Hall, Free WiFi, Family Rooms. Close to Phakding.","{""best_time"": ""Oct-Apr"", ""booking_note"": ""Contact hotel for seasonal packages."", ""recommended_for"": [""Landmarks"", ""peaceful"", ""trekking""], ""discounts"": ""Group discounts available for 5+ guests."", ""offers"": ""Best season to book: Spring and Autumn."", ""additional_booking_info"": ""Airport pickup can be arranged on request.""}"
H0168,Hotel Park Village Resort,Chitwan,3,Sauraha,27.523133,84.338141,Homestay,1300-9500 NPR,4.3,4794,Restaurant; Swimming Pool; Free Parking; Room Service,Sauraha,Photography; family-friendly; birdwatching; Elephant Bathing; Local Markets,"Hotel Park Village Resort is a homestay in Sauraha, Chitwan. Features include Restaurant, Swimming Pool, Free Parking, Room Service. Close to Sauraha.","{""best_time"": ""Oct–Apr"", ""booking_note"": ""Contact hotel for seasonal packages."", ""recommended_for"": [""Photography"", ""family-friendly"", ""birdwatching""], ""discounts"": ""Seasonal discount available during off-peak months."", ""offers"": ""Advance booking recommended during festival seasons."", ""additional_booking_info"": ""Complimentary local sightseeing package on request.""}"
H0169,Gokarna Forest Resort,Kathmandu,3,Central Kathmandu,27.737913,85.304566,Cottage,3400-9800 NPR,4.9,241,Room Service; Wake-up Service; Spa; Bar; Bonfire,Selfie hill,scenary; offbeat; hill; wildlife; spiritual,"Gokarna Forest Resort is a cottage in Central Kathmandu, Kathmandu. Features include Room Service, Wake-up Service, Spa, Bar. Close to Selfie hill.","{""best_time"": ""All Year"", ""booking_note"": ""Contact hotel for seasonal packages."", ""recommended_for"": [""scenary"", ""offbeat"", ""hill""], ""discounts"": ""Group discounts available for 5+ guests."", ""offers"": ""Best season to book: Spring and Autumn."", ""additional_booking_info"": ""Includes optional guided hiking tours.""}"
H0170,Khotang Residency - 170,Khotang,1,Central Khotang,27.671196,85.298679,Lodge,5800-9600 NPR,4.7,2801,Lake View; Breakfast Included; Free WiFi; Spa,Haleshi-maratika cave,Landmarks; Religious; Tour; hiking; adventure; Hiking; luxury,"Khotang Residency - 170 is a lodge in Central Khotang, Khotang. Features include Lake View, Breakfast Included, Free WiFi, Spa. Close to Haleshi-maratika cave.","{""best_time"": ""Oct-Apr"", ""booking_note"": ""Contact hotel for seasonal packages."", ""recommended_for"": [""Landmarks"", ""Religious"", ""Tour""], ""discounts"": ""20% discount for direct website bookings."", ""offers"": ""Best to book at least 2 weeks in advance."", ""additional_booking_info"": ""Children under 6 stay free with parents.""}"
H0171,Butwal/Rupandehi Residency - 171,Butwal/Rupandehi,5,Central Butwal/Rupandehi,27.693736,85.276062,Homestay,3400-6200 NPR,5.0,3588,Wake-up Service; Lake View; Restaurant; Conference Hall; Pet Friendly; Free Parking,Jitgadi Fort,historical; heritage; culture; offbeat; fort,"Butwal/Rupandehi Residency - 171 is a homestay in Central Butwal/Rupandehi, Butwal/Rupandehi. Features include Wake-up Service, Lake View, Restaurant, Conference Hall. Close to Jitgadi Fort.","{""best_time"": ""All Year"", ""booking_note"": ""Contact hotel for seasonal packages."", ""recommended_for"": [""historical"", ""heritage"", ""culture""], ""discounts"": ""Group discounts available for 5+ guests."", ""offers"": ""Ideal to book during weekdays for better rates."", ""additional_booking_info"": ""Children under 6 stay free with parents.""}"
H0172,Lamjung Hotel - 172,Lamjung,4,Central Lamjung,27.726927,85.326922,Luxury Hotel,7800-8800 NPR,3.8,2616,Free Parking; Room Service; Swimming Pool; Bonfire; Spa; Lake View; Pet Friendly,Byas Gufa (Cave),history; cave; temple; hindu; lakeside,"Lamjung Hotel - 172 is a luxury hotel in Central Lamjung, Lamjung. Features include Free Parking, Room Service, Swimming Pool, Bonfire. Close to Byas Gufa (Cave).","{""best_time"": ""Oct-Mar"", ""booking_note"": ""Contact hotel for seasonal packages."", ""recommended_for"": [""history"", ""cave"", ""temple""], ""discounts"": ""Complimentary breakfast for bookings over 3 nights."", ""offers"": ""Best season to book: Spring and Autumn."", ""additional_booking_info"": ""Flexible cancellation up to 24 hours before check-in.""}"
H0173,Parbat Inn - 173,Parbat,4,Central Parbat,27.675324,85.312538,Lodge,4500-5100 NPR,3.9,2054,Pet Friendly; Laundry; Swimming Pool,Tripurshowr Mahadev Temple,heritage; family-friendly; temple; romantic; hindu,"Parbat Inn - 173 is a lodge in Central Parbat, Parbat. Features include Pet Friendly, Laundry, Swimming Pool. Close to Tripurshowr Mahadev Temple.","{""best_time"": ""Oct-Mar"", ""booking_note"": ""Contact hotel for seasonal packages."", ""recommended_for"": [""heritage"", ""family-friendly"", ""temple""], ""discounts"": ""Book 2 nights and get the 3rd free!"", ""offers"": ""Best season to book: Spring and Autumn."", ""additional_booking_info"": ""Complimentary local sightseeing package on request.""}"
H0174,Mugu Lodge,Mugu,6,Central Mugu,27.699585,85.292723,Hostel,3900-6000 NPR,4.7,4745,Restaurant; Hiking Tours; Airport Shuttle; Breakfast Included, Rara National Park,national park; romantic; trekking-base; pond; wildlife; lake,"Mugu Lodge is a hostel in Central Mugu, Mugu. Features include Restaurant, Hiking Tours, Airport Shuttle, Breakfast Included. Close to Rara National Park.","{""best_time"": ""Apr–Jun, Sept–Nov"", ""booking_note"": ""Contact hotel for seasonal packages."", ""recommended_for"": [""national park"", ""romantic"", ""trekking-base""], ""discounts"": ""10% off on early bird bookings."", ""offers"": ""Advance booking recommended during festival seasons."", ""additional_booking_info"": ""Flexible cancellation up to 24 hours before check-in.""}"
H0175,Gorkha Residency - 175,Gorkha,4,Karbakeli footpath,27.996627,84.644919,Hostel,1600-7600 NPR,4.4,3964,Guide Services; Restaurant; Wake-up Service,Karbakeli footpath,trekking; hills; family-friendly; village; landmarks; mountains; hiking,"Gorkha Residency - 175 is a hostel in Karbakeli footpath, Gorkha. Features include Guide Services, Restaurant, Wake-up Service. Close to Karbakeli footpath.","{""best_time"": ""Oct-Mar"", ""booking_note"": ""Contact hotel for seasonal packages."", ""recommended_for"": [""trekking"", ""hills"", ""family-friendly""], ""discounts"": ""20% discount for direct website bookings."", ""offers"": ""Best to book at least 2 weeks in advance."", ""additional_booking_info"": ""Flexible cancellation up to 24 hours before check-in.""}"
H0176,Siraha Inn - 176,Siraha,2,Manik Dah,27.711832,85.313322,Hostel,3000-8100 NPR,3.9,795,Family Rooms; Room Service; Conference Hall,Manik Dah,family-friendly; adventure; lake,"Siraha Inn - 176 is a hostel in Manik Dah, Siraha. Features include Family Rooms, Room Service, Conference Hall. Close to Manik Dah.","{""best_time"": ""Oct-Mar"", ""booking_note"": ""Contact hotel for seasonal packages."", ""recommended_for"": [""family-friendly"", ""adventure"", ""lake""], ""discounts"": ""Group discounts available for 5+ guests."", ""offers"": ""Ideal to book during weekdays for better rates."", ""additional_booking_info"": ""Complimentary local sightseeing package on request.""}"
H0177,Bardiya Safari Lodge,Bardiya,5,Bardiya National Park,28.407321,81.558413,Guesthouse,1600-2500 NPR,3.8,2400,Bonfire; Swimming Pool; Mountain View,Bardiya National Park,lakes; river; local-experience; tour; wildlife; spiritual,"Bardiya Safari Lodge is a guesthouse in Bardiya National Park, Bardiya. Features include Bonfire, Swimming Pool, Mountain View. Close to Bardiya National Park.","{""best_time"": ""Oct–Apr"", ""booking_note"": ""Contact hotel for seasonal packages."", ""recommended_for"": [""lakes"", ""river"", ""local-experience""], ""discounts"": ""20% discount for direct website bookings."", ""offers"": ""Best to book at least 2 weeks in advance."", ""additional_booking_info"": ""Airport pickup can be arranged on request.""}"
H0178,Myagdi Residency,Myagdi,4,Rupse Jharna,27.692261,85.292887,Budget Hotel,4500-5700 NPR,3.9,3819,Free Parking; Laundry; Room Service; Breakfast Included; Spa,Rupse Jharna,peaceful; waterfall; budget; luxury,"Myagdi Residency is a budget hotel in Rupse Jharna, Myagdi. Features include Free Parking, Laundry, Room Service, Breakfast Included. Close to Rupse Jharna.","{""best_time"": ""Oct-Mar"", ""booking_note"": ""Contact hotel for seasonal packages."", ""recommended_for"": [""peaceful"", ""waterfall"", ""budget""], ""discounts"": ""Complimentary breakfast for bookings over 3 nights."", ""offers"": ""Best to book at least 2 weeks in advance."", ""additional_booking_info"": ""Complimentary local sightseeing package on request.""}"
H0179,Annapurna Base Camp Lodge,Pokhara,4,Central Pokhara,28.212816,84.006048,Hostel,4200-12500 NPR,4.4,1940,Mountain View; Airport Shuttle; Family Rooms; Breakfast Included; Bike Rental; Spa,Zipline (Kusma / Pokhara),wellness; Zipline Adventure,"Annapurna Base Camp Lodge is a hostel in Central Pokhara, Pokhara. Features include Mountain View, Airport Shuttle, Family Rooms, Breakfast Included. Close to Zipline (Kusma / Pokhara).","{""best_time"": ""Oct–Nov, Mar–May"", ""booking_note"": ""Contact hotel for seasonal packages."", ""recommended_for"": [""wellness"", ""Zipline Adventure""], ""discounts"": ""10% off on early bird bookings."", ""offers"": ""Ideal to book during weekdays for better rates."", ""additional_booking_info"": ""Includes optional guided hiking tours.""}"
H0180,Hotel Shanker,Kathmandu,3,Central Kathmandu,27.694771,85.319402,Luxury Hotel,2500-5400 NPR,4.8,2122,Airport Shuttle; Wake-up Service; Family Rooms; Conference Hall; Room Service,The White Monastery,buddhist; mountain-view; trekking-base; monastery; hiking,"Hotel Shanker is a luxury hotel in Central Kathmandu, Kathmandu. Features include Airport Shuttle, Wake-up Service, Family Rooms, Conference Hall. Close to The White Monastery.","{""best_time"": ""All Year"", ""booking_note"": ""Contact hotel for seasonal packages."", ""recommended_for"": [""buddhist"", ""mountain-view"", ""trekking-base""], ""discounts"": ""Complimentary breakfast for bookings over 3 nights."", ""offers"": ""Ideal to book during weekdays for better rates."", ""additional_booking_info"": ""Includes optional guided hiking tours.""}"
H0181,Salyan Grand Hotel,Salyan,6,Central Salyan,27.701354,85.295176,Luxury Hotel,2000-5000 NPR,4.3,4783,Swimming Pool; Room Service; Wake-up Service,Guerilla Trek,peaceful; trekking; culture; hills; history; birdwatching,"Salyan Grand Hotel is a luxury hotel in Central Salyan, Salyan. Features include Swimming Pool, Room Service, Wake-up Service. Close to Guerilla Trek.","{""best_time"": ""Oct-Apr"", ""booking_note"": ""Contact hotel for seasonal packages."", ""recommended_for"": [""peaceful"", ""trekking"", ""culture""], ""discounts"": ""10% off on early bird bookings."", ""offers"": ""Advance booking recommended during festival seasons."", ""additional_booking_info"": ""Complimentary local sightseeing package on request.""}"
H0182,Rupandehi Hotel - 182,Rupandehi,5,Central Rupandehi,27.706538,85.272248,Homestay,4100-7000 NPR,4.4,3300,Family Rooms; Lake View; Free Parking,Siddhartha Nagar,park; spiritual; tour; scenery,"Rupandehi Hotel - 182 is a homestay in Central Rupandehi, Rupandehi. Features include Family Rooms, Lake View, Free Parking. Close to Siddhartha Nagar.","{""best_time"": ""All Year"", ""booking_note"": ""Contact hotel for seasonal packages."", ""recommended_for"": [""park"", ""spiritual"", ""tour""], ""discounts"": ""Group discounts available for 5+ guests."", ""offers"": ""Winter offers the best value deals."", ""additional_booking_info"": ""Children under 6 stay free with parents.""}"
H0183,Fishtail Lodge (Pokhara) - 183,Pokhara,4,Central Pokhara,28.197783,83.972421,Eco-Lodge,7800-9900 NPR,5.0,1877,Mountain View; Hiking Tours; Lake View; Laundry,Davis Falls,near-temple; waterfall; budget; eco-friendly,"Fishtail Lodge (Pokhara) - 183 is a eco-lodge in Central Pokhara, Pokhara. Features include Mountain View, Hiking Tours, Lake View, Laundry. Close to Davis Falls.","{""best_time"": ""Oct-Apr"", ""booking_note"": ""Contact hotel for seasonal packages."", ""recommended_for"": [""near-temple"", ""waterfall"", ""budget""], ""discounts"": ""Book 2 nights and get the 3rd free!"", ""offers"": ""Advance booking recommended during festival seasons."", ""additional_booking_info"": ""Includes optional guided hiking tours.""}"
H0184,Mugu Palace,Mugu,6,Central Mugu,27.699068,85.30099,Lodge,7500-8900 NPR,4.3,1312,Mountain View; Bike Rental; Family Rooms,Dofya Mahadev,hiking; hindu; temple,"Mugu Palace is a lodge in Central Mugu, Mugu. Features include Mountain View, Bike Rental, Family Rooms. Close to Dofya Mahadev.","{""best_time"": ""All Year"", ""booking_note"": ""Contact hotel for seasonal packages."", ""recommended_for"": [""hiking"", ""hindu"", ""temple""], ""discounts"": ""20% discount for direct website bookings."", ""offers"": ""Ideal to book during weekdays for better rates."", ""additional_booking_info"": ""Children under 6 stay free with parents.""}"
H0185,Tehrathum Grand Hotel - 185,Tehrathum,1,Central Tehrathum,27.682044,85.273458,Resort,4500-5900 NPR,4.9,1641,Pet Friendly; Hiking Tours; Bike Rental; Family Rooms; Swimming Pool,Sukepokhari,High-altitude pond; peaceful; nature photography; peaceful camping; romantic; lakeside,"Tehrathum Grand Hotel - 185 is a resort in Central Tehrathum, Tehrathum. Features include Pet Friendly, Hiking Tours, Bike Rental, Family Rooms. Close to Sukepokhari.","{""best_time"": ""Oct–Dec & Mar–May"", ""booking_note"": ""Contact hotel for seasonal packages."", ""recommended_for"": [""High-altitude pond"", ""peaceful"", ""nature photography""], ""discounts"": ""10% off on early bird bookings."", ""offers"": ""Ideal to book during weekdays for better rates."", ""additional_booking_info"": ""Complimentary local sightseeing package on request.""}"
H0186,Dadeldhura Resort - 186,Dadeldhura,7,Central Dadeldhura,27.705213,85.290986,Budget Hotel,7700-12400 NPR,4.6,750,Free WiFi; Family Rooms; Breakfast Included; Restaurant; Bar,Tripura Sundari temple,lakeside; hindu; temple,"Dadeldhura Resort - 186 is a budget hotel in Central Dadeldhura, Dadeldhura. Features include Free WiFi, Family Rooms, Breakfast Included, Restaurant. Close to Tripura Sundari temple.","{""best_time"": ""Oct-Mar"", ""booking_note"": ""Contact hotel for seasonal packages."", ""recommended_for"": [""lakeside"", ""hindu"", ""temple""], ""discounts"": ""Book 2 nights and get the 3rd free!"", ""offers"": ""Best season to book: Spring and Autumn."", ""additional_booking_info"": ""Includes optional guided hiking tours.""}"
H0187,Soaltee Hotel,Kathmandu,3,Central Kathmandu,27.739078,85.352028,Resort,4700-7400 NPR,4.5,4934,Free Parking; Laundry; Mountain View,Dhaaraapani (Dhungedhaaraa),heritage; mountain-view; temple; eco-friendly; statues; pond,"Soaltee Hotel is a resort in Central Kathmandu, Kathmandu. Features include Free Parking, Laundry, Mountain View. Close to Dhaaraapani (Dhungedhaaraa).","{""best_time"": ""All Year"", ""booking_note"": ""Contact hotel for seasonal packages."", ""recommended_for"": [""heritage"", ""mountain-view"", ""temple""], ""discounts"": ""Group discounts available for 5+ guests."", ""offers"": ""Winter offers the best value deals."", ""additional_booking_info"": ""Complimentary local sightseeing package on request.""}"
H0188,Parbat Resort - 188,Parbat,4,Central Parbat,27.710632,85.319459,Luxury Hotel,5600-7800 NPR,3.5,3075,Wake-up Service; Tour Desk; Mountain View; Room Service; Swimming Pool; Bonfire; Breakfast Included,Devisthan Temple,trekking-base; hindu; mountain-view; temple,"Parbat Resort - 188 is a luxury hotel in Central Parbat, Parbat. Features include Wake-up Service, Tour Desk, Mountain View, Room Service. Close to Devisthan Temple.","{""best_time"": ""Oct-Mar"", ""booking_note"": ""Contact hotel for seasonal packages."", ""recommended_for"": [""trekking-base"", ""hindu"", ""mountain-view""], ""discounts"": ""Complimentary breakfast for bookings over 3 nights."", ""offers"": ""Ideal to book during weekdays for better rates."", ""additional_booking_info"": ""Airport pickup can be arranged on request.""}"
H0189,Hotel Middle Path & Spa,Pokhara,4,Central Pokhara,28.218688,83.966902,Hostel,7100-11500 NPR,4.8,4925,Lake View; Spa; Free WiFi; Bonfire; Mountain View; Laundry,Rupa Lake,Lake; local-experience; hills; heritage,"Hotel Middle Path & Spa is a hostel in Central Pokhara, Pokhara. Features include Lake View, Spa, Free WiFi, Bonfire. Close to Rupa Lake.","{""best_time"": ""Oct-Apr"", ""booking_note"": ""Contact hotel for seasonal packages."", ""recommended_for"": [""Lake"", ""local-experience"", ""hills""], ""discounts"": ""Book 2 nights and get the 3rd free!"", ""offers"": ""Best season to book: Spring and Autumn."", ""additional_booking_info"": ""Complimentary local sightseeing package on request.""}"
H0190,Sunsari Palace - 190,Sunsari,1,Central Sunsari,27.711179,85.308299,Eco-Lodge,6300-12700 NPR,4.3,1402,Restaurant; Mountain View; Swimming Pool; Bonfire; Spa; Laundry; Pet Friendly,"Shiv Jhatta, Dharan",Landmarks; waterfall; picnic spot; budget; offbeat; trekking-base; Hiking,"Sunsari Palace - 190 is a eco-lodge in Central Sunsari, Sunsari. Features include Restaurant, Mountain View, Swimming Pool, Bonfire. Close to Shiv Jhatta, Dharan.","{""best_time"": ""Oct-Apr"", ""booking_note"": ""Contact hotel for seasonal packages."", ""recommended_for"": [""Landmarks"", ""waterfall"", ""picnic spot""], ""discounts"": ""20% discount for direct website bookings."", ""offers"": ""Advance booking recommended during festival seasons."", ""additional_booking_info"": ""Children under 6 stay free with parents.""}"
H0191,Makwanpur Inn - 191,Makwanpur,3,Central Makwanpur,27.695228,85.323211,Lodge,2900-8300 NPR,4.2,974,Breakfast Included; Room Service; Tour Desk; Airport Shuttle; Bonfire; Bar,Kulekhani(Indra Sarovar)   ,boat tour; heritage; hiking; lake; luxury,"Makwanpur Inn - 191 is a lodge in Central Makwanpur, Makwanpur. Features include Breakfast Included, Room Service, Tour Desk, Airport Shuttle. Close to Kulekhani(Indra Sarovar) .","{""best_time"": ""Oct-Apr"", ""booking_note"": ""Contact hotel for seasonal packages."", ""recommended_for"": [""boat tour"", ""heritage"", ""hiking""], ""discounts"": ""20% discount for direct website bookings."", ""offers"": ""Best to book at least 2 weeks in advance."", ""additional_booking_info"": ""Complimentary local sightseeing package on request.""}"
H0192,Lamjung Lodge - 192,Lamjung,4,Central Lamjung,27.678242,85.282018,Luxury Hotel,5500-13500 NPR,3.7,1487,Bonfire; Lake View; Restaurant,Bhulbhule,trekking; hills; family-friendly; village; romantic; hiking,"Lamjung Lodge - 192 is a luxury hotel in Central Lamjung, Lamjung. Features include Bonfire, Lake View, Restaurant. Close to Bhulbhule.","{""best_time"": ""Oct-Mar"", ""booking_note"": ""Contact hotel for seasonal packages."", ""recommended_for"": [""trekking"", ""hills"", ""family-friendly""], ""discounts"": ""Complimentary breakfast for bookings over 3 nights."", ""offers"": ""Best to book at least 2 weeks in advance."", ""additional_booking_info"": ""Airport pickup can be arranged on request.""}"
H0193,Kalikot Hotel - 193,Kalikot,6,Central Kalikot,27.704577,85.279506,Boutique Hotel,1900-9500 NPR,4.5,3314,Bonfire; Family Rooms; Free WiFi; Breakfast Included; Bar; Pet Friendly,Kalikot ,rafting; rivers; hills; village; fishing; mountains; swimming; trekking-base,"Kalikot Hotel - 193 is a boutique hotel in Central Kalikot, Kalikot. Features include Bonfire, Family Rooms, Free WiFi, Breakfast Included. Close to Kalikot .","{""best_time"": ""Oct-Apr"", ""booking_note"": ""Contact hotel for seasonal packages."", ""recommended_for"": [""rafting"", ""rivers"", ""hills""], ""discounts"": ""Seasonal discount available during off-peak months."", ""offers"": ""Best to book at least 2 weeks in advance."", ""additional_booking_info"": ""Includes optional guided hiking tours.""}"
H0194,Hotel Annapurna - 194,Pokhara,4,Poon Hill,28.223616,83.969176,Lodge,3400-6000 NPR,3.7,4133,Mountain View; Restaurant; Airport Shuttle; Breakfast Included; Wake-up Service; Bike Rental; Free Parking,Poon Hill,Photography; local-experience; Sunrise trek; trekking-base; hiking; Scenic view,"Hotel Annapurna - 194 is a lodge in Poon Hill, Pokhara. Features include Mountain View, Restaurant, Airport Shuttle, Breakfast Included. Close to Poon Hill.","{""best_time"": ""October-April"", ""booking_note"": ""Contact hotel for seasonal packages."", ""recommended_for"": [""Photography"", ""local-experience"", ""Sunrise trek""], ""discounts"": ""Seasonal discount available during off-peak months."", ""offers"": ""Advance booking recommended during festival seasons."", ""additional_booking_info"": ""Airport pickup can be arranged on request.""}"
H0195,Dolpa Plaza - 195,Dolpa,6,Central Dolpa,27.691555,85.281306,Luxury Hotel,1000-5200 NPR,3.8,1084,Free WiFi; Room Service; Bike Rental; Restaurant, Ringmo,buddhist; peaceful; Bon religion; village; monastery,"Dolpa Plaza - 195 is a luxury hotel in Central Dolpa, Dolpa. Features include Free WiFi, Room Service, Bike Rental, Restaurant. Close to Ringmo.","{""best_time"": ""May-Oct"", ""booking_note"": ""Contact hotel for seasonal packages."", ""recommended_for"": [""buddhist"", ""peaceful"", ""Bon religion""], ""discounts"": ""Complimentary breakfast for bookings over 3 nights."", ""offers"": ""Winter offers the best value deals."", ""additional_booking_info"": ""Includes optional guided hiking tours.""}"
H0196,Khotang Lodge,Khotang,1,Haleshi-maratika cave,27.702084,85.272915,Resort,6200-8500 NPR,4.5,171,Swimming Pool; Guide Services; Hiking Tours,Haleshi-maratika cave,Landmarks; Religious; Tour; birdwatching; Hiking; luxury,"Khotang Lodge is a resort in Haleshi-maratika cave, Khotang. Features include Swimming Pool, Guide Services, Hiking Tours. Close to Haleshi-maratika cave.","{""best_time"": ""Oct-Apr"", ""booking_note"": ""Contact hotel for seasonal packages."", ""recommended_for"": [""Landmarks"", ""Religious"", ""Tour""], ""discounts"": ""Book 2 nights and get the 3rd free!"", ""offers"": ""Advance booking recommended during festival seasons."", ""additional_booking_info"": ""Airport pickup can be arranged on request.""}"
H0197,Mustang Resort,Mustang,4,Lower Mustang trek,27.711144,85.270558,Luxury Hotel,6200-8400 NPR,4.5,2221,Tour Desk; Spa; Guide Services; Swimming Pool; Bike Rental; Conference Hall; Wake-up Service,Lower Mustang trek,trekking; hills; landmarks; mountains; hiking; luxury,"Mustang Resort is a luxury hotel in Lower Mustang trek, Mustang. Features include Tour Desk, Spa, Guide Services, Swimming Pool. Close to Lower Mustang trek.","{""best_time"": ""Sep-Nov, Mar-May"", ""booking_note"": ""Contact hotel for seasonal packages."", ""recommended_for"": [""trekking"", ""hills"", ""landmarks""], ""discounts"": ""Group discounts available for 5+ guests."", ""offers"": ""Best to book at least 2 weeks in advance."", ""additional_booking_info"": ""Flexible cancellation up to 24 hours before check-in.""}"
H0198,Kailali Palace,Kailali,7,Central Kailali,27.71989,85.328387,Lodge,6600-13800 NPR,3.9,332,Bonfire; Bar; Wake-up Service; Lake View; Free Parking; Free WiFi; Room Service,Ghoda Ghodi lake,budget; natural beauty; wildlife; spiritual; lake; luxury,"Kailali Palace is a lodge in Central Kailali, Kailali. Features include Bonfire, Bar, Wake-up Service, Lake View. Close to Ghoda Ghodi lake.","{""best_time"": ""Oct-Apr"", ""booking_note"": ""Contact hotel for seasonal packages."", ""recommended_for"": [""budget"", ""natural beauty"", ""wildlife""], ""discounts"": ""Complimentary breakfast for bookings over 3 nights."", ""offers"": ""Ideal to book during weekdays for better rates."", ""additional_booking_info"": ""Complimentary local sightseeing package on request.""}"
H0199,Dhading Residency,Dhading,3,Tripurasundari Mai,27.713415,85.324287,Guesthouse,4500-9900 NPR,3.9,420,Restaurant; Breakfast Included; Mountain View,Tripurasundari Mai,temple; eco-friendly; hindu; trekking-base; cultural,"Dhading Residency is a guesthouse in Tripurasundari Mai, Dhading. Features include Restaurant, Breakfast Included, Mountain View. Close to Tripurasundari Mai.","{""best_time"": ""All Year"", ""booking_note"": ""Contact hotel for seasonal packages."", ""recommended_for"": [""temple"", ""eco-friendly"", ""hindu""], ""discounts"": ""Complimentary breakfast for bookings over 3 nights."", ""offers"": ""Winter offers the best value deals."", ""additional_booking_info"": ""Includes optional guided hiking tours.""}"
H0200,Bara Residency,Bara,2,Central Bara,27.67058,85.278304,Budget Hotel,3500-9800 NPR,4.8,2207,Pet Friendly; Lake View; Restaurant,Gahawa Mai Temple,hindu; temple; heritage,"Bara Residency is a budget hotel in Central Bara, Bara. Features include Pet Friendly, Lake View, Restaurant. Close to Gahawa Mai Temple.","{""best_time"": ""Oct-Mar"", ""booking_note"": ""Contact hotel for seasonal packages."", ""recommended_for"": [""hindu"", ""temple"", ""heritage""], ""discounts"": ""Group discounts available for 5+ guests."", ""offers"": ""Advance booking recommended during festival seasons."", ""additional_booking_info"": ""Airport pickup can be arranged on request.""}"
H0201,Pine House,Palpa,5,Near Mahamritunjaya Statue,27.690609,85.346335,Budget Hotel,1400-3900 NPR,4.2,120,Swimming Pool; Guide Services; Room Service,Mahamritunjaya Statue,religious; wellness; culture; heritage; statue; temple; hindu; offbeat,"Pine House is a budget hotel situated in Near Mahamritunjaya Statue, Palpa. Guests enjoy Swimming Pool, Guide Services, Room Service. Nearby: Mahamritunjaya Statue. Best time to visit: All Year.","{""best_time"": ""All Year"", ""note"": ""Generated synthetic listing; verify availability."", ""features"": [""Swimming Pool"", ""Guide Services"", ""Room Service""], ""discounts"": ""Complimentary breakfast for bookings over 3 nights."", ""offers"": ""Advance booking recommended during festival seasons."", ""additional_booking_info"": ""Flexible cancellation up to 24 hours before check-in.""}"
H0202,Everest Inn,Baglung/Rukum,5,Near Dhorpatan hunting reserve,27.747012,85.29797,Eco-Lodge,1400-8500 NPR,3.7,129,Wake-up Service; Lake View; Free WiFi; Bike Rental,Dhorpatan hunting reserve,lakes; river; hiking; trekking-base; tour; wildlife,"Everest Inn is a eco-lodge situated in Near Dhorpatan hunting reserve, Baglung/Rukum. Guests enjoy Wake-up Service, Lake View, Free WiFi, Bike Rental. Nearby: Dhorpatan hunting reserve. Best time to visit: Mar–May, Sep–Nov.","{""best_time"": ""Mar–May, Sep–Nov"", ""note"": ""Generated synthetic listing; verify availability."", ""features"": [""Wake-up Service"", ""Lake View"", ""Free WiFi"", ""Bike Rental""], ""discounts"": ""10% off on early bird bookings."", ""offers"": ""Best to book at least 2 weeks in advance."", ""additional_booking_info"": ""Includes optional guided hiking tours.""}"
H0203,Meadow Homestay Pokhara,Pokhara,4,Kahun Danda,28.19109,84.006755,Luxury Hotel,1700-2900 NPR,2.8,321,Bonfire; Wake-up Service; Restaurant; Airport Shuttle; Tour Desk; Lake View,Kahun Danda,Hiking; trekking-base; mountain-view; Sunrise View,"Meadow Homestay Pokhara is a luxury hotel situated in Kahun Danda, Pokhara. Guests enjoy Bonfire, Wake-up Service, Restaurant, Airport Shuttle. Nearby: Kahun Danda. Best time to visit: October-April.","{""best_time"": ""October-April"", ""note"": ""Generated synthetic listing; verify availability."", ""features"": [""Bonfire"", ""Wake-up Service"", ""Restaurant"", ""Airport Shuttle"", ""Tour Desk""], ""discounts"": ""20% discount for direct website bookings."", ""offers"": ""Best season to book: Spring and Autumn."", ""additional_booking_info"": ""Complimentary local sightseeing package on request.""}"
H0204,Cloud Retreat,Solukhumbu,1,Near khumjung,27.64946,85.293303,Cottage,4200-5900 NPR,4.5,915,Swimming Pool; Bonfire; Free WiFi; Wake-up Service,khumjung,Landmarks; family-friendly; birdwatching; Trekking; eco-friendly; romantic; Hiking,"Cloud Retreat is a cottage situated in Near khumjung, Solukhumbu. Guests enjoy Swimming Pool, Bonfire, Free WiFi, Wake-up Service. Nearby: khumjung. Best time to visit: Oct-Apr.","{""best_time"": ""Oct-Apr"", ""note"": ""Generated synthetic listing; verify availability."", ""features"": [""Swimming Pool"", ""Bonfire"", ""Free WiFi"", ""Wake-up Service""], ""discounts"": ""Book 2 nights and get the 3rd free!"", ""offers"": ""Ideal to book during weekdays for better rates."", ""additional_booking_info"": ""Includes optional guided hiking tours.""}"
H0205,Everest Homestay,Saptari,2,Near Rajdevi Temple,27.718552,85.294745,Lodge,3500-4700 NPR,4.4,930,Conference Hall; Tour Desk; Bonfire; Pet Friendly,Rajdevi Temple,temple; local-experience; romantic; hindu; lakeside; luxury,"Everest Homestay is a lodge situated in Near Rajdevi Temple, Saptari. Guests enjoy Conference Hall, Tour Desk, Bonfire, Pet Friendly. Nearby: Rajdevi Temple. Best time to visit: Oct-Mar.","{""best_time"": ""Oct-Mar"", ""note"": ""Generated synthetic listing; verify availability."", ""features"": [""Conference Hall"", ""Tour Desk"", ""Bonfire"", ""Pet Friendly""], ""discounts"": ""Seasonal discount available during off-peak months."", ""offers"": ""Winter offers the best value deals."", ""additional_booking_info"": ""Flexible cancellation up to 24 hours before check-in.""}"
H0206,Lakeside House,Parbat,4,Panchase Panchadham,27.747625,85.299091,Luxury Hotel,1400-5800 NPR,4.0,384,Family Rooms; Bar,Panchase Panchadham,buddhist; pilgrimage; near-temple; eco-friendly; hindu; trekking-base; luxury,"Lakeside House is a luxury hotel situated in Panchase Panchadham, Parbat. Guests enjoy Family Rooms, Bar. Nearby: Panchase Panchadham. Best time to visit: Oct-Mar.","{""best_time"": ""Oct-Mar"", ""note"": ""Generated synthetic listing; verify availability."", ""features"": [""Family Rooms"", ""Bar""], ""discounts"": ""Group discounts available for 5+ guests."", ""offers"": ""Winter offers the best value deals."", ""additional_booking_info"": ""Includes optional guided hiking tours.""}"
H0207,Vista Homestay Jhapa,Jhapa,1,Near Mechi bridge,27.710718,85.300504,Eco-Lodge,500-9500 NPR,4.3,1133,Room Service; Bonfire; Bike Rental; Restaurant; Conference Hall,Mechi bridge,Landmarks; heritage; Tour; river; terai; luxury,"Vista Homestay Jhapa is a eco-lodge situated in Near Mechi bridge, Jhapa. Guests enjoy Room Service, Bonfire, Bike Rental, Restaurant. Nearby: Mechi bridge. Best time to visit: Oct-Apr.","{""best_time"": ""Oct-Apr"", ""note"": ""Generated synthetic listing; verify availability."", ""features"": [""Room Service"", ""Bonfire"", ""Bike Rental"", ""Restaurant"", ""Conference Hall""], ""discounts"": ""Group discounts available for 5+ guests."", ""offers"": ""Best season to book: Spring and Autumn."", ""additional_booking_info"": ""Airport pickup can be arranged on request.""}"
H0208,Everest Haven,Kanchanpur,7,Near Dodhara Chadani Suspension Bridge,27.749909,85.331485,Homestay,3800-9700 NPR,4.7,927,Spa; Guide Services; Bike Rental,Dodhara Chadani Suspension Bridge,local food tasting; sunset photography; birdwatching; local-experience; trekking-base; Long suspension bridge walk,"Everest Haven is a homestay situated in Near Dodhara Chadani Suspension Bridge, Kanchanpur. Guests enjoy Spa, Guide Services, Bike Rental. Nearby: Dodhara Chadani Suspension Bridge. Best time to visit: Oct-Apr.","{""best_time"": ""Oct-Apr"", ""note"": ""Generated synthetic listing; verify availability."", ""features"": [""Spa"", ""Guide Services"", ""Bike Rental""], ""discounts"": ""20% discount for direct website bookings."", ""offers"": ""Best to book at least 2 weeks in advance."", ""additional_booking_info"": ""Complimentary local sightseeing package on request.""}"
H0209,Tranquil Retreat,Kathmandu,3,Sundarijal,27.737885,85.38176,Budget Hotel,4600-10200 NPR,4.2,721,Bonfire; Room Service; Tour Desk; Guide Services; Mountain View; Conference Hall,Sundarijal,hiking; waterfall; Picnic spot,"Tranquil Retreat is a budget hotel situated in Sundarijal, Kathmandu. Guests enjoy Bonfire, Room Service, Tour Desk, Guide Services. Nearby: Sundarijal. Best time to visit: All Year.","{""best_time"": ""All Year"", ""note"": ""Generated synthetic listing; verify availability."", ""features"": [""Bonfire"", ""Room Service"", ""Tour Desk"", ""Guide Services"", ""Mountain View""], ""discounts"": ""10% off on early bird bookings."", ""offers"": ""Ideal to book during weekdays for better rates."", ""additional_booking_info"": ""Airport pickup can be arranged on request.""}"
H0210,Himalayan Cottage Sarlahi,Sarlahi,2, Sarlahi Devi Temple,27.730022,85.259312,Homestay,6100-10500 NPR,3.1,127,Mountain View; Bar; Conference Hall; Breakfast Included; Pet Friendly; Hiking Tours; Room Service, Sarlahi Devi Temple,birdwatching; hindu; temple; heritage,"Himalayan Cottage Sarlahi is a homestay situated in Sarlahi Devi Temple, Sarlahi. Guests enjoy Mountain View, Bar, Conference Hall, Breakfast Included. Nearby: Sarlahi Devi Temple. Best time to visit: Oct-Mar.","{""best_time"": ""Oct-Mar"", ""note"": ""Generated synthetic listing; verify availability."", ""features"": [""Mountain View"", ""Bar"", ""Conference Hall"", ""Breakfast Included"", ""Pet Friendly""], ""discounts"": ""10% off on early bird bookings."", ""offers"": ""Best to book at least 2 weeks in advance."", ""additional_booking_info"": ""Children under 6 stay free with parents.""}"
H0211,Cloud House - 211,Gorkha,4,Manaslu Circuit Trek,27.994088,84.665573,Lodge,5000-6200 NPR,2.8,514,Tour Desk; Hiking Tours; Free Parking,Manaslu Circuit Trek,trekking; hills; culture; near-temple; birdwatching; landmarks; mountains; hiking,"Cloud House - 211 is a lodge situated in Manaslu Circuit Trek, Gorkha. Guests enjoy Tour Desk, Hiking Tours, Free Parking. Nearby: Manaslu Circuit Trek. Best time to visit: Sep-Nov, Mar-May.","{""best_time"": ""Sep-Nov, Mar-May"", ""note"": ""Generated synthetic listing; verify availability."", ""features"": [""Tour Desk"", ""Hiking Tours"", ""Free Parking""], ""discounts"": ""Book 2 nights and get the 3rd free!"", ""offers"": ""Ideal to book during weekdays for better rates."", ""additional_booking_info"": ""Airport pickup can be arranged on request.""}"
H0212,Sunrise Villa Lalitpur,Lalitpur,3,Bhimsen Temple,27.660855,85.301662,Luxury Hotel,800-8200 NPR,3.4,541,Restaurant; Room Service; Laundry,Bhimsen Temple,trekking-base; statues; temple,"Sunrise Villa Lalitpur is a luxury hotel situated in Bhimsen Temple, Lalitpur. Guests enjoy Restaurant, Room Service, Laundry. Nearby: Bhimsen Temple. Best time to visit: All Year.","{""best_time"": ""All Year"", ""note"": ""Generated synthetic listing; verify availability."", ""features"": [""Restaurant"", ""Room Service"", ""Laundry""], ""discounts"": ""Group discounts available for 5+ guests."", ""offers"": ""Best to book at least 2 weeks in advance."", ""additional_booking_info"": ""Flexible cancellation up to 24 hours before check-in.""}"
H0213,Meadow Resort Surkhet,Surkhet,6,Near Viewpoint Gothikanda,27.732839,85.315044,Homestay,4500-10700 NPR,2.9,650,Free Parking; Restaurant; Bike Rental; Airport Shuttle; Room Service; Tour Desk,Viewpoint Gothikanda,heritage; birdwatching; local-experience; budget; forest; hill,"Meadow Resort Surkhet is a homestay situated in Near Viewpoint Gothikanda, Surkhet. Guests enjoy Free Parking, Restaurant, Bike Rental, Airport Shuttle. Nearby: Viewpoint Gothikanda. Best time to visit: All Year.","{""best_time"": ""All Year"", ""note"": ""Generated synthetic listing; verify availability."", ""features"": [""Free Parking"", ""Restaurant"", ""Bike Rental"", ""Airport Shuttle"", ""Room Service""], ""discounts"": ""Seasonal discount available during off-peak months."", ""offers"": ""Winter offers the best value deals."", ""additional_booking_info"": ""Includes optional guided hiking tours.""}"
H0214,Tranquil Retreat,Parbat,4,Devisthan Temple,27.754037,85.314194,Eco-Lodge,5100-5500 NPR,3.0,708,Free Parking; Tour Desk; Wake-up Service; Breakfast Included; Lake View,Devisthan Temple,heritage; mountain-view; temple; hindu; wildlife; luxury,"Tranquil Retreat is a eco-lodge situated in Devisthan Temple, Parbat. Guests enjoy Free Parking, Tour Desk, Wake-up Service, Breakfast Included. Nearby: Devisthan Temple. Best time to visit: Oct-Mar.","{""best_time"": ""Oct-Mar"", ""note"": ""Generated synthetic listing; verify availability."", ""features"": [""Free Parking"", ""Tour Desk"", ""Wake-up Service"", ""Breakfast Included"", ""Lake View""], ""discounts"": ""Complimentary breakfast for bookings over 3 nights."", ""offers"": ""Best season to book: Spring and Autumn."", ""additional_booking_info"": ""Airport pickup can be arranged on request.""}"
H0215,Cloud Haven,Solukhumbu,1,Near Chukhung,27.675572,85.318183,Lodge,4700-6400 NPR,4.7,342,Conference Hall; Free WiFi; Airport Shuttle; Bar; Wake-up Service; Guide Services,Chukhung,near-temple; trekking; mountains,"Cloud Haven is a lodge situated in Near Chukhung, Solukhumbu. Guests enjoy Conference Hall, Free WiFi, Airport Shuttle, Bar. Nearby: Chukhung. Best time to visit: Oct-Apr.","{""best_time"": ""Oct-Apr"", ""note"": ""Generated synthetic listing; verify availability."", ""features"": [""Conference Hall"", ""Free WiFi"", ""Airport Shuttle"", ""Bar"", ""Wake-up Service""], ""discounts"": ""Seasonal discount available during off-peak months."", ""offers"": ""Advance booking recommended during festival seasons."", ""additional_booking_info"": ""Includes optional guided hiking tours.""}"
H0216,Meadow Cottage,Pokhara,4,Near Australian Base Camp Trek,28.168051,83.980707,Lodge,800-2500 NPR,2.9,364,Conference Hall; Airport Shuttle; Room Service; Free Parking,Australian Base Camp Trek,wellness; heritage; eco-friendly; Sunrise view; Multi-day trekking,"Meadow Cottage is a lodge situated in Near Australian Base Camp Trek, Pokhara. Guests enjoy Conference Hall, Airport Shuttle, Room Service, Free Parking. Nearby: Australian Base Camp Trek. Best time to visit: Oct–Nov, Mar–May.","{""best_time"": ""Oct–Nov, Mar–May"", ""note"": ""Generated synthetic listing; verify availability."", ""features"": [""Conference Hall"", ""Airport Shuttle"", ""Room Service"", ""Free Parking""], ""discounts"": ""Seasonal discount available during off-peak months."", ""offers"": ""Ideal to book during weekdays for better rates."", ""additional_booking_info"": ""Complimentary local sightseeing package on request.""}"
H0217,Riverbend Haven Rupandehi,Rupandehi,5,Near Sainamaina,27.716971,85.314202,Cottage,900-2400 NPR,3.5,1029,Mountain View; Wake-up Service,Sainamaina,wildlife; tour; scenery,"Riverbend Haven Rupandehi is a cottage situated in Near Sainamaina, Rupandehi. Guests enjoy Mountain View, Wake-up Service. Nearby: Sainamaina. Best time to visit: All Year.","{""best_time"": ""All Year"", ""note"": ""Generated synthetic listing; verify availability."", ""features"": [""Mountain View"", ""Wake-up Service""], ""discounts"": ""Book 2 nights and get the 3rd free!"", ""offers"": ""Advance booking recommended during festival seasons."", ""additional_booking_info"": ""Children under 6 stay free with parents.""}"
H0218,Riverbend Cottage - 218,Mugu,6, Rara National Park,27.666384,85.32961,Hostel,2900-5600 NPR,3.4,764,Conference Hall; Wake-up Service, Rara National Park,family-friendly; national park; pond; wildlife; lake; luxury,"Riverbend Cottage - 218 is a hostel situated in Rara National Park, Mugu. Guests enjoy Conference Hall, Wake-up Service. Nearby: Rara National Park. Best time to visit: Apr–Jun, Sept–Nov.","{""best_time"": ""Apr–Jun, Sept–Nov"", ""note"": ""Generated synthetic listing; verify availability."", ""features"": [""Conference Hall"", ""Wake-up Service""], ""discounts"": ""Book 2 nights and get the 3rd free!"", ""offers"": ""Best to book at least 2 weeks in advance."", ""additional_booking_info"": ""Airport pickup can be arranged on request.""}"
H0219,Everest Homestay Jhapa,Jhapa,1,Jamunkhadi Wetland,27.665206,85.328972,Lodge,2200-9300 NPR,4.6,1049,Restaurant; Wake-up Service; Free Parking,Jamunkhadi Wetland,wetland; luxury; near-temple; picnic; offbeat; pond; wildlife; boat ride,"Everest Homestay Jhapa is a lodge situated in Jamunkhadi Wetland, Jhapa. Guests enjoy Restaurant, Wake-up Service, Free Parking. Nearby: Jamunkhadi Wetland. Best time to visit: Nov-Feb.","{""best_time"": ""Nov-Feb"", ""note"": ""Generated synthetic listing; verify availability."", ""features"": [""Restaurant"", ""Wake-up Service"", ""Free Parking""], ""discounts"": ""Seasonal discount available during off-peak months."", ""offers"": ""Winter offers the best value deals."", ""additional_booking_info"": ""Children under 6 stay free with parents.""}"
H0220,Himalayan Stay,Chainpur,1,Sankhuwasabha,27.648084,85.251784,Cottage,4500-10200 NPR,3.5,480,Mountain View; Tour Desk,Sankhuwasabha,taste local millet beer & food; buy traditional crafts; experience cultural dances; homestay with Kirati families; near-temple; Watch Khukuri (Gurkha knife) making,"Himalayan Stay is a cottage situated in Sankhuwasabha, Chainpur. Guests enjoy Mountain View, Tour Desk. Nearby: Sankhuwasabha. Best time to visit: All year.","{""best_time"": ""All year"", ""note"": ""Generated synthetic listing; verify availability."", ""features"": [""Mountain View"", ""Tour Desk""], ""discounts"": ""Complimentary breakfast for bookings over 3 nights."", ""offers"": ""Advance booking recommended during festival seasons."", ""additional_booking_info"": ""Complimentary local sightseeing package on request.""}"
H0221,Pine Villa Tanahun,Tanahun,4,Near Manungkot,27.658287,85.308023,Lodge,4000-7100 NPR,2.8,504,Wake-up Service; Guide Services; Laundry,Manungkot,history; adventure; trekking-base; hiking; Hills; spiritual,"Pine Villa Tanahun is a lodge situated in Near Manungkot, Tanahun. Guests enjoy Wake-up Service, Guide Services, Laundry. Nearby: Manungkot. Best time to visit: Oct-Mar.","{""best_time"": ""Oct-Mar"", ""note"": ""Generated synthetic listing; verify availability."", ""features"": [""Wake-up Service"", ""Guide Services"", ""Laundry""], ""discounts"": ""Seasonal discount available during off-peak months."", ""offers"": ""Advance booking recommended during festival seasons."", ""additional_booking_info"": ""Airport pickup can be arranged on request.""}"
H0222,Pine Haven,Surkhet,6,Kupinde Lake,27.717466,85.249837,Homestay,1600-5200 NPR,3.3,156,Airport Shuttle; Free WiFi; Bike Rental; Tour Desk; Family Rooms; Bar; Hiking Tours,Kupinde Lake,hills; birdwatching; temple; natural beauty; hindu; pond; lake,"Pine Haven is a homestay situated in Kupinde Lake, Surkhet. Guests enjoy Airport Shuttle, Free WiFi, Bike Rental, Tour Desk. Nearby: Kupinde Lake. Best time to visit: Oct-Apr.","{""best_time"": ""Oct-Apr"", ""note"": ""Generated synthetic listing; verify availability."", ""features"": [""Airport Shuttle"", ""Free WiFi"", ""Bike Rental"", ""Tour Desk"", ""Family Rooms""], ""discounts"": ""Seasonal discount available during off-peak months."", ""offers"": ""Ideal to book during weekdays for better rates."", ""additional_booking_info"": ""Flexible cancellation up to 24 hours before check-in.""}"
H0223,Cloud Stay,Syangja,4,Malika Dhuri,27.666797,85.332657,Homestay,1600-9500 NPR,3.8,185,Pet Friendly; Bike Rental; Free WiFi; Free Parking; Restaurant,Malika Dhuri,wellness; hills; temple; hindu; mountains; offbeat,"Cloud Stay is a homestay situated in Malika Dhuri, Syangja. Guests enjoy Pet Friendly, Bike Rental, Free WiFi, Free Parking. Nearby: Malika Dhuri. Best time to visit: Oct-Mar.","{""best_time"": ""Oct-Mar"", ""note"": ""Generated synthetic listing; verify availability."", ""features"": [""Pet Friendly"", ""Bike Rental"", ""Free WiFi"", ""Free Parking"", ""Restaurant""], ""discounts"": ""Complimentary breakfast for bookings over 3 nights."", ""offers"": ""Ideal to book during weekdays for better rates."", ""additional_booking_info"": ""Airport pickup can be arranged on request.""}"
H0224,Everest Homestay,Bhaktapur,3,Near Pilot Baba Ashram,27.66952,85.412855,Guesthouse,6700-15000 NPR,3.3,541,Free Parking; Breakfast Included; Bar; Bike Rental,Pilot Baba Ashram,wellness; heritage; temple; scenery; hiking; spiritual,"Everest Homestay is a guesthouse situated in Near Pilot Baba Ashram, Bhaktapur. Guests enjoy Free Parking, Breakfast Included, Bar, Bike Rental. Nearby: Pilot Baba Ashram. Best time to visit: All Year.","{""best_time"": ""All Year"", ""note"": ""Generated synthetic listing; verify availability."", ""features"": [""Free Parking"", ""Breakfast Included"", ""Bar"", ""Bike Rental""], ""discounts"": ""20% discount for direct website bookings."", ""offers"": ""Best season to book: Spring and Autumn."", ""additional_booking_info"": ""Includes optional guided hiking tours.""}"
H0225,Himalayan Haven Jhapa,Jhapa,1,Near Mechi bridge,27.672819,85.329029,Cottage,5000-8100 NPR,3.6,775,Room Service; Airport Shuttle; Bike Rental; Laundry,Mechi bridge,Landmarks; peaceful; heritage; Tour; river; terai; hiking; lakeside,"Himalayan Haven Jhapa is a cottage situated in Near Mechi bridge, Jhapa. Guests enjoy Room Service, Airport Shuttle, Bike Rental, Laundry. Nearby: Mechi bridge. Best time to visit: Oct-Apr.","{""best_time"": ""Oct-Apr"", ""note"": ""Generated synthetic listing; verify availability."", ""features"": [""Room Service"", ""Airport Shuttle"", ""Bike Rental"", ""Laundry""], ""discounts"": ""Book 2 nights and get the 3rd free!"", ""offers"": ""Best to book at least 2 weeks in advance."", ""additional_booking_info"": ""Complimentary local sightseeing package on request.""}"
H0226,Pine Villa - 226,Parbat,4,Near Jaimineshwor Shiva Temple,27.692788,85.267599,Hostel,5800-10700 NPR,3.2,382,Pet Friendly; Tour Desk; Swimming Pool,Jaimineshwor Shiva Temple,trekking-base; hindu; temple; eco-friendly,"Pine Villa - 226 is a hostel situated in Near Jaimineshwor Shiva Temple, Parbat. Guests enjoy Pet Friendly, Tour Desk, Swimming Pool. Nearby: Jaimineshwor Shiva Temple. Best time to visit: Oct-Mar.","{""best_time"": ""Oct-Mar"", ""note"": ""Generated synthetic listing; verify availability."", ""features"": [""Pet Friendly"", ""Tour Desk"", ""Swimming Pool""], ""discounts"": ""Book 2 nights and get the 3rd free!"", ""offers"": ""Best to book at least 2 weeks in advance."", ""additional_booking_info"": ""Complimentary local sightseeing package on request.""}"
H0227,Pine Villa,"Birgunj, Parsa",2,Near Gateway of Nepal (Shankaracharya Gate),27.689308,85.26924,Budget Hotel,5200-8100 NPR,3.1,1049,Room Service; Spa,Gateway of Nepal (Shankaracharya Gate),border; offbeat; landmarks; history,"Pine Villa is a budget hotel situated in Near Gateway of Nepal (Shankaracharya Gate), Birgunj, Parsa. Guests enjoy Room Service, Spa. Nearby: Gateway of Nepal (Shankaracharya Gate). Best time to visit: Oct-Mar.","{""best_time"": ""Oct-Mar"", ""note"": ""Generated synthetic listing; verify availability."", ""features"": [""Room Service"", ""Spa""], ""discounts"": ""20% discount for direct website bookings."", ""offers"": ""Best to book at least 2 weeks in advance."", ""additional_booking_info"": ""Children under 6 stay free with parents.""}"
H0228,Serene Stay,Gorkha,4,Near Galeshwor Dham,27.946334,84.657346,Homestay,1200-5000 NPR,3.7,965,Restaurant; Free Parking; Guide Services; Spa; Wake-up Service,Galeshwor Dham,wellness; temple; hindu; offbeat; trekking-base,"Serene Stay is a homestay situated in Near Galeshwor Dham, Gorkha. Guests enjoy Restaurant, Free Parking, Guide Services, Spa. Nearby: Galeshwor Dham. Best time to visit: Oct-Mar.","{""best_time"": ""Oct-Mar"", ""note"": ""Generated synthetic listing; verify availability."", ""features"": [""Restaurant"", ""Free Parking"", ""Guide Services"", ""Spa"", ""Wake-up Service""], ""discounts"": ""Book 2 nights and get the 3rd free!"", ""offers"": ""Best season to book: Spring and Autumn."", ""additional_booking_info"": ""Children under 6 stay free with parents.""}"
H0229,Everest Lodge Bajhang,Bajhang,7,Khaptad National Park (West Entry),27.664282,85.343151,Hostel,6100-13300 NPR,4.5,197,Bonfire; Tour Desk; Breakfast Included,Khaptad National Park (West Entry),Spiritual sites (Khaptad Baba Ashram); birdwatching; trekking in meadows; budget,"Everest Lodge Bajhang is a hostel situated in Khaptad National Park (West Entry), Bajhang. Guests enjoy Bonfire, Tour Desk, Breakfast Included. Nearby: Khaptad National Park (West Entry). Best time to visit: Mar–Jun & Sept–Nov.","{""best_time"": ""Mar–Jun & Sept–Nov"", ""note"": ""Generated synthetic listing; verify availability."", ""features"": [""Bonfire"", ""Tour Desk"", ""Breakfast Included""], ""discounts"": ""10% off on early bird bookings."", ""offers"": ""Best season to book: Spring and Autumn."", ""additional_booking_info"": ""Complimentary local sightseeing package on request.""}"
H0230,Vista Resort,Darchula,7,Api -Nampa Conservational area,27.752528,85.321427,Luxury Hotel,4800-12000 NPR,3.5,88,Bike Rental; Guide Services; Free Parking; Bonfire; Family Rooms; Pet Friendly; Mountain View,Api -Nampa Conservational area,wildlife; national park; eco-friendly,"Vista Resort is a luxury hotel situated in Api -Nampa Conservational area, Darchula. Guests enjoy Bike Rental, Guide Services, Free Parking, Bonfire. Nearby: Api -Nampa Conservational area. Best time to visit: Apr–Jun, Sep–Nov.","{""best_time"": ""Apr–Jun, Sep–Nov"", ""note"": ""Generated synthetic listing; verify availability."", ""features"": [""Bike Rental"", ""Guide Services"", ""Free Parking"", ""Bonfire"", ""Family Rooms""], ""discounts"": ""Complimentary breakfast for bookings over 3 nights."", ""offers"": ""Best to book at least 2 weeks in advance."", ""additional_booking_info"": ""Airport pickup can be arranged on request.""}"
H0231,Sunrise Villa,Dolakha,3,Jiri,27.711795,85.305248,Homestay,2000-2400 NPR,4.2,14,Bike Rental; Swimming Pool; Wake-up Service; Free WiFi; Family Rooms; Bar,Jiri,peaceful; trekking; eco-friendly; hill; luxury,"Sunrise Villa is a homestay situated in Jiri, Dolakha. Guests enjoy Bike Rental, Swimming Pool, Wake-up Service, Free WiFi. Nearby: Jiri. Best time to visit: Sep-Nov, Mar-May.","{""best_time"": ""Sep-Nov, Mar-May"", ""note"": ""Generated synthetic listing; verify availability."", ""features"": [""Bike Rental"", ""Swimming Pool"", ""Wake-up Service"", ""Free WiFi"", ""Family Rooms""], ""discounts"": ""10% off on early bird bookings."", ""offers"": ""Winter offers the best value deals."", ""additional_booking_info"": ""Flexible cancellation up to 24 hours before check-in.""}"
H0232,Riverbend Homestay Langtang,Langtang Valley,3,Near Kyanjin Ri ,27.683877,85.273067,Luxury Hotel,6700-10300 NPR,3.6,1141,Restaurant; Pet Friendly; Conference Hall; Room Service; Bonfire,Kyanjin Ri ,peaceful; trekking; culture; hills; mountain; wildlife,"Riverbend Homestay Langtang is a luxury hotel situated in Near Kyanjin Ri , Langtang Valley. Guests enjoy Restaurant, Pet Friendly, Conference Hall, Room Service. Nearby: Kyanjin Ri . Best time to visit: Sep-Nov, Mar-May.","{""best_time"": ""Sep-Nov, Mar-May"", ""note"": ""Generated synthetic listing; verify availability."", ""features"": [""Restaurant"", ""Pet Friendly"", ""Conference Hall"", ""Room Service"", ""Bonfire""], ""discounts"": ""Seasonal discount available during off-peak months."", ""offers"": ""Winter offers the best value deals."", ""additional_booking_info"": ""Children under 6 stay free with parents.""}"
H0233,Meadow Resort,Gulmi,5,Near Ramdi,27.693591,85.323917,Budget Hotel,1300-5100 NPR,3.8,693,Tour Desk; Breakfast Included; Restaurant; Family Rooms; Free WiFi; Airport Shuttle,Ramdi,religious; eco-friendly; scenery; cultural; spiritual,"Meadow Resort is a budget hotel situated in Near Ramdi, Gulmi. Guests enjoy Tour Desk, Breakfast Included, Restaurant, Family Rooms. Nearby: Ramdi. Best time to visit: All Year.","{""best_time"": ""All Year"", ""note"": ""Generated synthetic listing; verify availability."", ""features"": [""Tour Desk"", ""Breakfast Included"", ""Restaurant"", ""Family Rooms"", ""Free WiFi""], ""discounts"": ""Seasonal discount available during off-peak months."", ""offers"": ""Ideal to book during weekdays for better rates."", ""additional_booking_info"": ""Airport pickup can be arranged on request.""}"
H0234,Golden House Saptari,Saptari,2,Chinnamasta Bhagawati,27.686119,85.358134,Cottage,5900-14700 NPR,3.4,117,Wake-up Service; Bonfire; Hiking Tours,Chinnamasta Bhagawati,near-temple; hindu; temple,"Golden House Saptari is a cottage situated in Chinnamasta Bhagawati, Saptari. Guests enjoy Wake-up Service, Bonfire, Hiking Tours. Nearby: Chinnamasta Bhagawati. Best time to visit: Oct-Mar.","{""best_time"": ""Oct-Mar"", ""note"": ""Generated synthetic listing; verify availability."", ""features"": [""Wake-up Service"", ""Bonfire"", ""Hiking Tours""], ""discounts"": ""10% off on early bird bookings."", ""offers"": ""Advance booking recommended during festival seasons."", ""additional_booking_info"": ""Flexible cancellation up to 24 hours before check-in.""}"
H0235,Sunrise Retreat Daman,Daman,3,Near Makwanpur ,27.497201,85.060338,Resort,3400-7700 NPR,4.1,322,Laundry; Family Rooms,Makwanpur ,Panoramic Himalayan views; botanical gardens; heritage; near-temple; local-experience; sunrise/sunset; short hikes,"Sunrise Retreat Daman is a resort situated in Near Makwanpur , Daman. Guests enjoy Laundry, Family Rooms. Nearby: Makwanpur . Best time to visit: Sept–Nov & Feb–Apr.","{""best_time"": ""Sept–Nov & Feb–Apr"", ""note"": ""Generated synthetic listing; verify availability."", ""features"": [""Laundry"", ""Family Rooms""], ""discounts"": ""Complimentary breakfast for bookings over 3 nights."", ""offers"": ""Best season to book: Spring and Autumn."", ""additional_booking_info"": ""Flexible cancellation up to 24 hours before check-in.""}"
H0236,Himalayan Lodge,Daman,3,Near Makwanpur ,27.536494,85.109952,Lodge,2800-6800 NPR,4.0,398,Family Rooms; Room Service; Free WiFi; Laundry; Restaurant,Makwanpur ,Panoramic Himalayan views; botanical gardens; birdwatching; budget; sunrise/sunset; short hikes; hiking; luxury,"Himalayan Lodge is a lodge situated in Near Makwanpur , Daman. Guests enjoy Family Rooms, Room Service, Free WiFi, Laundry. Nearby: Makwanpur . Best time to visit: Sept–Nov & Feb–Apr.","{""best_time"": ""Sept–Nov & Feb–Apr"", ""note"": ""Generated synthetic listing; verify availability."", ""features"": [""Family Rooms"", ""Room Service"", ""Free WiFi"", ""Laundry"", ""Restaurant""], ""discounts"": ""Group discounts available for 5+ guests."", ""offers"": ""Advance booking recommended during festival seasons."", ""additional_booking_info"": ""Includes optional guided hiking tours.""}"
H0237,Sunrise Haven,Chitwan,3,"Near Bishazari Tal (20,000 Lake)",27.579134,84.392578,Cottage,2500-10100 NPR,4.7,1153,Free Parking; Lake View; Hiking Tours; Room Service; Free WiFi,"Bishazari Tal (20,000 Lake)",heritage; mountain-view; budget; Birdwatching; Nature walk; luxury,"Sunrise Haven is a cottage situated in Near Bishazari Tal (20,000 Lake), Chitwan. Guests enjoy Free Parking, Lake View, Hiking Tours, Room Service. Nearby: Bishazari Tal (20,000 Lake). Best time to visit: Oct–Apr.","{""best_time"": ""Oct–Apr"", ""note"": ""Generated synthetic listing; verify availability."", ""features"": [""Free Parking"", ""Lake View"", ""Hiking Tours"", ""Room Service"", ""Free WiFi""], ""discounts"": ""Book 2 nights and get the 3rd free!"", ""offers"": ""Advance booking recommended during festival seasons."", ""additional_booking_info"": ""Includes optional guided hiking tours.""}"
H0238,Vista Retreat,Kathmandu,3,Bhadrakali Temple,27.721478,85.348098,Homestay,2500-7500 NPR,3.0,700,Conference Hall; Restaurant,Bhadrakali Temple,peaceful; near-temple; statue; mountain-view; temple; hindu; trekking-base,"Vista Retreat is a homestay situated in Bhadrakali Temple, Kathmandu. Guests enjoy Conference Hall, Restaurant. Nearby: Bhadrakali Temple. Best time to visit: All Year.","{""best_time"": ""All Year"", ""note"": ""Generated synthetic listing; verify availability."", ""features"": [""Conference Hall"", ""Restaurant""], ""discounts"": ""10% off on early bird bookings."", ""offers"": ""Advance booking recommended during festival seasons."", ""additional_booking_info"": ""Flexible cancellation up to 24 hours before check-in.""}"
H0239,Meadow Retreat,Bhaktapur,3,Near Trishul Danda,27.716229,85.394613,Guesthouse,2500-8700 NPR,3.1,218,Airport Shuttle; Bonfire,Trishul Danda,birdwatching; hill; temple,"Meadow Retreat is a guesthouse situated in Near Trishul Danda, Bhaktapur. Guests enjoy Airport Shuttle, Bonfire. Nearby: Trishul Danda. Best time to visit: All Year.","{""best_time"": ""All Year"", ""note"": ""Generated synthetic listing; verify availability."", ""features"": [""Airport Shuttle"", ""Bonfire""], ""discounts"": ""20% discount for direct website bookings."", ""offers"": ""Advance booking recommended during festival seasons."", ""additional_booking_info"": ""Children under 6 stay free with parents.""}"
H0240,Pine Haven,Illam,1,"Near Sriyantuu, ilam",27.74764,85.344252,Eco-Lodge,2000-10700 NPR,3.4,454,Spa; Breakfast Included; Bike Rental; Guide Services; Bonfire; Tour Desk,"Sriyantuu, ilam",Landmarks; wellness; heritage; Tour; picnic spot; offbeat; Hills,"Pine Haven is a eco-lodge situated in Near Sriyantuu, ilam, Illam. Guests enjoy Spa, Breakfast Included, Bike Rental, Guide Services. Nearby: Sriyantuu, ilam. Best time to visit: Oct-Apr.","{""best_time"": ""Oct-Apr"", ""note"": ""Generated synthetic listing; verify availability."", ""features"": [""Spa"", ""Breakfast Included"", ""Bike Rental"", ""Guide Services"", ""Bonfire""], ""discounts"": ""20% discount for direct website bookings."", ""offers"": ""Winter offers the best value deals."", ""additional_booking_info"": ""Includes optional guided hiking tours.""}"
H0241,Meadow Stay,Chitwan,3,Chitwan national park,27.49929,84.364721,Lodge,3500-8000 NPR,3.2,538,Laundry; Bonfire; Lake View,Chitwan national park,trekking; lakes; river; eco-friendly; offbeat; wildlife; spiritual,"Meadow Stay is a lodge situated in Chitwan national park, Chitwan. Guests enjoy Laundry, Bonfire, Lake View. Nearby: Chitwan national park. Best time to visit: Oct–Apr.","{""best_time"": ""Oct–Apr"", ""note"": ""Generated synthetic listing; verify availability."", ""features"": [""Laundry"", ""Bonfire"", ""Lake View""], ""discounts"": ""10% off on early bird bookings."", ""offers"": ""Advance booking recommended during festival seasons."", ""additional_booking_info"": ""Children under 6 stay free with parents.""}"
H0242,Riverbend Haven Kathmandu,Kathmandu,3,Near Guhyeshwari temple,27.725769,85.381513,Guesthouse,1300-6000 NPR,4.4,1137,Family Rooms; Bar; Spa; Room Service; Bonfire,Guhyeshwari temple,Religious Shrine; offbeat; temple,"Riverbend Haven Kathmandu is a guesthouse situated in Near Guhyeshwari temple, Kathmandu. Guests enjoy Family Rooms, Bar, Spa, Room Service. Nearby: Guhyeshwari temple. Best time to visit: All Year.","{""best_time"": ""All Year"", ""note"": ""Generated synthetic listing; verify availability."", ""features"": [""Family Rooms"", ""Bar"", ""Spa"", ""Room Service"", ""Bonfire""], ""discounts"": ""20% discount for direct website bookings."", ""offers"": ""Best to book at least 2 weeks in advance."", ""additional_booking_info"": ""Complimentary local sightseeing package on request.""}"
H0243,Pine Resort,Dang,5,Near Ambikeshwari temple ,27.726467,85.33424,Homestay,2600-3600 NPR,3.6,334,Bar; Laundry,Ambikeshwari temple ,religious; wellness; mountain-view; temple; hindu; trekking-base; cultural; luxury,"Pine Resort is a homestay situated in Near Ambikeshwari temple , Dang. Guests enjoy Bar, Laundry. Nearby: Ambikeshwari temple . Best time to visit: All Year.","{""best_time"": ""All Year"", ""note"": ""Generated synthetic listing; verify availability."", ""features"": [""Bar"", ""Laundry""], ""discounts"": ""Complimentary breakfast for bookings over 3 nights."", ""offers"": ""Ideal to book during weekdays for better rates."", ""additional_booking_info"": ""Complimentary local sightseeing package on request.""}"
H0244,Lakeside Stay,Bardiya,5,Bardiya National Park,28.387011,81.534531,Cottage,2100-5300 NPR,4.8,582,Lake View; Bike Rental; Bonfire; Hiking Tours,Bardiya National Park,heritage; lakes; river; tour; wildlife,"Lakeside Stay is a cottage situated in Bardiya National Park, Bardiya. Guests enjoy Lake View, Bike Rental, Bonfire, Hiking Tours. Nearby: Bardiya National Park. Best time to visit: Oct–Apr.","{""best_time"": ""Oct–Apr"", ""note"": ""Generated synthetic listing; verify availability."", ""features"": [""Lake View"", ""Bike Rental"", ""Bonfire"", ""Hiking Tours""], ""discounts"": ""Book 2 nights and get the 3rd free!"", ""offers"": ""Best season to book: Spring and Autumn."", ""additional_booking_info"": ""Airport pickup can be arranged on request.""}"
H0245,Pine Resort,Kaski,4,Near Ghandruk Village,27.690618,85.313477,Luxury Hotel,1100-2700 NPR,3.1,467,Lake View; Mountain View; Laundry; Family Rooms,Ghandruk Village,peaceful; trekking; wellness; hills; village; mountains; hiking,"Pine Resort is a luxury hotel situated in Near Ghandruk Village, Kaski. Guests enjoy Lake View, Mountain View, Laundry, Family Rooms. Nearby: Ghandruk Village. Best time to visit: Oct-Mar.","{""best_time"": ""Oct-Mar"", ""note"": ""Generated synthetic listing; verify availability."", ""features"": [""Lake View"", ""Mountain View"", ""Laundry"", ""Family Rooms""], ""discounts"": ""Seasonal discount available during off-peak months."", ""offers"": ""Winter offers the best value deals."", ""additional_booking_info"": ""Includes optional guided hiking tours.""}"
H0246,Riverbend Resort Jumla - 246,Jumla,6,"Near Tatopani, Jumla ",27.719443,85.352852,Boutique Hotel,2200-5300 NPR,3.6,195,Bonfire; Conference Hall,"Tatopani, Jumla ",romantic; pond,"Riverbend Resort Jumla - 246 is a boutique hotel situated in Near Tatopani, Jumla , Jumla. Guests enjoy Bonfire, Conference Hall. Nearby: Tatopani, Jumla . Best time to visit: All Year.","{""best_time"": ""All Year"", ""note"": ""Generated synthetic listing; verify availability."", ""features"": [""Bonfire"", ""Conference Hall""], ""discounts"": ""Book 2 nights and get the 3rd free!"", ""offers"": ""Ideal to book during weekdays for better rates."", ""additional_booking_info"": ""Airport pickup can be arranged on request.""}"
H0247,Cloud Lodge Palpa,Palpa,5,Mul Dhoka,27.751791,85.286782,Guesthouse,2500-7500 NPR,3.7,258,Bike Rental; Restaurant; Free WiFi,Mul Dhoka,palace; peaceful; picnic spot; historical,"Cloud Lodge Palpa is a guesthouse situated in Mul Dhoka, Palpa. Guests enjoy Bike Rental, Restaurant, Free WiFi. Nearby: Mul Dhoka. Best time to visit: All Year.","{""best_time"": ""All Year"", ""note"": ""Generated synthetic listing; verify availability."", ""features"": [""Bike Rental"", ""Restaurant"", ""Free WiFi""], ""discounts"": ""Seasonal discount available during off-peak months."", ""offers"": ""Best season to book: Spring and Autumn."", ""additional_booking_info"": ""Airport pickup can be arranged on request.""}"
H0248,Pine Villa,Tanahun,4,Bhalu Pahad,27.693381,85.356345,Hostel,2000-9700 NPR,4.1,1155,Bike Rental; Conference Hall; Mountain View; Pet Friendly; Bonfire,Bhalu Pahad,wellness; hill; budget,"Pine Villa is a hostel situated in Bhalu Pahad, Tanahun. Guests enjoy Bike Rental, Conference Hall, Mountain View, Pet Friendly. Nearby: Bhalu Pahad. Best time to visit: Oct-Mar.","{""best_time"": ""Oct-Mar"", ""note"": ""Generated synthetic listing; verify availability."", ""features"": [""Bike Rental"", ""Conference Hall"", ""Mountain View"", ""Pet Friendly"", ""Bonfire""], ""discounts"": ""Book 2 nights and get the 3rd free!"", ""offers"": ""Winter offers the best value deals."", ""additional_booking_info"": ""Includes optional guided hiking tours.""}"
H0249,Lakeside Cottage Tanahun,Tanahun,4,Bandipur,27.737846,85.341754,Lodge,2800-10800 NPR,3.9,1007,Mountain View; Free WiFi; Guide Services; Wake-up Service; Free Parking,Bandipur,history; village; birdwatching; hills,"Lakeside Cottage Tanahun is a lodge situated in Bandipur, Tanahun. Guests enjoy Mountain View, Free WiFi, Guide Services, Wake-up Service. Nearby: Bandipur. Best time to visit: Oct-Mar.","{""best_time"": ""Oct-Mar"", ""note"": ""Generated synthetic listing; verify availability."", ""features"": [""Mountain View"", ""Free WiFi"", ""Guide Services"", ""Wake-up Service"", ""Free Parking""], ""discounts"": ""Group discounts available for 5+ guests."", ""offers"": ""Ideal to book during weekdays for better rates."", ""additional_booking_info"": ""Flexible cancellation up to 24 hours before check-in.""}"
H0250,Tranquil Cottage,Rukum,5,Rukumkot,27.725793,85.317519,Luxury Hotel,2300-6900 NPR,3.0,490,Tour Desk; Laundry; Mountain View; Conference Hall; Wake-up Service; Guide Services,Rukumkot,trekking; temple; budget; offbeat; pond; hill; lake,"Tranquil Cottage is a luxury hotel situated in Rukumkot, Rukum. Guests enjoy Tour Desk, Laundry, Mountain View, Conference Hall. Nearby: Rukumkot. Best time to visit: Mar–May, Sep–Nov.","{""best_time"": ""Mar–May, Sep–Nov"", ""note"": ""Generated synthetic listing; verify availability."", ""features"": [""Tour Desk"", ""Laundry"", ""Mountain View"", ""Conference Hall"", ""Wake-up Service""], ""discounts"": ""20% discount for direct website bookings."", ""offers"": ""Advance booking recommended during festival seasons."", ""additional_booking_info"": ""Flexible cancellation up to 24 hours before check-in.""}"
H0251,Sunrise Lodge,Dolakha,3,Jilu Village,27.71473,85.262535,Resort,1700-2900 NPR,4.7,45,Swimming Pool; Mountain View; Laundry,Jilu Village,romantic; village; cultural; wellness,"Sunrise Lodge is a resort situated in Jilu Village, Dolakha. Guests enjoy Swimming Pool, Mountain View, Laundry. Nearby: Jilu Village. Best time to visit: All Year.","{""best_time"": ""All Year"", ""note"": ""Generated synthetic listing; verify availability."", ""features"": [""Swimming Pool"", ""Mountain View"", ""Laundry""], ""discounts"": ""Complimentary breakfast for bookings over 3 nights."", ""offers"": ""Winter offers the best value deals."", ""additional_booking_info"": ""Includes optional guided hiking tours.""}"
H0252,Golden Resort Sindhupalchowk,Sindhupalchowk,3,Near Bhotekoshi,27.734287,85.299807,Lodge,4300-5100 NPR,3.5,299,Laundry; Family Rooms,Bhotekoshi,birdwatching; river; rafting,"Golden Resort Sindhupalchowk is a lodge situated in Near Bhotekoshi, Sindhupalchowk. Guests enjoy Laundry, Family Rooms. Nearby: Bhotekoshi. Best time to visit: Oct-May.","{""best_time"": ""Oct-May"", ""note"": ""Generated synthetic listing; verify availability."", ""features"": [""Laundry"", ""Family Rooms""], ""discounts"": ""Book 2 nights and get the 3rd free!"", ""offers"": ""Advance booking recommended during festival seasons."", ""additional_booking_info"": ""Complimentary local sightseeing package on request.""}"
H0253,Serene Retreat,Darchula,7,om parbat,27.641514,85.356952,Guesthouse,3700-11200 NPR,3.3,68,Hiking Tours; Swimming Pool; Bike Rental,om parbat,spiritual; holy beauty; trekking; heritage,"Serene Retreat is a guesthouse situated in om parbat, Darchula. Guests enjoy Hiking Tours, Swimming Pool, Bike Rental. Nearby: om parbat. Best time to visit: Apr–Jun, Sep–Nov.","{""best_time"": ""Apr–Jun, Sep–Nov"", ""note"": ""Generated synthetic listing; verify availability."", ""features"": [""Hiking Tours"", ""Swimming Pool"", ""Bike Rental""], ""discounts"": ""10% off on early bird bookings."", ""offers"": ""Winter offers the best value deals."", ""additional_booking_info"": ""Children under 6 stay free with parents.""}"
H0254,Lakeside Resort - 254,Tanahun,4,Near Rising Ranipokhari,27.702511,85.270398,Homestay,2100-8300 NPR,4.6,446,Free Parking; Guide Services,Rising Ranipokhari,village; mountain-view; romantic; offbeat; pond,"Lakeside Resort - 254 is a homestay situated in Near Rising Ranipokhari, Tanahun. Guests enjoy Free Parking, Guide Services. Nearby: Rising Ranipokhari. Best time to visit: Oct-Mar.","{""best_time"": ""Oct-Mar"", ""note"": ""Generated synthetic listing; verify availability."", ""features"": [""Free Parking"", ""Guide Services""], ""discounts"": ""20% discount for direct website bookings."", ""offers"": ""Advance booking recommended during festival seasons."", ""additional_booking_info"": ""Children under 6 stay free with parents.""}"
H0255,Golden Cottage - 255,Mahottari,2,Jaleshwor Mini Waterfall,27.734017,85.297032,Cottage,1800-8200 NPR,4.3,509,Bonfire; Airport Shuttle; Lake View,Jaleshwor Mini Waterfall,photography; Local exploration; family-friendly,"Golden Cottage - 255 is a cottage situated in Jaleshwor Mini Waterfall, Mahottari. Guests enjoy Bonfire, Airport Shuttle, Lake View. Nearby: Jaleshwor Mini Waterfall. Best time to visit: July–Sept.","{""best_time"": ""July–Sept"", ""note"": ""Generated synthetic listing; verify availability."", ""features"": [""Bonfire"", ""Airport Shuttle"", ""Lake View""], ""discounts"": ""10% off on early bird bookings."", ""offers"": ""Best season to book: Spring and Autumn."", ""additional_booking_info"": ""Includes optional guided hiking tours.""}"
H0256,Vista Resort,Parbat,4,Sanshar Kot,27.667921,85.357801,Lodge,4100-7600 NPR,2.8,773,Spa; Laundry; Breakfast Included; Bonfire,Sanshar Kot,hills; birdwatching; local-experience; scenery; hiking; spiritual; wildlife,"Vista Resort is a lodge situated in Sanshar Kot, Parbat. Guests enjoy Spa, Laundry, Breakfast Included, Bonfire. Nearby: Sanshar Kot. Best time to visit: Oct-Mar.","{""best_time"": ""Oct-Mar"", ""note"": ""Generated synthetic listing; verify availability."", ""features"": [""Spa"", ""Laundry"", ""Breakfast Included"", ""Bonfire""], ""discounts"": ""Group discounts available for 5+ guests."", ""offers"": ""Advance booking recommended during festival seasons."", ""additional_booking_info"": ""Flexible cancellation up to 24 hours before check-in.""}"
H0257,Everest Resort,Bhaktapur,3,Near Gundu,27.715619,85.441642,Hostel,1800-3200 NPR,3.9,920,Laundry; Conference Hall; Pet Friendly; Hiking Tours,Gundu,hiking; hill,"Everest Resort is a hostel situated in Near Gundu, Bhaktapur. Guests enjoy Laundry, Conference Hall, Pet Friendly, Hiking Tours. Nearby: Gundu. Best time to visit: All Year.","{""best_time"": ""All Year"", ""note"": ""Generated synthetic listing; verify availability."", ""features"": [""Laundry"", ""Conference Hall"", ""Pet Friendly"", ""Hiking Tours""], ""discounts"": ""10% off on early bird bookings."", ""offers"": ""Best to book at least 2 weeks in advance."", ""additional_booking_info"": ""Includes optional guided hiking tours.""}"
H0258,Meadow Resort,Pyuthan,5,"Lungko Dewali(Lung,pyuthan)",27.714424,85.278483,Boutique Hotel,5900-12500 NPR,3.2,1018,Spa; Tour Desk; Mountain View; Lake View; Guide Services; Conference Hall,"Lungko Dewali(Lung,pyuthan)",cultural; historical; luxury,"Meadow Resort is a boutique hotel situated in Lungko Dewali(Lung,pyuthan), Pyuthan. Guests enjoy Spa, Tour Desk, Mountain View, Lake View. Nearby: Lungko Dewali(Lung,pyuthan). Best time to visit: All Year.","{""best_time"": ""All Year"", ""note"": ""Generated synthetic listing; verify availability."", ""features"": [""Spa"", ""Tour Desk"", ""Mountain View"", ""Lake View"", ""Guide Services""], ""discounts"": ""20% discount for direct website bookings."", ""offers"": ""Ideal to book during weekdays for better rates."", ""additional_booking_info"": ""Includes optional guided hiking tours.""}"
H0259,Vista Lodge Pokhara,Pokhara,4,Kahun Danda,28.153353,83.938447,Guesthouse,1300-2100 NPR,3.9,795,Bonfire; Bike Rental; Room Service; Laundry; Breakfast Included; Pet Friendly; Swimming Pool,Kahun Danda,Hiking; romantic; Sunrise View,"Vista Lodge Pokhara is a guesthouse situated in Kahun Danda, Pokhara. Guests enjoy Bonfire, Bike Rental, Room Service, Laundry. Nearby: Kahun Danda. Best time to visit: October-April.","{""best_time"": ""October-April"", ""note"": ""Generated synthetic listing; verify availability."", ""features"": [""Bonfire"", ""Bike Rental"", ""Room Service"", ""Laundry"", ""Breakfast Included""], ""discounts"": ""20% discount for direct website bookings."", ""offers"": ""Ideal to book during weekdays for better rates."", ""additional_booking_info"": ""Children under 6 stay free with parents.""}"
H0260,Vista Villa,Kathmandu,3,Near Kyaama Monastery,27.73387,85.307311,Luxury Hotel,3500-4800 NPR,4.4,544,Breakfast Included; Airport Shuttle; Mountain View; Tour Desk; Bar; Swimming Pool,Kyaama Monastery,buddhist; monsatery; lakeside,"Vista Villa is a luxury hotel situated in Near Kyaama Monastery, Kathmandu. Guests enjoy Breakfast Included, Airport Shuttle, Mountain View, Tour Desk. Nearby: Kyaama Monastery. Best time to visit: All Year.","{""best_time"": ""All Year"", ""note"": ""Generated synthetic listing; verify availability."", ""features"": [""Breakfast Included"", ""Airport Shuttle"", ""Mountain View"", ""Tour Desk"", ""Bar""], ""discounts"": ""Book 2 nights and get the 3rd free!"", ""offers"": ""Winter offers the best value deals."", ""additional_booking_info"": ""Children under 6 stay free with parents.""}"
H0261,Riverbend Retreat Pokhara,Pokhara,4,Near Ghandruk,28.2633,83.992611,Hostel,3900-5900 NPR,4.3,1180,Hiking Tours; Guide Services; Swimming Pool; Restaurant,Ghandruk,birdwatching; Cultural exploration; Village walk; heritage,"Riverbend Retreat Pokhara is a hostel situated in Near Ghandruk, Pokhara. Guests enjoy Hiking Tours, Guide Services, Swimming Pool, Restaurant. Nearby: Ghandruk. Best time to visit: Oct–Nov, Mar–May.","{""best_time"": ""Oct–Nov, Mar–May"", ""note"": ""Generated synthetic listing; verify availability."", ""features"": [""Hiking Tours"", ""Guide Services"", ""Swimming Pool"", ""Restaurant""], ""discounts"": ""20% discount for direct website bookings."", ""offers"": ""Ideal to book during weekdays for better rates."", ""additional_booking_info"": ""Flexible cancellation up to 24 hours before check-in.""}"
H0262,Lakeside Resort,Chitwan,3,Near Narayani River Canoeing,27.582298,84.36101,Lodge,3500-10600 NPR,4.3,881,Lake View; Tour Desk; Free Parking; Conference Hall; Bar; Family Rooms; Bonfire,Narayani River Canoeing,peaceful; Photography; wellness; culture; Canoeing,"Lakeside Resort is a lodge situated in Near Narayani River Canoeing, Chitwan. Guests enjoy Lake View, Tour Desk, Free Parking, Conference Hall. Nearby: Narayani River Canoeing. Best time to visit: Oct–Apr.","{""best_time"": ""Oct–Apr"", ""note"": ""Generated synthetic listing; verify availability."", ""features"": [""Lake View"", ""Tour Desk"", ""Free Parking"", ""Conference Hall"", ""Bar""], ""discounts"": ""Complimentary breakfast for bookings over 3 nights."", ""offers"": ""Advance booking recommended during festival seasons."", ""additional_booking_info"": ""Airport pickup can be arranged on request.""}"
H0263,Himalayan Inn,Palpa,5,Near Mul Dhoka,27.759209,85.276221,Homestay,2300-6100 NPR,4.5,44,Laundry; Conference Hall; Bike Rental; Tour Desk; Spa; Swimming Pool; Free WiFi,Mul Dhoka,palace; peaceful; historical; culture; picnic spot; mountain-view; adventure,"Himalayan Inn is a homestay situated in Near Mul Dhoka, Palpa. Guests enjoy Laundry, Conference Hall, Bike Rental, Tour Desk. Nearby: Mul Dhoka. Best time to visit: All Year.","{""best_time"": ""All Year"", ""note"": ""Generated synthetic listing; verify availability."", ""features"": [""Laundry"", ""Conference Hall"", ""Bike Rental"", ""Tour Desk"", ""Spa""], ""discounts"": ""Book 2 nights and get the 3rd free!"", ""offers"": ""Best to book at least 2 weeks in advance."", ""additional_booking_info"": ""Includes optional guided hiking tours.""}"
H0264,Everest Retreat Palpa,Palpa,5,Bhairabsthan,27.687976,85.350146,Boutique Hotel,6400-12000 NPR,4.4,354,Room Service; Swimming Pool; Mountain View; Breakfast Included; Family Rooms,Bhairabsthan,family-friendly; sculptures; hindu; temple,"Everest Retreat Palpa is a boutique hotel situated in Bhairabsthan, Palpa. Guests enjoy Room Service, Swimming Pool, Mountain View, Breakfast Included. Nearby: Bhairabsthan. Best time to visit: All Year.","{""best_time"": ""All Year"", ""note"": ""Generated synthetic listing; verify availability."", ""features"": [""Room Service"", ""Swimming Pool"", ""Mountain View"", ""Breakfast Included"", ""Family Rooms""], ""discounts"": ""10% off on early bird bookings."", ""offers"": ""Ideal to book during weekdays for better rates."", ""additional_booking_info"": ""Flexible cancellation up to 24 hours before check-in.""}"
H0265,Lakeside Cottage,Parbat,4,"Near Bungee Jump, Sky Cycling And Adventure Swing in Parbat",27.667206,85.318334,Cottage,600-7200 NPR,2.9,1073,Lake View; Conference Hall,"Bungee Jump, Sky Cycling And Adventure Swing in Parbat",hills; bungee; cycling; adventure; trekking-base; hiking,"Lakeside Cottage is a cottage situated in Near Bungee Jump, Sky Cycling And Adventure Swing in Parbat, Parbat. Guests enjoy Lake View, Conference Hall. Nearby: Bungee Jump, Sky Cycling And Adventure Swing in Parbat. Best time to visit: Oct-Mar.","{""best_time"": ""Oct-Mar"", ""note"": ""Generated synthetic listing; verify availability."", ""features"": [""Lake View"", ""Conference Hall""], ""discounts"": ""Group discounts available for 5+ guests."", ""offers"": ""Best to book at least 2 weeks in advance."", ""additional_booking_info"": ""Airport pickup can be arranged on request.""}"
H0266,Serene Inn,Makwanpur,3,Near Kulekhani Dam ,27.730341,85.309031,Boutique Hotel,2300-9700 NPR,3.4,807,Spa; Lake View; Airport Shuttle,Kulekhani Dam ,culture; heritage; family-friendly; birdwatching; dam-site; pond; lake,"Serene Inn is a boutique hotel situated in Near Kulekhani Dam , Makwanpur. Guests enjoy Spa, Lake View, Airport Shuttle. Nearby: Kulekhani Dam . Best time to visit: Oct-Apr.","{""best_time"": ""Oct-Apr"", ""note"": ""Generated synthetic listing; verify availability."", ""features"": [""Spa"", ""Lake View"", ""Airport Shuttle""], ""discounts"": ""Complimentary breakfast for bookings over 3 nights."", ""offers"": ""Advance booking recommended during festival seasons."", ""additional_booking_info"": ""Airport pickup can be arranged on request.""}"
H0267,Golden Cottage,Gorkha,4,Singa Tatopani Kunda,27.960284,84.638116,Eco-Lodge,3700-7200 NPR,3.9,1073,Free Parking; Airport Shuttle; Laundry,Singa Tatopani Kunda,culture; budget; landmarks; trekking-base; pond; luxury,"Golden Cottage is a eco-lodge situated in Singa Tatopani Kunda, Gorkha. Guests enjoy Free Parking, Airport Shuttle, Laundry. Nearby: Singa Tatopani Kunda. Best time to visit: Oct-Mar.","{""best_time"": ""Oct-Mar"", ""note"": ""Generated synthetic listing; verify availability."", ""features"": [""Free Parking"", ""Airport Shuttle"", ""Laundry""], ""discounts"": ""Complimentary breakfast for bookings over 3 nights."", ""offers"": ""Advance booking recommended during festival seasons."", ""additional_booking_info"": ""Airport pickup can be arranged on request.""}"
H0268,Riverbend Haven Kapilvastu,Kapilvastu,5,Near Nigrodharam,27.642905,85.276578,Lodge,5500-13100 NPR,4.0,902,Free Parking; Bar,Nigrodharam,historical; budget; scenery; adventure; sightseeing; luxury,"Riverbend Haven Kapilvastu is a lodge situated in Near Nigrodharam, Kapilvastu. Guests enjoy Free Parking, Bar. Nearby: Nigrodharam. Best time to visit: All Year.","{""best_time"": ""All Year"", ""note"": ""Generated synthetic listing; verify availability."", ""features"": [""Free Parking"", ""Bar""], ""discounts"": ""10% off on early bird bookings."", ""offers"": ""Advance booking recommended during festival seasons."", ""additional_booking_info"": ""Complimentary local sightseeing package on request.""}"
H0269,Tranquil Homestay,Solukhumbu,1,"Near Gokyo lake, solukhumbu",27.641648,85.323255,Boutique Hotel,3000-10700 NPR,3.7,679,Conference Hall; Bar; Tour Desk,"Gokyo lake, solukhumbu",Landmarks; Religious shrine; Tour; birdwatching; adventure; spiritual; lake,"Tranquil Homestay is a boutique hotel situated in Near Gokyo lake, solukhumbu, Solukhumbu. Guests enjoy Conference Hall, Bar, Tour Desk. Nearby: Gokyo lake, solukhumbu. Best time to visit: Oct-Apr.","{""best_time"": ""Oct-Apr"", ""note"": ""Generated synthetic listing; verify availability."", ""features"": [""Conference Hall"", ""Bar"", ""Tour Desk""], ""discounts"": ""Book 2 nights and get the 3rd free!"", ""offers"": ""Advance booking recommended during festival seasons."", ""additional_booking_info"": ""Children under 6 stay free with parents.""}"
H0270,Riverbend Homestay,Morang,1,Betana wetland,27.647213,85.264084,Cottage,2700-3900 NPR,3.7,17,Family Rooms; Laundry,Betana wetland,wetland; romantic; pond; zoo; wildlife; luxury,"Riverbend Homestay is a cottage situated in Betana wetland, Morang. Guests enjoy Family Rooms, Laundry. Nearby: Betana wetland. Best time to visit: Nov-Feb.","{""best_time"": ""Nov-Feb"", ""note"": ""Generated synthetic listing; verify availability."", ""features"": [""Family Rooms"", ""Laundry""], ""discounts"": ""20% discount for direct website bookings."", ""offers"": ""Winter offers the best value deals."", ""additional_booking_info"": ""Complimentary local sightseeing package on request.""}"
H0271,Tranquil Cottage,Gulmi,5,Near Wami,27.698159,85.311653,Boutique Hotel,2000-5600 NPR,3.8,937,Free WiFi; Breakfast Included; Free Parking; Bike Rental; Mountain View; Lake View,Wami,peaceful; heritage; river; scenary; temple; romantic; offbeat,"Tranquil Cottage is a boutique hotel situated in Near Wami, Gulmi. Guests enjoy Free WiFi, Breakfast Included, Free Parking, Bike Rental. Nearby: Wami. Best time to visit: All Year.","{""best_time"": ""All Year"", ""note"": ""Generated synthetic listing; verify availability."", ""features"": [""Free WiFi"", ""Breakfast Included"", ""Free Parking"", ""Bike Rental"", ""Mountain View""], ""discounts"": ""10% off on early bird bookings."", ""offers"": ""Advance booking recommended during festival seasons."", ""additional_booking_info"": ""Complimentary local sightseeing package on request.""}"
H0272,"Lakeside House Dhorpatan,","Dhorpatan, Baglung",4,Near Dhorpatan Area,27.737427,85.315095,Luxury Hotel,700-5600 NPR,3.3,699,Spa; Airport Shuttle; Family Rooms; Bike Rental; Free Parking,Dhorpatan Area,culture; lakes; river; eco-friendly; adventure; tour; wildlife; lakeside,"Lakeside House Dhorpatan, is a luxury hotel situated in Near Dhorpatan Area, Dhorpatan, Baglung. Guests enjoy Spa, Airport Shuttle, Family Rooms, Bike Rental. Nearby: Dhorpatan Area. Best time to visit: Oct-Mar.","{""best_time"": ""Oct-Mar"", ""note"": ""Generated synthetic listing; verify availability."", ""features"": [""Spa"", ""Airport Shuttle"", ""Family Rooms"", ""Bike Rental"", ""Free Parking""], ""discounts"": ""20% discount for direct website bookings."", ""offers"": ""Ideal to book during weekdays for better rates."", ""additional_booking_info"": ""Includes optional guided hiking tours.""}"
H0273,Everest Haven,Tanahun,4,Near Rising Ranipokhari,27.709724,85.322086,Guesthouse,1600-7000 NPR,4.2,1072,Guide Services; Spa; Room Service,Rising Ranipokhari,village; trekking-base; budget; pond,"Everest Haven is a guesthouse situated in Near Rising Ranipokhari, Tanahun. Guests enjoy Guide Services, Spa, Room Service. Nearby: Rising Ranipokhari. Best time to visit: Oct-Mar.","{""best_time"": ""Oct-Mar"", ""note"": ""Generated synthetic listing; verify availability."", ""features"": [""Guide Services"", ""Spa"", ""Room Service""], ""discounts"": ""Group discounts available for 5+ guests."", ""offers"": ""Best to book at least 2 weeks in advance."", ""additional_booking_info"": ""Flexible cancellation up to 24 hours before check-in.""}"
H0274,Cloud Lodge Lumbini,Lumbini,5,Cycling Tours,27.622738,83.454842,Luxury Hotel,3900-9100 NPR,3.7,560,Bar; Swimming Pool; Spa,Cycling Tours,mountain-view; Adventure; romantic; Sightseeing; Nature,"Cloud Lodge Lumbini is a luxury hotel situated in Cycling Tours, Lumbini. Guests enjoy Bar, Swimming Pool, Spa. Nearby: Cycling Tours. Best time to visit: Oct–Apr.","{""best_time"": ""Oct–Apr"", ""note"": ""Generated synthetic listing; verify availability."", ""features"": [""Bar"", ""Swimming Pool"", ""Spa""], ""discounts"": ""Seasonal discount available during off-peak months."", ""offers"": ""Best to book at least 2 weeks in advance."", ""additional_booking_info"": ""Includes optional guided hiking tours.""}"
H0275,Everest Retreat,Chainpur,1,Sankhuwasabha,27.649537,85.333579,Budget Hotel,4600-12600 NPR,4.2,765,Family Rooms; Bonfire; Tour Desk,Sankhuwasabha,taste local millet beer & food; buy traditional crafts; experience cultural dances; homestay with Kirati families; near-temple; Watch Khukuri (Gurkha knife) making; offbeat,"Everest Retreat is a budget hotel situated in Sankhuwasabha, Chainpur. Guests enjoy Family Rooms, Bonfire, Tour Desk. Nearby: Sankhuwasabha. Best time to visit: All year.","{""best_time"": ""All year"", ""note"": ""Generated synthetic listing; verify availability."", ""features"": [""Family Rooms"", ""Bonfire"", ""Tour Desk""], ""discounts"": ""Book 2 nights and get the 3rd free!"", ""offers"": ""Ideal to book during weekdays for better rates."", ""additional_booking_info"": ""Includes optional guided hiking tours.""}"
H0276,Himalayan Cottage - 276,Chitwan,3,Bishazari Tal,27.523565,84.384084,Guesthouse,6700-10400 NPR,2.9,899,Bonfire; Lake View; Hiking Tours; Free Parking; Guide Services; Family Rooms,Bishazari Tal,adventure; lake; local-experience; pond,"Himalayan Cottage - 276 is a guesthouse situated in Bishazari Tal, Chitwan. Guests enjoy Bonfire, Lake View, Hiking Tours, Free Parking. Nearby: Bishazari Tal. Best time to visit: Oct-Apr.","{""best_time"": ""Oct-Apr"", ""note"": ""Generated synthetic listing; verify availability."", ""features"": [""Bonfire"", ""Lake View"", ""Hiking Tours"", ""Free Parking"", ""Guide Services""], ""discounts"": ""Complimentary breakfast for bookings over 3 nights."", ""offers"": ""Best season to book: Spring and Autumn."", ""additional_booking_info"": ""Airport pickup can be arranged on request.""}"
H0277,Meadow Haven Gulmi,Gulmi,5,Near Shree Rameshowr Mahadev Temple,27.704339,85.316967,Resort,4800-6900 NPR,3.7,86,Bike Rental; Conference Hall; Family Rooms,Shree Rameshowr Mahadev Temple,birdwatching; religious; hindu; temple,"Meadow Haven Gulmi is a resort situated in Near Shree Rameshowr Mahadev Temple, Gulmi. Guests enjoy Bike Rental, Conference Hall, Family Rooms. Nearby: Shree Rameshowr Mahadev Temple. Best time to visit: All Year.","{""best_time"": ""All Year"", ""note"": ""Generated synthetic listing; verify availability."", ""features"": [""Bike Rental"", ""Conference Hall"", ""Family Rooms""], ""discounts"": ""Book 2 nights and get the 3rd free!"", ""offers"": ""Advance booking recommended during festival seasons."", ""additional_booking_info"": ""Children under 6 stay free with parents.""}"
H0278,Cloud Inn Rukum,Rukum,5,Near Musikot,27.732841,85.27431,Budget Hotel,4000-9100 NPR,4.0,111,Bike Rental; Spa; Hiking Tours; Room Service; Airport Shuttle; Swimming Pool; Wake-up Service,Musikot,heritage; scenary; temple; eco-friendly; hill,"Cloud Inn Rukum is a budget hotel situated in Near Musikot, Rukum. Guests enjoy Bike Rental, Spa, Hiking Tours, Room Service. Nearby: Musikot. Best time to visit: All Year.","{""best_time"": ""All Year"", ""note"": ""Generated synthetic listing; verify availability."", ""features"": [""Bike Rental"", ""Spa"", ""Hiking Tours"", ""Room Service"", ""Airport Shuttle""], ""discounts"": ""Book 2 nights and get the 3rd free!"", ""offers"": ""Ideal to book during weekdays for better rates."", ""additional_booking_info"": ""Children under 6 stay free with parents.""}"
H0279,Pine Inn Nawalparasi,Nawalparasi,4,Near Devchuli Hill,27.664232,85.294562,Homestay,3200-6100 NPR,4.2,253,Swimming Pool; Hiking Tours,Devchuli Hill,hiking; heritage; budget; scenery,"Pine Inn Nawalparasi is a homestay situated in Near Devchuli Hill, Nawalparasi. Guests enjoy Swimming Pool, Hiking Tours. Nearby: Devchuli Hill. Best time to visit: Oct-Mar.","{""best_time"": ""Oct-Mar"", ""note"": ""Generated synthetic listing; verify availability."", ""features"": [""Swimming Pool"", ""Hiking Tours""], ""discounts"": ""Complimentary breakfast for bookings over 3 nights."", ""offers"": ""Advance booking recommended during festival seasons."", ""additional_booking_info"": ""Children under 6 stay free with parents.""}"
H0280,Everest Resort Chitwan,Chitwan,3,Near Crocodile Breeding Center,27.58347,84.362859,Budget Hotel,1800-4500 NPR,3.2,105,Mountain View; Wake-up Service; Hiking Tours; Tour Desk; Restaurant,Crocodile Breeding Center,Photography; adventure; Wildlife Observation,"Everest Resort Chitwan is a budget hotel situated in Near Crocodile Breeding Center, Chitwan. Guests enjoy Mountain View, Wake-up Service, Hiking Tours, Tour Desk. Nearby: Crocodile Breeding Center. Best time to visit: Oct–Apr.","{""best_time"": ""Oct–Apr"", ""note"": ""Generated synthetic listing; verify availability."", ""features"": [""Mountain View"", ""Wake-up Service"", ""Hiking Tours"", ""Tour Desk"", ""Restaurant""], ""discounts"": ""Seasonal discount available during off-peak months."", ""offers"": ""Ideal to book during weekdays for better rates."", ""additional_booking_info"": ""Flexible cancellation up to 24 hours before check-in.""}"
H0281,Himalayan Homestay - 281,Kathmandu,3,Near Sankhu,27.717037,85.360895,Cottage,4500-8700 NPR,3.2,974,Guide Services; Hiking Tours; Airport Shuttle; Free WiFi; Free Parking,Sankhu,near-temple; sculptures; birdwatching; temple; local-experience; statues; cultural,"Himalayan Homestay - 281 is a cottage situated in Near Sankhu, Kathmandu. Guests enjoy Guide Services, Hiking Tours, Airport Shuttle, Free WiFi. Nearby: Sankhu. Best time to visit: All Year.","{""best_time"": ""All Year"", ""note"": ""Generated synthetic listing; verify availability."", ""features"": [""Guide Services"", ""Hiking Tours"", ""Airport Shuttle"", ""Free WiFi"", ""Free Parking""], ""discounts"": ""Seasonal discount available during off-peak months."", ""offers"": ""Best season to book: Spring and Autumn."", ""additional_booking_info"": ""Children under 6 stay free with parents.""}"
H0282,Serene Resort Solukhumbu,Solukhumbu,1,Dughla,27.643892,85.309371,Cottage,2900-8700 NPR,4.6,100,Guide Services; Restaurant,Dughla,Landmarks; culture; mountain; Trekking; wildlife; Hiking; lake,"Serene Resort Solukhumbu is a cottage situated in Dughla, Solukhumbu. Guests enjoy Guide Services, Restaurant. Nearby: Dughla. Best time to visit: Oct-Apr.","{""best_time"": ""Oct-Apr"", ""note"": ""Generated synthetic listing; verify availability."", ""features"": [""Guide Services"", ""Restaurant""], ""discounts"": ""Seasonal discount available during off-peak months."", ""offers"": ""Advance booking recommended during festival seasons."", ""additional_booking_info"": ""Flexible cancellation up to 24 hours before check-in.""}"
H0283,Serene Villa,Dhankuta,1,Hile Bazaar,27.732221,85.278739,Luxury Hotel,1100-8400 NPR,4.5,132,Bonfire; Spa; Swimming Pool; Laundry,Hile Bazaar,visit local homestays; see bamboo/wooden craft works; taste Newari & Rai food; eco-friendly; local-experience; hiking; Explore traditional bazaar; stroll around hillside tea shops,"Serene Villa is a luxury hotel situated in Hile Bazaar, Dhankuta. Guests enjoy Bonfire, Spa, Swimming Pool, Laundry. Nearby: Hile Bazaar. Best time to visit: All year.","{""best_time"": ""All year"", ""note"": ""Generated synthetic listing; verify availability."", ""features"": [""Bonfire"", ""Spa"", ""Swimming Pool"", ""Laundry""], ""discounts"": ""10% off on early bird bookings."", ""offers"": ""Advance booking recommended during festival seasons."", ""additional_booking_info"": ""Children under 6 stay free with parents.""}"
H0284,Meadow Retreat,Kathmandu,3,Near Dakshinkali,27.732677,85.382463,Eco-Lodge,6400-11400 NPR,3.7,648,Bike Rental; Room Service; Pet Friendly; Spa,Dakshinkali,culture; temple; cycling; religious shrine; offbeat; pond; hiking; spiritual,"Meadow Retreat is a eco-lodge situated in Near Dakshinkali, Kathmandu. Guests enjoy Bike Rental, Room Service, Pet Friendly, Spa. Nearby: Dakshinkali. Best time to visit: All Year.","{""best_time"": ""All Year"", ""note"": ""Generated synthetic listing; verify availability."", ""features"": [""Bike Rental"", ""Room Service"", ""Pet Friendly"", ""Spa""], ""discounts"": ""20% discount for direct website bookings."", ""offers"": ""Best season to book: Spring and Autumn."", ""additional_booking_info"": ""Children under 6 stay free with parents.""}"
H0285,Meadow House - 285,Sindhupalchowk,3,Bhotekoshi,27.715055,85.254151,Guesthouse,5500-12600 NPR,3.6,683,Conference Hall; Bar; Free WiFi; Tour Desk,Bhotekoshi,rafting; river; mountain-view; budget; wildlife,"Meadow House - 285 is a guesthouse situated in Bhotekoshi, Sindhupalchowk. Guests enjoy Conference Hall, Bar, Free WiFi, Tour Desk. Nearby: Bhotekoshi. Best time to visit: Oct-May.","{""best_time"": ""Oct-May"", ""note"": ""Generated synthetic listing; verify availability."", ""features"": [""Conference Hall"", ""Bar"", ""Free WiFi"", ""Tour Desk""], ""discounts"": ""Seasonal discount available during off-peak months."", ""offers"": ""Best season to book: Spring and Autumn."", ""additional_booking_info"": ""Includes optional guided hiking tours.""}"
H0286,Cloud Stay Lamjung - 286,Lamjung,4,Near Dharme Beshi,27.680963,85.326928,Cottage,700-3900 NPR,3.2,692,Bonfire; Wake-up Service; Breakfast Included; Spa; Tour Desk; Conference Hall; Lake View,Dharme Beshi,trekking; wellness; hills; village; birdwatching; eco-friendly; trekking-base; hiking,"Cloud Stay Lamjung - 286 is a cottage situated in Near Dharme Beshi, Lamjung. Guests enjoy Bonfire, Wake-up Service, Breakfast Included, Spa. Nearby: Dharme Beshi. Best time to visit: Oct-Mar.","{""best_time"": ""Oct-Mar"", ""note"": ""Generated synthetic listing; verify availability."", ""features"": [""Bonfire"", ""Wake-up Service"", ""Breakfast Included"", ""Spa"", ""Tour Desk""], ""discounts"": ""10% off on early bird bookings."", ""offers"": ""Ideal to book during weekdays for better rates."", ""additional_booking_info"": ""Children under 6 stay free with parents.""}"
H0287,Cloud House,Solukhumbu,1,"Near Dole, Nepal",27.642246,85.309288,Lodge,3400-4800 NPR,4.7,574,Lake View; Family Rooms,"Dole, Nepal",Landmarks; culture; hills; Tour; heritage,"Cloud House is a lodge situated in Near Dole, Nepal, Solukhumbu. Guests enjoy Lake View, Family Rooms. Nearby: Dole, Nepal. Best time to visit: Oct-Apr.","{""best_time"": ""Oct-Apr"", ""note"": ""Generated synthetic listing; verify availability."", ""features"": [""Lake View"", ""Family Rooms""], ""discounts"": ""Complimentary breakfast for bookings over 3 nights."", ""offers"": ""Advance booking recommended during festival seasons."", ""additional_booking_info"": ""Children under 6 stay free with parents.""}"
H0288,Everest Lodge,Lalitpur,3,Near Anantalingeshwor Mahadev temple,27.67774,85.243795,Luxury Hotel,1200-9700 NPR,4.6,761,Mountain View; Bar; Bike Rental; Wake-up Service; Restaurant,Anantalingeshwor Mahadev temple,peaceful; temple; hindu; pond; rhododendron,"Everest Lodge is a luxury hotel situated in Near Anantalingeshwor Mahadev temple, Lalitpur. Guests enjoy Mountain View, Bar, Bike Rental, Wake-up Service. Nearby: Anantalingeshwor Mahadev temple. Best time to visit: Mar-May.","{""best_time"": ""Mar-May"", ""note"": ""Generated synthetic listing; verify availability."", ""features"": [""Mountain View"", ""Bar"", ""Bike Rental"", ""Wake-up Service"", ""Restaurant""], ""discounts"": ""20% discount for direct website bookings."", ""offers"": ""Advance booking recommended during festival seasons."", ""additional_booking_info"": ""Includes optional guided hiking tours.""}"
H0289,Tranquil Lodge - 289,Khotang,1,Near Haleshi-maratika cave,27.700007,85.262825,Eco-Lodge,6500-15400 NPR,3.4,670,Swimming Pool; Bike Rental; Spa,Haleshi-maratika cave,Landmarks; Religious; wellness; Tour; family-friendly; Hiking,"Tranquil Lodge - 289 is a eco-lodge situated in Near Haleshi-maratika cave, Khotang. Guests enjoy Swimming Pool, Bike Rental, Spa. Nearby: Haleshi-maratika cave. Best time to visit: Oct-Apr.","{""best_time"": ""Oct-Apr"", ""note"": ""Generated synthetic listing; verify availability."", ""features"": [""Swimming Pool"", ""Bike Rental"", ""Spa""], ""discounts"": ""Book 2 nights and get the 3rd free!"", ""offers"": ""Best season to book: Spring and Autumn."", ""additional_booking_info"": ""Includes optional guided hiking tours.""}"
H0290,Meadow Stay Rukum,Rukum,5,Musikot,27.741775,85.344625,Lodge,4300-5400 NPR,3.0,639,Room Service; Mountain View,Musikot,near-temple; scenary; temple; trekking-base; hill,"Meadow Stay Rukum is a lodge situated in Musikot, Rukum. Guests enjoy Room Service, Mountain View. Nearby: Musikot. Best time to visit: All Year.","{""best_time"": ""All Year"", ""note"": ""Generated synthetic listing; verify availability."", ""features"": [""Room Service"", ""Mountain View""], ""discounts"": ""Complimentary breakfast for bookings over 3 nights."", ""offers"": ""Best season to book: Spring and Autumn."", ""additional_booking_info"": ""Includes optional guided hiking tours.""}"
H0291,Sunrise House,Lalitpur,3,Near Sundari Chowk,27.672719,85.2589,Boutique Hotel,600-9300 NPR,3.0,1111,Conference Hall; Lake View; Laundry; Spa,Sundari Chowk,culture; temple; offbeat; statues; pond; lakeside,"Sunrise House is a boutique hotel situated in Near Sundari Chowk, Lalitpur. Guests enjoy Conference Hall, Lake View, Laundry, Spa. Nearby: Sundari Chowk. Best time to visit: All Year.","{""best_time"": ""All Year"", ""note"": ""Generated synthetic listing; verify availability."", ""features"": [""Conference Hall"", ""Lake View"", ""Laundry"", ""Spa""], ""discounts"": ""10% off on early bird bookings."", ""offers"": ""Winter offers the best value deals."", ""additional_booking_info"": ""Airport pickup can be arranged on request.""}"
H0292,Sunrise Homestay,Taplejung,1,Khangchendzonga national park,27.643479,85.348395,Resort,1400-8000 NPR,2.9,873,Restaurant; Tour Desk; Room Service; Hiking Tours; Pet Friendly,Khangchendzonga national park,trekking; near-temple; lakes; river; birdwatching; trekking-base; wildlife,"Sunrise Homestay is a resort situated in Khangchendzonga national park, Taplejung. Guests enjoy Restaurant, Tour Desk, Room Service, Hiking Tours. Nearby: Khangchendzonga national park. Best time to visit: Oct-Apr.","{""best_time"": ""Oct-Apr"", ""note"": ""Generated synthetic listing; verify availability."", ""features"": [""Restaurant"", ""Tour Desk"", ""Room Service"", ""Hiking Tours"", ""Pet Friendly""], ""discounts"": ""Complimentary breakfast for bookings over 3 nights."", ""offers"": ""Best to book at least 2 weeks in advance."", ""additional_booking_info"": ""Complimentary local sightseeing package on request.""}"
H0293,Pine Homestay Terhathum,Terhathum,1,Near Gajurmukhi,27.696193,85.29467,Eco-Lodge,4400-8400 NPR,4.7,294,Laundry; Pet Friendly; Family Rooms; Restaurant; Lake View; Bike Rental,Gajurmukhi,river; temple; budget; local-experience; romantic; religious shrine; spiritual,"Pine Homestay Terhathum is a eco-lodge situated in Near Gajurmukhi, Terhathum. Guests enjoy Laundry, Pet Friendly, Family Rooms, Restaurant. Nearby: Gajurmukhi. Best time to visit: Oct-Apr.","{""best_time"": ""Oct-Apr"", ""note"": ""Generated synthetic listing; verify availability."", ""features"": [""Laundry"", ""Pet Friendly"", ""Family Rooms"", ""Restaurant"", ""Lake View""], ""discounts"": ""Group discounts available for 5+ guests."", ""offers"": ""Advance booking recommended during festival seasons."", ""additional_booking_info"": ""Complimentary local sightseeing package on request.""}"
H0294,Lakeside Villa,Bara,2,Near Gadhimai Temple Jeetpur,27.712533,85.255287,Boutique Hotel,3800-5900 NPR,3.5,145,Conference Hall; Hiking Tours; Family Rooms; Guide Services,Gadhimai Temple Jeetpur,lakeside; hindu; temple; local-experience,"Lakeside Villa is a boutique hotel situated in Near Gadhimai Temple Jeetpur, Bara. Guests enjoy Conference Hall, Hiking Tours, Family Rooms, Guide Services. Nearby: Gadhimai Temple Jeetpur. Best time to visit: Dec (festival).","{""best_time"": ""Dec (festival)"", ""note"": ""Generated synthetic listing; verify availability."", ""features"": [""Conference Hall"", ""Hiking Tours"", ""Family Rooms"", ""Guide Services""], ""discounts"": ""Group discounts available for 5+ guests."", ""offers"": ""Winter offers the best value deals."", ""additional_booking_info"": ""Flexible cancellation up to 24 hours before check-in.""}"
H0295,Serene Villa IIlam,IIlam,1,Near Tea Gardens & Kanyam,27.710916,85.334118,Luxury Hotel,5100-11100 NPR,3.9,483,Airport Shuttle; Room Service; Bonfire,Tea Gardens & Kanyam,culture; Tea garden walks; sunrise from Shree Antu; cultural homestays; local tea tasting,"Serene Villa IIlam is a luxury hotel situated in Near Tea Gardens & Kanyam, IIlam. Guests enjoy Airport Shuttle, Room Service, Bonfire. Nearby: Tea Gardens & Kanyam. Best time to visit: Oct–Dec & Mar–May.","{""best_time"": ""Oct–Dec & Mar–May"", ""note"": ""Generated synthetic listing; verify availability."", ""features"": [""Airport Shuttle"", ""Room Service"", ""Bonfire""], ""discounts"": ""Seasonal discount available during off-peak months."", ""offers"": ""Winter offers the best value deals."", ""additional_booking_info"": ""Children under 6 stay free with parents.""}"
H0296,Pine Haven,Bajhang,7,Khaptad National Park (West Entry),27.754706,85.248353,Boutique Hotel,6100-12600 NPR,3.5,125,Bar; Spa,Khaptad National Park (West Entry),Spiritual sites (Khaptad Baba Ashram); birdwatching; trekking in meadows; adventure,"Pine Haven is a boutique hotel situated in Khaptad National Park (West Entry), Bajhang. Guests enjoy Bar, Spa. Nearby: Khaptad National Park (West Entry). Best time to visit: Mar–Jun & Sept–Nov.","{""best_time"": ""Mar–Jun & Sept–Nov"", ""note"": ""Generated synthetic listing; verify availability."", ""features"": [""Bar"", ""Spa""], ""discounts"": ""Group discounts available for 5+ guests."", ""offers"": ""Advance booking recommended during festival seasons."", ""additional_booking_info"": ""Airport pickup can be arranged on request.""}"
H0297,Pine Stay Dhading,Dhading,3,Near Tripurasundari Mai,27.664679,85.345291,Homestay,5200-10500 NPR,4.6,890,Pet Friendly; Airport Shuttle; Room Service; Free WiFi; Bike Rental; Family Rooms; Guide Services,Tripurasundari Mai,family-friendly; temple; hindu; wildlife; cultural,"Pine Stay Dhading is a homestay situated in Near Tripurasundari Mai, Dhading. Guests enjoy Pet Friendly, Airport Shuttle, Room Service, Free WiFi. Nearby: Tripurasundari Mai. Best time to visit: All Year.","{""best_time"": ""All Year"", ""note"": ""Generated synthetic listing; verify availability."", ""features"": [""Pet Friendly"", ""Airport Shuttle"", ""Room Service"", ""Free WiFi"", ""Bike Rental""], ""discounts"": ""Complimentary breakfast for bookings over 3 nights."", ""offers"": ""Ideal to book during weekdays for better rates."", ""additional_booking_info"": ""Includes optional guided hiking tours.""}"
H0298,Cloud Inn Dang,Dang,5,Near Ambikeshwori,27.653164,85.273865,Resort,2400-9800 NPR,4.2,807,Lake View; Family Rooms; Tour Desk; Room Service; Guide Services; Bar; Wake-up Service,Ambikeshwori,religious; temple; hindu; adventure; spiritual,"Cloud Inn Dang is a resort situated in Near Ambikeshwori, Dang. Guests enjoy Lake View, Family Rooms, Tour Desk, Room Service. Nearby: Ambikeshwori. Best time to visit: All Year.","{""best_time"": ""All Year"", ""note"": ""Generated synthetic listing; verify availability."", ""features"": [""Lake View"", ""Family Rooms"", ""Tour Desk"", ""Room Service"", ""Guide Services""], ""discounts"": ""20% discount for direct website bookings."", ""offers"": ""Best to book at least 2 weeks in advance."", ""additional_booking_info"": ""Includes optional guided hiking tours.""}"
H0299,Cloud Cottage,Bhaktapur,3,Near Kalamasi,27.646117,85.474528,Budget Hotel,1600-2100 NPR,2.9,32,Bonfire; Guide Services; Spa,Kalamasi,adventure; picnic spot; dam-site; pond,"Cloud Cottage is a budget hotel situated in Near Kalamasi, Bhaktapur. Guests enjoy Bonfire, Guide Services, Spa. Nearby: Kalamasi. Best time to visit: Oct-Apr.","{""best_time"": ""Oct-Apr"", ""note"": ""Generated synthetic listing; verify availability."", ""features"": [""Bonfire"", ""Guide Services"", ""Spa""], ""discounts"": ""Group discounts available for 5+ guests."", ""offers"": ""Best season to book: Spring and Autumn."", ""additional_booking_info"": ""Airport pickup can be arranged on request.""}"
H0300,Pine Homestay,Kapilvastu,5,Near Kudan,27.690895,85.338409,Luxury Hotel,3400-7400 NPR,3.2,15,Bonfire; Free Parking; Bike Rental; Laundry; Guide Services; Pet Friendly,Kudan,buddhist; historical; family-friendly; temple; site,"Pine Homestay is a luxury hotel situated in Near Kudan, Kapilvastu. Guests enjoy Bonfire, Free Parking, Bike Rental, Laundry. Nearby: Kudan. Best time to visit: All Year.","{""best_time"": ""All Year"", ""note"": ""Generated synthetic listing; verify availability."", ""features"": [""Bonfire"", ""Free Parking"", ""Bike Rental"", ""Laundry"", ""Guide Services""], ""discounts"": ""10% off on early bird bookings."", ""offers"": ""Best to book at least 2 weeks in advance."", ""additional_booking_info"": ""Flexible cancellation up to 24 hours before check-in.""}"
H0301,Pine Haven Illam,Illam,1,Near Mai Pokhari,27.65705,85.327755,Homestay,4300-13100 NPR,3.0,181,Bonfire; Airport Shuttle; Conference Hall,Mai Pokhari,mushroom & wildflower spotting; Boating on the lake; family-friendly; birdwatching; local-experience; eco-lodge stay; forest walks around Ramsar site; trekking-base,"Pine Haven Illam is a homestay situated in Near Mai Pokhari, Illam. Guests enjoy Bonfire, Airport Shuttle, Conference Hall. Nearby: Mai Pokhari. Best time to visit: Oct–Apr.","{""best_time"": ""Oct–Apr"", ""note"": ""Generated synthetic listing; verify availability."", ""features"": [""Bonfire"", ""Airport Shuttle"", ""Conference Hall""], ""discounts"": ""20% discount for direct website bookings."", ""offers"": ""Best to book at least 2 weeks in advance."", ""additional_booking_info"": ""Flexible cancellation up to 24 hours before check-in.""}"
H0302,Himalayan Villa,Pokhara,4,Near Tadapani,28.189382,83.96795,Homestay,2900-5900 NPR,2.9,622,Room Service; Laundry; Breakfast Included; Bonfire; Restaurant; Wake-up Service; Lake View,Tadapani,Trekking; local-experience; romantic; Mountain views; Birdwatching; wildlife,"Himalayan Villa is a homestay situated in Near Tadapani, Pokhara. Guests enjoy Room Service, Laundry, Breakfast Included, Bonfire. Nearby: Tadapani. Best time to visit: Oct–Nov, Mar–May.","{""best_time"": ""Oct–Nov, Mar–May"", ""note"": ""Generated synthetic listing; verify availability."", ""features"": [""Room Service"", ""Laundry"", ""Breakfast Included"", ""Bonfire"", ""Restaurant""], ""discounts"": ""Group discounts available for 5+ guests."", ""offers"": ""Best to book at least 2 weeks in advance."", ""additional_booking_info"": ""Flexible cancellation up to 24 hours before check-in.""}"
H0303,Golden Resort,Dadeldhura,7,Amargadhi Fort,27.655905,85.273717,Homestay,600-2700 NPR,4.0,309,Hiking Tours; Pet Friendly; Restaurant; Laundry; Free Parking; Bonfire; Airport Shuttle,Amargadhi Fort,trekking-base; history,"Golden Resort is a homestay situated in Amargadhi Fort, Dadeldhura. Guests enjoy Hiking Tours, Pet Friendly, Restaurant, Laundry. Nearby: Amargadhi Fort. Best time to visit: Oct-Mar.","{""best_time"": ""Oct-Mar"", ""note"": ""Generated synthetic listing; verify availability."", ""features"": [""Hiking Tours"", ""Pet Friendly"", ""Restaurant"", ""Laundry"", ""Free Parking""], ""discounts"": ""Group discounts available for 5+ guests."", ""offers"": ""Best season to book: Spring and Autumn."", ""additional_booking_info"": ""Flexible cancellation up to 24 hours before check-in.""}"
H0304,Serene Homestay,Illam,1,Near Pattek hill,27.75923,85.332444,Guesthouse,5900-13400 NPR,4.3,342,Room Service; Pet Friendly; Breakfast Included,Pattek hill,trekking; hills; family-friendly; offbeat; luxury,"Serene Homestay is a guesthouse situated in Near Pattek hill, Illam. Guests enjoy Room Service, Pet Friendly, Breakfast Included. Nearby: Pattek hill. Best time to visit: Oct-Apr.","{""best_time"": ""Oct-Apr"", ""note"": ""Generated synthetic listing; verify availability."", ""features"": [""Room Service"", ""Pet Friendly"", ""Breakfast Included""], ""discounts"": ""10% off on early bird bookings."", ""offers"": ""Best to book at least 2 weeks in advance."", ""additional_booking_info"": ""Children under 6 stay free with parents.""}"
H0305,Riverbend Villa Surkhet,Surkhet,6,Near Kakre Bihar—the “other Lumbini”,27.703902,85.285576,Luxury Hotel,4400-9000 NPR,3.1,890,Mountain View; Hiking Tours,Kakre Bihar—the “other Lumbini”,history; family-friendly; sculptures; temple; forest; hindu; trekking-base; hiking; luxury,"Riverbend Villa Surkhet is a luxury hotel situated in Near Kakre Bihar—the “other Lumbini”, Surkhet. Guests enjoy Mountain View, Hiking Tours. Nearby: Kakre Bihar—the “other Lumbini”. Best time to visit: All Year.","{""best_time"": ""All Year"", ""note"": ""Generated synthetic listing; verify availability."", ""features"": [""Mountain View"", ""Hiking Tours""], ""discounts"": ""20% discount for direct website bookings."", ""offers"": ""Winter offers the best value deals."", ""additional_booking_info"": ""Airport pickup can be arranged on request.""}"
H0306,Vista Haven,Pokhara,4,Near Ghandruk,28.252603,83.965796,Homestay,1300-5800 NPR,4.1,801,Free Parking; Room Service; Bar; Bike Rental; Lake View,Ghandruk,trekking-base; birdwatching; Cultural exploration; Village walk,"Vista Haven is a homestay situated in Near Ghandruk, Pokhara. Guests enjoy Free Parking, Room Service, Bar, Bike Rental. Nearby: Ghandruk. Best time to visit: Oct–Nov, Mar–May.","{""best_time"": ""Oct–Nov, Mar–May"", ""note"": ""Generated synthetic listing; verify availability."", ""features"": [""Free Parking"", ""Room Service"", ""Bar"", ""Bike Rental"", ""Lake View""], ""discounts"": ""20% discount for direct website bookings."", ""offers"": ""Ideal to book during weekdays for better rates."", ""additional_booking_info"": ""Children under 6 stay free with parents.""}"
H0307,Vista Inn - 307,Jhapa,1,Dhanpal fort ,27.652469,85.293513,Guesthouse,6400-11400 NPR,3.3,69,Tour Desk; Airport Shuttle,Dhanpal fort ,temple; local-experience; hindu; hiking; fort,"Vista Inn - 307 is a guesthouse situated in Dhanpal fort , Jhapa. Guests enjoy Tour Desk, Airport Shuttle. Nearby: Dhanpal fort . Best time to visit: Oct-Apr.","{""best_time"": ""Oct-Apr"", ""note"": ""Generated synthetic listing; verify availability."", ""features"": [""Tour Desk"", ""Airport Shuttle""], ""discounts"": ""Seasonal discount available during off-peak months."", ""offers"": ""Winter offers the best value deals."", ""additional_booking_info"": ""Includes optional guided hiking tours.""}"
H0308,Everest Lodge,Kathmandu,3,Near Sundarijal,27.672789,85.342767,Cottage,2000-4100 NPR,4.2,518,Hiking Tours; Airport Shuttle; Wake-up Service; Laundry,Sundarijal,Picnic spot; mountain-view; waterfall; budget; offbeat; trekking-base; hiking,"Everest Lodge is a cottage situated in Near Sundarijal, Kathmandu. Guests enjoy Hiking Tours, Airport Shuttle, Wake-up Service, Laundry. Nearby: Sundarijal. Best time to visit: All Year.","{""best_time"": ""All Year"", ""note"": ""Generated synthetic listing; verify availability."", ""features"": [""Hiking Tours"", ""Airport Shuttle"", ""Wake-up Service"", ""Laundry""], ""discounts"": ""Seasonal discount available during off-peak months."", ""offers"": ""Ideal to book during weekdays for better rates."", ""additional_booking_info"": ""Complimentary local sightseeing package on request.""}"
H0309,Himalayan Cottage Pokhara,Pokhara,4,Rupa Lake,28.247136,83.946952,Boutique Hotel,4500-8100 NPR,4.0,365,Bonfire; Swimming Pool; Spa; Conference Hall; Guide Services; Bar; Mountain View,Rupa Lake,Lake; wellness; hills,"Himalayan Cottage Pokhara is a boutique hotel situated in Rupa Lake, Pokhara. Guests enjoy Bonfire, Swimming Pool, Spa, Conference Hall. Nearby: Rupa Lake. Best time to visit: Oct-Apr.","{""best_time"": ""Oct-Apr"", ""note"": ""Generated synthetic listing; verify availability."", ""features"": [""Bonfire"", ""Swimming Pool"", ""Spa"", ""Conference Hall"", ""Guide Services""], ""discounts"": ""Book 2 nights and get the 3rd free!"", ""offers"": ""Advance booking recommended during festival seasons."", ""additional_booking_info"": ""Airport pickup can be arranged on request.""}"
H0310,Golden Inn Gorkha,Gorkha,4,Maharani Than,27.997606,84.678581,Budget Hotel,5800-6200 NPR,4.7,799,Spa; Lake View; Family Rooms; Free WiFi,Maharani Than,heritage; temple; budget; eco-friendly; hindu; spiritual,"Golden Inn Gorkha is a budget hotel situated in Maharani Than, Gorkha. Guests enjoy Spa, Lake View, Family Rooms, Free WiFi. Nearby: Maharani Than. Best time to visit: Oct-Mar.","{""best_time"": ""Oct-Mar"", ""note"": ""Generated synthetic listing; verify availability."", ""features"": [""Spa"", ""Lake View"", ""Family Rooms"", ""Free WiFi""], ""discounts"": ""Complimentary breakfast for bookings over 3 nights."", ""offers"": ""Winter offers the best value deals."", ""additional_booking_info"": ""Complimentary local sightseeing package on request.""}"
H0311,Tranquil Inn Pokhara,Pokhara,4,Near Paragliding Sites (Pokhara Valley),28.164144,83.989836,Lodge,3200-8500 NPR,3.6,185,Conference Hall; Lake View; Airport Shuttle; Hiking Tours,Paragliding Sites (Pokhara Valley),near-temple; birdwatching; offbeat; Tandem Flights; Paragliding,"Tranquil Inn Pokhara is a lodge situated in Near Paragliding Sites (Pokhara Valley), Pokhara. Guests enjoy Conference Hall, Lake View, Airport Shuttle, Hiking Tours. Nearby: Paragliding Sites (Pokhara Valley). Best time to visit: Oct–Nov, Mar–May.","{""best_time"": ""Oct–Nov, Mar–May"", ""note"": ""Generated synthetic listing; verify availability."", ""features"": [""Conference Hall"", ""Lake View"", ""Airport Shuttle"", ""Hiking Tours""], ""discounts"": ""10% off on early bird bookings."", ""offers"": ""Best to book at least 2 weeks in advance."", ""additional_booking_info"": ""Airport pickup can be arranged on request.""}"
H0312,Riverbend Retreat Sunsari,Sunsari,1,Itahari,27.722661,85.29838,Eco-Lodge,6500-9900 NPR,3.1,395,Room Service; Free Parking,Itahari,Terai; heritage; Tour; birdwatching; Trekking; Parks; budget; wildlife,"Riverbend Retreat Sunsari is a eco-lodge situated in Itahari, Sunsari. Guests enjoy Room Service, Free Parking. Nearby: Itahari. Best time to visit: Oct-Apr.","{""best_time"": ""Oct-Apr"", ""note"": ""Generated synthetic listing; verify availability."", ""features"": [""Room Service"", ""Free Parking""], ""discounts"": ""Seasonal discount available during off-peak months."", ""offers"": ""Winter offers the best value deals."", ""additional_booking_info"": ""Airport pickup can be arranged on request.""}"
H0313,Cloud Villa - 313,Kailali,7,Godawari Ram Temple,27.680526,85.326521,Luxury Hotel,1500-5200 NPR,4.4,1071,Conference Hall; Spa; Room Service; Free Parking; Airport Shuttle,Godawari Ram Temple,hindu; temple; adventure,"Cloud Villa - 313 is a luxury hotel situated in Godawari Ram Temple, Kailali. Guests enjoy Conference Hall, Spa, Room Service, Free Parking. Nearby: Godawari Ram Temple. Best time to visit: Oct-Apr.","{""best_time"": ""Oct-Apr"", ""note"": ""Generated synthetic listing; verify availability."", ""features"": [""Conference Hall"", ""Spa"", ""Room Service"", ""Free Parking"", ""Airport Shuttle""], ""discounts"": ""Group discounts available for 5+ guests."", ""offers"": ""Best to book at least 2 weeks in advance."", ""additional_booking_info"": ""Complimentary local sightseeing package on request.""}"
H0314,Vista Inn,Dadeldhura,7,Tripura Sundari temple,27.724156,85.255665,Budget Hotel,5700-6800 NPR,4.6,199,Tour Desk; Restaurant; Room Service; Airport Shuttle; Swimming Pool,Tripura Sundari temple,hindu; spiritual; temple,"Vista Inn is a budget hotel situated in Tripura Sundari temple, Dadeldhura. Guests enjoy Tour Desk, Restaurant, Room Service, Airport Shuttle. Nearby: Tripura Sundari temple. Best time to visit: Oct-Mar.","{""best_time"": ""Oct-Mar"", ""note"": ""Generated synthetic listing; verify availability."", ""features"": [""Tour Desk"", ""Restaurant"", ""Room Service"", ""Airport Shuttle"", ""Swimming Pool""], ""discounts"": ""Seasonal discount available during off-peak months."", ""offers"": ""Best to book at least 2 weeks in advance."", ""additional_booking_info"": ""Includes optional guided hiking tours.""}"
H0315,Everest Retreat Darchula,Darchula,7,Lipulekh Pass & Yari Valley,27.740308,85.328551,Luxury Hotel,3200-5400 NPR,4.8,1179,Spa; Lake View; Bar; Breakfast Included; Restaurant; Tour Desk,Lipulekh Pass & Yari Valley,culture of Shauka people; high-altitude trekking; Ancient trade route exploration; luxury,"Everest Retreat Darchula is a luxury hotel situated in Lipulekh Pass & Yari Valley, Darchula. Guests enjoy Spa, Lake View, Bar, Breakfast Included. Nearby: Lipulekh Pass & Yari Valley. Best time to visit: Apr–Jun & Sept–Oct.","{""best_time"": ""Apr–Jun & Sept–Oct"", ""note"": ""Generated synthetic listing; verify availability."", ""features"": [""Spa"", ""Lake View"", ""Bar"", ""Breakfast Included"", ""Restaurant""], ""discounts"": ""10% off on early bird bookings."", ""offers"": ""Winter offers the best value deals."", ""additional_booking_info"": ""Includes optional guided hiking tours.""}"
H0316,Serene Cottage Pokhara,Pokhara,4,Gupteshwor Mahadev Cave,28.178837,83.995438,Budget Hotel,1300-7800 NPR,4.4,32,Airport Shuttle; Free WiFi; Tour Desk; Restaurant; Wake-up Service,Gupteshwor Mahadev Cave,cave; waterfall; temple; eco-friendly; hindu; adventure; spiritual,"Serene Cottage Pokhara is a budget hotel situated in Gupteshwor Mahadev Cave, Pokhara. Guests enjoy Airport Shuttle, Free WiFi, Tour Desk, Restaurant. Nearby: Gupteshwor Mahadev Cave. Best time to visit: Oct-Apr.","{""best_time"": ""Oct-Apr"", ""note"": ""Generated synthetic listing; verify availability."", ""features"": [""Airport Shuttle"", ""Free WiFi"", ""Tour Desk"", ""Restaurant"", ""Wake-up Service""], ""discounts"": ""Complimentary breakfast for bookings over 3 nights."", ""offers"": ""Best to book at least 2 weeks in advance."", ""additional_booking_info"": ""Airport pickup can be arranged on request.""}"
H0317,Serene House,Kathmandu,3,Near Dhaaraapani (Dhungedhaaraa),27.730465,85.268515,Budget Hotel,6400-14900 NPR,4.0,180,Mountain View; Pet Friendly; Guide Services; Free WiFi; Free Parking; Bar; Breakfast Included,Dhaaraapani (Dhungedhaaraa),statues; temple; local-experience; pond,"Serene House is a budget hotel situated in Near Dhaaraapani (Dhungedhaaraa), Kathmandu. Guests enjoy Mountain View, Pet Friendly, Guide Services, Free WiFi. Nearby: Dhaaraapani (Dhungedhaaraa). Best time to visit: All Year.","{""best_time"": ""All Year"", ""note"": ""Generated synthetic listing; verify availability."", ""features"": [""Mountain View"", ""Pet Friendly"", ""Guide Services"", ""Free WiFi"", ""Free Parking""], ""discounts"": ""Book 2 nights and get the 3rd free!"", ""offers"": ""Best season to book: Spring and Autumn."", ""additional_booking_info"": ""Includes optional guided hiking tours.""}"
H0318,Cloud Stay Palpa,Palpa,5,Near Rani Mahal,27.673171,85.263246,Budget Hotel,6100-14200 NPR,3.8,327,Breakfast Included; Wake-up Service; Pet Friendly; Mountain View; Bar; Guide Services; Spa,Rani Mahal,wellness; historical; family-friendly; local-experience; hill,"Cloud Stay Palpa is a budget hotel situated in Near Rani Mahal, Palpa. Guests enjoy Breakfast Included, Wake-up Service, Pet Friendly, Mountain View. Nearby: Rani Mahal. Best time to visit: All Year.","{""best_time"": ""All Year"", ""note"": ""Generated synthetic listing; verify availability."", ""features"": [""Breakfast Included"", ""Wake-up Service"", ""Pet Friendly"", ""Mountain View"", ""Bar""], ""discounts"": ""Seasonal discount available during off-peak months."", ""offers"": ""Ideal to book during weekdays for better rates."", ""additional_booking_info"": ""Children under 6 stay free with parents.""}"
H0319,Meadow Inn,Mahottari,2,Near Jaleshwar ,27.698207,85.253928,Guesthouse,6400-14000 NPR,4.0,667,Bar; Lake View; Free Parking; Swimming Pool; Tour Desk,Jaleshwar ,temple; hindu; pond; park; lakeside; luxury,"Meadow Inn is a guesthouse situated in Near Jaleshwar , Mahottari. Guests enjoy Bar, Lake View, Free Parking, Swimming Pool. Nearby: Jaleshwar . Best time to visit: Oct-Mar.","{""best_time"": ""Oct-Mar"", ""note"": ""Generated synthetic listing; verify availability."", ""features"": [""Bar"", ""Lake View"", ""Free Parking"", ""Swimming Pool"", ""Tour Desk""], ""discounts"": ""Book 2 nights and get the 3rd free!"", ""offers"": ""Winter offers the best value deals."", ""additional_booking_info"": ""Includes optional guided hiking tours.""}"
H0320,Tranquil Cottage,Kapilvastu,5,Near Gotihawa,27.646521,85.292304,Guesthouse,5500-13200 NPR,3.2,764,Hiking Tours; Bar; Pet Friendly,Gotihawa,religious; historical; near-temple; adventure; trekking-base; cultural,"Tranquil Cottage is a guesthouse situated in Near Gotihawa, Kapilvastu. Guests enjoy Hiking Tours, Bar, Pet Friendly. Nearby: Gotihawa. Best time to visit: All Year.","{""best_time"": ""All Year"", ""note"": ""Generated synthetic listing; verify availability."", ""features"": [""Hiking Tours"", ""Bar"", ""Pet Friendly""], ""discounts"": ""20% discount for direct website bookings."", ""offers"": ""Winter offers the best value deals."", ""additional_booking_info"": ""Airport pickup can be arranged on request.""}"
H0321,Meadow Homestay Sunsari,Sunsari,1,Near Mini mountain,27.695029,85.260544,Lodge,2300-7400 NPR,4.0,348,Conference Hall; Free Parking; Airport Shuttle; Guide Services; Bike Rental; Bonfire,Mini mountain,family tour spot; culture; river; picnic; mountains; spiritual,"Meadow Homestay Sunsari is a lodge situated in Near Mini mountain, Sunsari. Guests enjoy Conference Hall, Free Parking, Airport Shuttle, Guide Services. Nearby: Mini mountain. Best time to visit: Oct-Apr.","{""best_time"": ""Oct-Apr"", ""note"": ""Generated synthetic listing; verify availability."", ""features"": [""Conference Hall"", ""Free Parking"", ""Airport Shuttle"", ""Guide Services"", ""Bike Rental""], ""discounts"": ""Complimentary breakfast for bookings over 3 nights."", ""offers"": ""Ideal to book during weekdays for better rates."", ""additional_booking_info"": ""Airport pickup can be arranged on request.""}"
H0322,Sunrise Inn,Surkhet,6,Kupinde Lake,27.679276,85.309536,Cottage,1700-2100 NPR,3.6,90,Bonfire; Bike Rental,Kupinde Lake,hills; temple; eco-friendly; natural beauty; hindu; pond; lake,"Sunrise Inn is a cottage situated in Kupinde Lake, Surkhet. Guests enjoy Bonfire, Bike Rental. Nearby: Kupinde Lake. Best time to visit: Oct-Apr.","{""best_time"": ""Oct-Apr"", ""note"": ""Generated synthetic listing; verify availability."", ""features"": [""Bonfire"", ""Bike Rental""], ""discounts"": ""Seasonal discount available during off-peak months."", ""offers"": ""Ideal to book during weekdays for better rates."", ""additional_booking_info"": ""Complimentary local sightseeing package on request.""}"
H0323,Riverbend Villa,Pokhara,4,Poon Hill,28.209034,83.935571,Resort,6200-13100 NPR,4.7,271,Mountain View; Free Parking; Airport Shuttle; Free WiFi,Poon Hill,Photography; wellness; Sunrise trek; romantic; offbeat; wildlife; Scenic view,"Riverbend Villa is a resort situated in Poon Hill, Pokhara. Guests enjoy Mountain View, Free Parking, Airport Shuttle, Free WiFi. Nearby: Poon Hill. Best time to visit: October-April.","{""best_time"": ""October-April"", ""note"": ""Generated synthetic listing; verify availability."", ""features"": [""Mountain View"", ""Free Parking"", ""Airport Shuttle"", ""Free WiFi""], ""discounts"": ""Seasonal discount available during off-peak months."", ""offers"": ""Winter offers the best value deals."", ""additional_booking_info"": ""Children under 6 stay free with parents.""}"
H0324,Pine Resort,Jajarkot,6,Near Rukmini Lake,27.68445,85.295715,Resort,5600-7100 NPR,3.6,681,Breakfast Included; Mountain View; Guide Services; Laundry; Bar; Airport Shuttle,Rukmini Lake,peaceful; family-friendly; forest; pond; natural beauty; hiking; lake,"Pine Resort is a resort situated in Near Rukmini Lake, Jajarkot. Guests enjoy Breakfast Included, Mountain View, Guide Services, Laundry. Nearby: Rukmini Lake. Best time to visit: Oct-Apr.","{""best_time"": ""Oct-Apr"", ""note"": ""Generated synthetic listing; verify availability."", ""features"": [""Breakfast Included"", ""Mountain View"", ""Guide Services"", ""Laundry"", ""Bar""], ""discounts"": ""Seasonal discount available during off-peak months."", ""offers"": ""Best season to book: Spring and Autumn."", ""additional_booking_info"": ""Includes optional guided hiking tours.""}"
H0325,Golden Cottage Sankhuwasabha,Sankhuwasabha,1,"Mude, sankhuwasabha",27.661032,85.307055,Boutique Hotel,5100-8700 NPR,3.1,685,Conference Hall; Swimming Pool; Bonfire,"Mude, sankhuwasabha",Food Tour; Hilly; Mountain; trekking-base; Hiking; lakeside,"Golden Cottage Sankhuwasabha is a boutique hotel situated in Mude, sankhuwasabha, Sankhuwasabha. Guests enjoy Conference Hall, Swimming Pool, Bonfire. Nearby: Mude, sankhuwasabha. Best time to visit: Oct-Apr.","{""best_time"": ""Oct-Apr"", ""note"": ""Generated synthetic listing; verify availability."", ""features"": [""Conference Hall"", ""Swimming Pool"", ""Bonfire""], ""discounts"": ""Book 2 nights and get the 3rd free!"", ""offers"": ""Advance booking recommended during festival seasons."", ""additional_booking_info"": ""Airport pickup can be arranged on request.""}"
H0326,Sunrise Stay,Parbat,4,Ghumte ko Lek (Dhuri),27.681427,85.298347,Hostel,1500-9500 NPR,4.2,1091,Hiking Tours; Tour Desk; Pet Friendly; Airport Shuttle,Ghumte ko Lek (Dhuri),wellness; hill; budget,"Sunrise Stay is a hostel situated in Ghumte ko Lek (Dhuri), Parbat. Guests enjoy Hiking Tours, Tour Desk, Pet Friendly, Airport Shuttle. Nearby: Ghumte ko Lek (Dhuri). Best time to visit: Oct-Mar.","{""best_time"": ""Oct-Mar"", ""note"": ""Generated synthetic listing; verify availability."", ""features"": [""Hiking Tours"", ""Tour Desk"", ""Pet Friendly"", ""Airport Shuttle""], ""discounts"": ""Group discounts available for 5+ guests."", ""offers"": ""Best season to book: Spring and Autumn."", ""additional_booking_info"": ""Flexible cancellation up to 24 hours before check-in.""}"
H0327,Riverbend Resort Taplejung,Taplejung,1,Hangetham/ Choyatar forest,27.673113,85.32365,Eco-Lodge,1700-5400 NPR,3.8,46,Guide Services; Conference Hall; Spa; Bonfire,Hangetham/ Choyatar forest,Buddhist pilgrimage; wellness; Religious Shrine; eco-friendly; romantic; Red panda,"Riverbend Resort Taplejung is a eco-lodge situated in Hangetham/ Choyatar forest, Taplejung. Guests enjoy Guide Services, Conference Hall, Spa, Bonfire. Nearby: Hangetham/ Choyatar forest. Best time to visit: Oct-Apr.","{""best_time"": ""Oct-Apr"", ""note"": ""Generated synthetic listing; verify availability."", ""features"": [""Guide Services"", ""Conference Hall"", ""Spa"", ""Bonfire""], ""discounts"": ""20% discount for direct website bookings."", ""offers"": ""Advance booking recommended during festival seasons."", ""additional_booking_info"": ""Includes optional guided hiking tours.""}"
H0328,Tranquil Lodge Lamjung,Lamjung,4,Near Beshi Sahar,27.702354,85.280305,Cottage,3300-9000 NPR,3.8,1085,Hiking Tours; Wake-up Service; Mountain View; Spa; Room Service; Restaurant,Beshi Sahar,peaceful; river; city; lakeside; spiritual,"Tranquil Lodge Lamjung is a cottage situated in Near Beshi Sahar, Lamjung. Guests enjoy Hiking Tours, Wake-up Service, Mountain View, Spa. Nearby: Beshi Sahar. Best time to visit: Oct-Mar.","{""best_time"": ""Oct-Mar"", ""note"": ""Generated synthetic listing; verify availability."", ""features"": [""Hiking Tours"", ""Wake-up Service"", ""Mountain View"", ""Spa"", ""Room Service""], ""discounts"": ""Complimentary breakfast for bookings over 3 nights."", ""offers"": ""Best to book at least 2 weeks in advance."", ""additional_booking_info"": ""Includes optional guided hiking tours.""}"
H0329,Himalayan Resort Kaski,Kaski,4,Ghorepani Poon Hill Trek,27.750896,85.325417,Homestay,2000-5200 NPR,4.5,314,Free Parking; Swimming Pool; Breakfast Included,Ghorepani Poon Hill Trek,trekking; wellness; culture; adventure; mountains; hiking; Hills,"Himalayan Resort Kaski is a homestay situated in Ghorepani Poon Hill Trek, Kaski. Guests enjoy Free Parking, Swimming Pool, Breakfast Included. Nearby: Ghorepani Poon Hill Trek. Best time to visit: Oct–Nov, Mar–May.","{""best_time"": ""Oct–Nov, Mar–May"", ""note"": ""Generated synthetic listing; verify availability."", ""features"": [""Free Parking"", ""Swimming Pool"", ""Breakfast Included""], ""discounts"": ""Complimentary breakfast for bookings over 3 nights."", ""offers"": ""Best season to book: Spring and Autumn."", ""additional_booking_info"": ""Complimentary local sightseeing package on request.""}"
H0330,Lakeside Resort Syangja,Syangja,4,Near Malika Dhuri,27.757363,85.257753,Eco-Lodge,4900-7900 NPR,3.9,248,Family Rooms; Bonfire,Malika Dhuri,wellness; hills; temple; hindu; mountains; trekking-base,"Lakeside Resort Syangja is a eco-lodge situated in Near Malika Dhuri, Syangja. Guests enjoy Family Rooms, Bonfire. Nearby: Malika Dhuri. Best time to visit: Oct-Mar.","{""best_time"": ""Oct-Mar"", ""note"": ""Generated synthetic listing; verify availability."", ""features"": [""Family Rooms"", ""Bonfire""], ""discounts"": ""10% off on early bird bookings."", ""offers"": ""Advance booking recommended during festival seasons."", ""additional_booking_info"": ""Includes optional guided hiking tours.""}"
H0331,Himalayan Stay,Kathmandu,3,Near Thamel,27.714069,85.298779,Cottage,6000-8700 NPR,4.4,905,Swimming Pool; Bonfire; Breakfast Included; Spa,Thamel,scultptures; casino; tour; club; wildlife,"Himalayan Stay is a cottage situated in Near Thamel, Kathmandu. Guests enjoy Swimming Pool, Bonfire, Breakfast Included, Spa. Nearby: Thamel. Best time to visit: All Year.","{""best_time"": ""All Year"", ""note"": ""Generated synthetic listing; verify availability."", ""features"": [""Swimming Pool"", ""Bonfire"", ""Breakfast Included"", ""Spa""], ""discounts"": ""10% off on early bird bookings."", ""offers"": ""Winter offers the best value deals."", ""additional_booking_info"": ""Includes optional guided hiking tours.""}"
H0332,Riverbend Homestay,Solukhumbu,1,Chukhung,27.646604,85.316958,Cottage,4800-8800 NPR,4.4,569,Free WiFi; Airport Shuttle; Conference Hall,Chukhung,trekking; heritage; near-temple; budget; mountains; hiking,"Riverbend Homestay is a cottage situated in Chukhung, Solukhumbu. Guests enjoy Free WiFi, Airport Shuttle, Conference Hall. Nearby: Chukhung. Best time to visit: Oct-Apr.","{""best_time"": ""Oct-Apr"", ""note"": ""Generated synthetic listing; verify availability."", ""features"": [""Free WiFi"", ""Airport Shuttle"", ""Conference Hall""], ""discounts"": ""10% off on early bird bookings."", ""offers"": ""Winter offers the best value deals."", ""additional_booking_info"": ""Flexible cancellation up to 24 hours before check-in.""}"
H0333,Lakeside Homestay,Dadeldhura,7,Near Raula kedar,27.683328,85.257754,Luxury Hotel,3500-10200 NPR,3.5,582,Pet Friendly; Mountain View; Hiking Tours; Conference Hall,Raula kedar,near-temple; religious shrine; hindu; temple,"Lakeside Homestay is a luxury hotel situated in Near Raula kedar, Dadeldhura. Guests enjoy Pet Friendly, Mountain View, Hiking Tours, Conference Hall. Nearby: Raula kedar. Best time to visit: Oct-Mar.","{""best_time"": ""Oct-Mar"", ""note"": ""Generated synthetic listing; verify availability."", ""features"": [""Pet Friendly"", ""Mountain View"", ""Hiking Tours"", ""Conference Hall""], ""discounts"": ""10% off on early bird bookings."", ""offers"": ""Winter offers the best value deals."", ""additional_booking_info"": ""Includes optional guided hiking tours.""}"
H0334,Meadow Cottage,Mugu,6,Near Tihar Gumba,27.756443,85.29086,Luxury Hotel,1600-3400 NPR,3.1,621,Bike Rental; Lake View; Airport Shuttle; Family Rooms; Room Service,Tihar Gumba,buddhist; gumba; monastery; eco-friendly,"Meadow Cottage is a luxury hotel situated in Near Tihar Gumba, Mugu. Guests enjoy Bike Rental, Lake View, Airport Shuttle, Family Rooms. Nearby: Tihar Gumba. Best time to visit: Oct-Apr.","{""best_time"": ""Oct-Apr"", ""note"": ""Generated synthetic listing; verify availability."", ""features"": [""Bike Rental"", ""Lake View"", ""Airport Shuttle"", ""Family Rooms"", ""Room Service""], ""discounts"": ""10% off on early bird bookings."", ""offers"": ""Advance booking recommended during festival seasons."", ""additional_booking_info"": ""Complimentary local sightseeing package on request.""}"
H0335,Riverbend Resort,Pokhara,4,Near Shree Bindhyabasini Temple,28.166031,83.947921,Luxury Hotel,2900-11200 NPR,2.9,618,Mountain View; Bonfire; Conference Hall; Hiking Tours; Free Parking; Free WiFi,Shree Bindhyabasini Temple,hindu; temple; adventure,"Riverbend Resort is a luxury hotel situated in Near Shree Bindhyabasini Temple, Pokhara. Guests enjoy Mountain View, Bonfire, Conference Hall, Hiking Tours. Nearby: Shree Bindhyabasini Temple. Best time to visit: Oct-Apr.","{""best_time"": ""Oct-Apr"", ""note"": ""Generated synthetic listing; verify availability."", ""features"": [""Mountain View"", ""Bonfire"", ""Conference Hall"", ""Hiking Tours"", ""Free Parking""], ""discounts"": ""Complimentary breakfast for bookings over 3 nights."", ""offers"": ""Best season to book: Spring and Autumn."", ""additional_booking_info"": ""Flexible cancellation up to 24 hours before check-in.""}"
H0336,Sunrise Villa Gorkha,Gorkha,4,Singa Tatopani Kunda,27.965625,84.679815,Guesthouse,700-3000 NPR,4.3,1009,Tour Desk; Pet Friendly,Singa Tatopani Kunda,culture; mountain-view; eco-friendly; landmarks; pond; spiritual,"Sunrise Villa Gorkha is a guesthouse situated in Singa Tatopani Kunda, Gorkha. Guests enjoy Tour Desk, Pet Friendly. Nearby: Singa Tatopani Kunda. Best time to visit: Oct-Mar.","{""best_time"": ""Oct-Mar"", ""note"": ""Generated synthetic listing; verify availability."", ""features"": [""Tour Desk"", ""Pet Friendly""], ""discounts"": ""10% off on early bird bookings."", ""offers"": ""Ideal to book during weekdays for better rates."", ""additional_booking_info"": ""Flexible cancellation up to 24 hours before check-in.""}"
H0337,Lakeside Stay - 337,Kathmandu,3,Hanumandhoka palace,27.726999,85.281536,Eco-Lodge,6200-8700 NPR,3.5,108,Pet Friendly; Guide Services; Wake-up Service; Breakfast Included,Hanumandhoka palace,historical; budget; hiking; sightseeing; wildlife; Temple,"Lakeside Stay - 337 is a eco-lodge situated in Hanumandhoka palace, Kathmandu. Guests enjoy Pet Friendly, Guide Services, Wake-up Service, Breakfast Included. Nearby: Hanumandhoka palace. Best time to visit: All Year.","{""best_time"": ""All Year"", ""note"": ""Generated synthetic listing; verify availability."", ""features"": [""Pet Friendly"", ""Guide Services"", ""Wake-up Service"", ""Breakfast Included""], ""discounts"": ""Group discounts available for 5+ guests."", ""offers"": ""Winter offers the best value deals."", ""additional_booking_info"": ""Complimentary local sightseeing package on request.""}"
H0338,Tranquil Resort,Chitwan,3,Cycling Safari,27.512713,84.332945,Homestay,2700-9000 NPR,3.0,1187,Spa; Free WiFi; Wake-up Service; Bike Rental,Cycling Safari,peaceful; Cycling through buffer zone and Tharu villages; spiritual; eco-friendly,"Tranquil Resort is a homestay situated in Cycling Safari, Chitwan. Guests enjoy Spa, Free WiFi, Wake-up Service, Bike Rental. Nearby: Cycling Safari. Best time to visit: Oct–Apr.","{""best_time"": ""Oct–Apr"", ""note"": ""Generated synthetic listing; verify availability."", ""features"": [""Spa"", ""Free WiFi"", ""Wake-up Service"", ""Bike Rental""], ""discounts"": ""Book 2 nights and get the 3rd free!"", ""offers"": ""Winter offers the best value deals."", ""additional_booking_info"": ""Includes optional guided hiking tours.""}"
H0339,Serene Lodge Parbat,Parbat,4,Near Dahare Neelkanth Mountain,27.735413,85.307039,Hostel,4900-7000 NPR,3.6,156,Spa; Free WiFi,Dahare Neelkanth Mountain,pilgrimage; peaceful; hills; history; local-experience; hindu; adventure; hiking; wildlife,"Serene Lodge Parbat is a hostel situated in Near Dahare Neelkanth Mountain, Parbat. Guests enjoy Spa, Free WiFi. Nearby: Dahare Neelkanth Mountain. Best time to visit: Oct-Mar.","{""best_time"": ""Oct-Mar"", ""note"": ""Generated synthetic listing; verify availability."", ""features"": [""Spa"", ""Free WiFi""], ""discounts"": ""Group discounts available for 5+ guests."", ""offers"": ""Best to book at least 2 weeks in advance."", ""additional_booking_info"": ""Complimentary local sightseeing package on request.""}"
H0340,Everest Stay,Mugu,6,Near Dofya Mahadev,27.643451,85.337749,Guesthouse,1600-4200 NPR,4.2,629,Bar; Spa; Airport Shuttle,Dofya Mahadev,temple; budget; romantic; hindu; spiritual; luxury,"Everest Stay is a guesthouse situated in Near Dofya Mahadev, Mugu. Guests enjoy Bar, Spa, Airport Shuttle. Nearby: Dofya Mahadev. Best time to visit: All Year.","{""best_time"": ""All Year"", ""note"": ""Generated synthetic listing; verify availability."", ""features"": [""Bar"", ""Spa"", ""Airport Shuttle""], ""discounts"": ""20% discount for direct website bookings."", ""offers"": ""Ideal to book during weekdays for better rates."", ""additional_booking_info"": ""Flexible cancellation up to 24 hours before check-in.""}"
H0341,Himalayan Retreat Dolpa,Dolpa,6,Near Shey Phoksundo National Park,27.647112,85.254271,Homestay,900-2200 NPR,3.4,21,Swimming Pool; Tour Desk,Shey Phoksundo National Park,culture; near-temple; national park; scenery; forest; monastery; natural beauty; wildlife,"Himalayan Retreat Dolpa is a homestay situated in Near Shey Phoksundo National Park, Dolpa. Guests enjoy Swimming Pool, Tour Desk. Nearby: Shey Phoksundo National Park. Best time to visit: May-Oct.","{""best_time"": ""May-Oct"", ""note"": ""Generated synthetic listing; verify availability."", ""features"": [""Swimming Pool"", ""Tour Desk""], ""discounts"": ""20% discount for direct website bookings."", ""offers"": ""Winter offers the best value deals."", ""additional_booking_info"": ""Flexible cancellation up to 24 hours before check-in.""}"
H0342,Vista Haven Bhaktapur,Bhaktapur,3,Near Latarambeshwor,27.644785,85.43937,Lodge,1800-10300 NPR,4.4,495,Room Service; Airport Shuttle; Swimming Pool; Free WiFi; Bike Rental; Bar,Latarambeshwor,wildlife; offbeat; hill; temple,"Vista Haven Bhaktapur is a lodge situated in Near Latarambeshwor, Bhaktapur. Guests enjoy Room Service, Airport Shuttle, Swimming Pool, Free WiFi. Nearby: Latarambeshwor. Best time to visit: All Year.","{""best_time"": ""All Year"", ""note"": ""Generated synthetic listing; verify availability."", ""features"": [""Room Service"", ""Airport Shuttle"", ""Swimming Pool"", ""Free WiFi"", ""Bike Rental""], ""discounts"": ""Complimentary breakfast for bookings over 3 nights."", ""offers"": ""Ideal to book during weekdays for better rates."", ""additional_booking_info"": ""Flexible cancellation up to 24 hours before check-in.""}"
H0343,Himalayan Lodge,Pokhara,4,Near Australian Base Camp Trek,28.206566,84.009376,Budget Hotel,4100-6200 NPR,3.2,726,Guide Services; Bar; Bike Rental; Free Parking; Wake-up Service,Australian Base Camp Trek,Sunrise view; Multi-day trekking; trekking-base,"Himalayan Lodge is a budget hotel situated in Near Australian Base Camp Trek, Pokhara. Guests enjoy Guide Services, Bar, Bike Rental, Free Parking. Nearby: Australian Base Camp Trek. Best time to visit: Oct–Nov, Mar–May.","{""best_time"": ""Oct–Nov, Mar–May"", ""note"": ""Generated synthetic listing; verify availability."", ""features"": [""Guide Services"", ""Bar"", ""Bike Rental"", ""Free Parking"", ""Wake-up Service""], ""discounts"": ""20% discount for direct website bookings."", ""offers"": ""Advance booking recommended during festival seasons."", ""additional_booking_info"": ""Includes optional guided hiking tours.""}"
H0344,Pine Lodge,Rasuwa,3,Gosaikunda lake,27.674593,85.326656,Boutique Hotel,3200-11600 NPR,3.0,580,Tour Desk; Mountain View; Hiking Tours; Free Parking; Guide Services,Gosaikunda lake,trekking; mountain; near-temple; budget; eco-friendly; lake,"Pine Lodge is a boutique hotel situated in Gosaikunda lake, Rasuwa. Guests enjoy Tour Desk, Mountain View, Hiking Tours, Free Parking. Nearby: Gosaikunda lake. Best time to visit: Aug (Janai Purnima), Mar–May, Sep–Nov.","{""best_time"": ""Aug (Janai Purnima), Mar–May, Sep–Nov"", ""note"": ""Generated synthetic listing; verify availability."", ""features"": [""Tour Desk"", ""Mountain View"", ""Hiking Tours"", ""Free Parking"", ""Guide Services""], ""discounts"": ""10% off on early bird bookings."", ""offers"": ""Best season to book: Spring and Autumn."", ""additional_booking_info"": ""Includes optional guided hiking tours.""}"
H0345,Vista Haven Bajhang,Bajhang,7,Near Budinanda region,27.652621,85.292567,Boutique Hotel,1500-4100 NPR,3.6,208,Restaurant; Airport Shuttle; Pet Friendly; Bar; Lake View; Conference Hall; Mountain View,Budinanda region,pilgrimage; trekking; eco-friendly; hindu; lakeside; spiritual; lake; luxury,"Vista Haven Bajhang is a boutique hotel situated in Near Budinanda region, Bajhang. Guests enjoy Restaurant, Airport Shuttle, Pet Friendly, Bar. Nearby: Budinanda region. Best time to visit: Oct-Mar.","{""best_time"": ""Oct-Mar"", ""note"": ""Generated synthetic listing; verify availability."", ""features"": [""Restaurant"", ""Airport Shuttle"", ""Pet Friendly"", ""Bar"", ""Lake View""], ""discounts"": ""Complimentary breakfast for bookings over 3 nights."", ""offers"": ""Winter offers the best value deals."", ""additional_booking_info"": ""Complimentary local sightseeing package on request.""}"
H0346,Meadow Homestay,Gorkha,4,Near Chamere Gufa,28.057287,84.613732,Cottage,3800-12100 NPR,3.8,301,Swimming Pool; Wake-up Service; Laundry; Bonfire; Conference Hall,Chamere Gufa,romantic; adventure; cave,"Meadow Homestay is a cottage situated in Near Chamere Gufa, Gorkha. Guests enjoy Swimming Pool, Wake-up Service, Laundry, Bonfire. Nearby: Chamere Gufa. Best time to visit: Oct-Mar.","{""best_time"": ""Oct-Mar"", ""note"": ""Generated synthetic listing; verify availability."", ""features"": [""Swimming Pool"", ""Wake-up Service"", ""Laundry"", ""Bonfire"", ""Conference Hall""], ""discounts"": ""Group discounts available for 5+ guests."", ""offers"": ""Winter offers the best value deals."", ""additional_booking_info"": ""Children under 6 stay free with parents.""}"
H0347,Meadow Inn,Siraha,2,Kamal Dah,27.661491,85.31255,Lodge,1800-7000 NPR,4.0,197,Bike Rental; Bonfire,Kamal Dah,near-temple; birdwatching; wildlife; spiritual; lake,"Meadow Inn is a lodge situated in Kamal Dah, Siraha. Guests enjoy Bike Rental, Bonfire. Nearby: Kamal Dah. Best time to visit: Oct-Mar.","{""best_time"": ""Oct-Mar"", ""note"": ""Generated synthetic listing; verify availability."", ""features"": [""Bike Rental"", ""Bonfire""], ""discounts"": ""Book 2 nights and get the 3rd free!"", ""offers"": ""Ideal to book during weekdays for better rates."", ""additional_booking_info"": ""Flexible cancellation up to 24 hours before check-in.""}"
H0348,Sunrise Stay Chitwan,Chitwan,3,Near Narayani River Canoeing,27.58831,84.298792,Luxury Hotel,1500-8100 NPR,3.7,770,Hiking Tours; Breakfast Included; Tour Desk; Restaurant; Mountain View,Narayani River Canoeing,spiritual; Photography; Canoeing; eco-friendly,"Sunrise Stay Chitwan is a luxury hotel situated in Near Narayani River Canoeing, Chitwan. Guests enjoy Hiking Tours, Breakfast Included, Tour Desk, Restaurant. Nearby: Narayani River Canoeing. Best time to visit: Oct–Apr.","{""best_time"": ""Oct–Apr"", ""note"": ""Generated synthetic listing; verify availability."", ""features"": [""Hiking Tours"", ""Breakfast Included"", ""Tour Desk"", ""Restaurant"", ""Mountain View""], ""discounts"": ""Group discounts available for 5+ guests."", ""offers"": ""Winter offers the best value deals."", ""additional_booking_info"": ""Flexible cancellation up to 24 hours before check-in.""}"
H0349,Sunrise Cottage,Dolakha,3,Near Jiri,27.719209,85.322245,Cottage,4300-12400 NPR,3.9,320,Breakfast Included; Family Rooms; Laundry; Bonfire; Tour Desk; Pet Friendly,Jiri,trekking; family-friendly; romantic; trekking-base; hill,"Sunrise Cottage is a cottage situated in Near Jiri, Dolakha. Guests enjoy Breakfast Included, Family Rooms, Laundry, Bonfire. Nearby: Jiri. Best time to visit: Sep-Nov, Mar-May.","{""best_time"": ""Sep-Nov, Mar-May"", ""note"": ""Generated synthetic listing; verify availability."", ""features"": [""Breakfast Included"", ""Family Rooms"", ""Laundry"", ""Bonfire"", ""Tour Desk""], ""discounts"": ""Group discounts available for 5+ guests."", ""offers"": ""Winter offers the best value deals."", ""additional_booking_info"": ""Includes optional guided hiking tours.""}"
H0350,Himalayan Resort,Palpa-Rupandehi border,5,Near Siddhababa Waterfall,27.643228,85.346961,Lodge,3600-5500 NPR,3.7,731,Pet Friendly; Breakfast Included; Free Parking; Room Service; Conference Hall,Siddhababa Waterfall,Photography; culture; budget; local-experience; meditation,"Himalayan Resort is a lodge situated in Near Siddhababa Waterfall, Palpa-Rupandehi border. Guests enjoy Pet Friendly, Breakfast Included, Free Parking, Room Service. Nearby: Siddhababa Waterfall. Best time to visit: Monsoon – Winter.","{""best_time"": ""Monsoon – Winter"", ""note"": ""Generated synthetic listing; verify availability."", ""features"": [""Pet Friendly"", ""Breakfast Included"", ""Free Parking"", ""Room Service"", ""Conference Hall""], ""discounts"": ""10% off on early bird bookings."", ""offers"": ""Best to book at least 2 weeks in advance."", ""additional_booking_info"": ""Airport pickup can be arranged on request.""}"
H0351,Golden Haven Kaski,Kaski,4,Boudha Mountain,27.718932,85.290697,Hostel,4000-8600 NPR,2.8,961,Free WiFi; Lake View; Family Rooms; Room Service; Tour Desk; Swimming Pool,Boudha Mountain,spiritual; trekking; mountain; near-temple; trekking-base; climbing; luxury,"Golden Haven Kaski is a hostel situated in Boudha Mountain, Kaski. Guests enjoy Free WiFi, Lake View, Family Rooms, Room Service. Nearby: Boudha Mountain. Best time to visit: Sep-Nov,Mar-May.","{""best_time"": ""Sep-Nov,Mar-May"", ""note"": ""Generated synthetic listing; verify availability."", ""features"": [""Free WiFi"", ""Lake View"", ""Family Rooms"", ""Room Service"", ""Tour Desk""], ""discounts"": ""20% discount for direct website bookings."", ""offers"": ""Ideal to book during weekdays for better rates."", ""additional_booking_info"": ""Complimentary local sightseeing package on request.""}"
H0352,Vista Haven Chitwan,Chitwan,3,Near Sauraha,27.498211,84.371253,Boutique Hotel,4900-8700 NPR,3.4,97,Room Service; Family Rooms; Free Parking; Airport Shuttle,Sauraha,Photography; Elephant Bathing; Local Markets; culture,"Vista Haven Chitwan is a boutique hotel situated in Near Sauraha, Chitwan. Guests enjoy Room Service, Family Rooms, Free Parking, Airport Shuttle. Nearby: Sauraha. Best time to visit: Oct–Apr.","{""best_time"": ""Oct–Apr"", ""note"": ""Generated synthetic listing; verify availability."", ""features"": [""Room Service"", ""Family Rooms"", ""Free Parking"", ""Airport Shuttle""], ""discounts"": ""10% off on early bird bookings."", ""offers"": ""Best to book at least 2 weeks in advance."", ""additional_booking_info"": ""Includes optional guided hiking tours.""}"
H0353,Sunrise Lodge,Parbat,4,Near Kushma Modibeni Area,27.681678,85.249199,Homestay,4600-9800 NPR,3.7,1105,Bar; Guide Services; Family Rooms; Laundry,Kushma Modibeni Area,pilgrimage; hills; cave; river; birdwatching; temple; romantic; hindu; offbeat; hiking,"Sunrise Lodge is a homestay situated in Near Kushma Modibeni Area, Parbat. Guests enjoy Bar, Guide Services, Family Rooms, Laundry. Nearby: Kushma Modibeni Area. Best time to visit: Oct-Mar.","{""best_time"": ""Oct-Mar"", ""note"": ""Generated synthetic listing; verify availability."", ""features"": [""Bar"", ""Guide Services"", ""Family Rooms"", ""Laundry""], ""discounts"": ""20% discount for direct website bookings."", ""offers"": ""Best season to book: Spring and Autumn."", ""additional_booking_info"": ""Flexible cancellation up to 24 hours before check-in.""}"
H0354,Everest Villa Lalitpur,Lalitpur,3,Near Anantalingeshwor Mahadev temple,27.696075,85.35246,Hostel,5500-12900 NPR,4.7,122,Bar; Pet Friendly; Hiking Tours; Spa; Free Parking; Conference Hall,Anantalingeshwor Mahadev temple,temple; local-experience; eco-friendly; hindu; trekking-base; pond; rhododendron,"Everest Villa Lalitpur is a hostel situated in Near Anantalingeshwor Mahadev temple, Lalitpur. Guests enjoy Bar, Pet Friendly, Hiking Tours, Spa. Nearby: Anantalingeshwor Mahadev temple. Best time to visit: Mar-May.","{""best_time"": ""Mar-May"", ""note"": ""Generated synthetic listing; verify availability."", ""features"": [""Bar"", ""Pet Friendly"", ""Hiking Tours"", ""Spa"", ""Free Parking""], ""discounts"": ""Seasonal discount available during off-peak months."", ""offers"": ""Ideal to book during weekdays for better rates."", ""additional_booking_info"": ""Airport pickup can be arranged on request.""}"
H0355,Vista Retreat,Solukhumbu,1,Machhermo,27.65927,85.322423,Guesthouse,3800-8000 NPR,3.0,393,Free Parking; Mountain View,Machhermo,Landmarks; culture; Tour; birdwatching; eco-friendly; hiking; spiritual,"Vista Retreat is a guesthouse situated in Machhermo, Solukhumbu. Guests enjoy Free Parking, Mountain View. Nearby: Machhermo. Best time to visit: Oct-Apr.","{""best_time"": ""Oct-Apr"", ""note"": ""Generated synthetic listing; verify availability."", ""features"": [""Free Parking"", ""Mountain View""], ""discounts"": ""Seasonal discount available during off-peak months."", ""offers"": ""Best season to book: Spring and Autumn."", ""additional_booking_info"": ""Includes optional guided hiking tours.""}"
H0356,Tranquil Resort Solukhumbu - 356,Solukhumbu,1,Near Kongde ri,27.673333,85.306085,Resort,6400-14700 NPR,4.4,113,Lake View; Tour Desk,Kongde ri,Landmarks; peaceful; mountain; Trekking; budget; eco-friendly; Hiking; Hills,"Tranquil Resort Solukhumbu - 356 is a resort situated in Near Kongde ri, Solukhumbu. Guests enjoy Lake View, Tour Desk. Nearby: Kongde ri. Best time to visit: Oct-Apr.","{""best_time"": ""Oct-Apr"", ""note"": ""Generated synthetic listing; verify availability."", ""features"": [""Lake View"", ""Tour Desk""], ""discounts"": ""10% off on early bird bookings."", ""offers"": ""Best to book at least 2 weeks in advance."", ""additional_booking_info"": ""Children under 6 stay free with parents.""}"
H0357,Riverbend Resort Saptari,Saptari,2,Near Kanakpatti Palace,27.654477,85.319706,Cottage,6800-15800 NPR,3.3,184,Tour Desk; Swimming Pool; Lake View,Kanakpatti Palace,palace; culture; heritage; landmarks; lakeside,"Riverbend Resort Saptari is a cottage situated in Near Kanakpatti Palace, Saptari. Guests enjoy Tour Desk, Swimming Pool, Lake View. Nearby: Kanakpatti Palace. Best time to visit: Oct-Mar.","{""best_time"": ""Oct-Mar"", ""note"": ""Generated synthetic listing; verify availability."", ""features"": [""Tour Desk"", ""Swimming Pool"", ""Lake View""], ""discounts"": ""Book 2 nights and get the 3rd free!"", ""offers"": ""Best to book at least 2 weeks in advance."", ""additional_booking_info"": ""Airport pickup can be arranged on request.""}"
H0358,Tranquil Resort Dang,Dang,5,Purandhara Waterfall,27.689005,85.343548,Resort,4500-11000 NPR,4.2,231,Conference Hall; Guide Services; Bonfire; Free Parking,Purandhara Waterfall,peaceful; waterfall; scenery; adventure; spiritual,"Tranquil Resort Dang is a resort situated in Purandhara Waterfall, Dang. Guests enjoy Conference Hall, Guide Services, Bonfire, Free Parking. Nearby: Purandhara Waterfall. Best time to visit: Jul-Sep.","{""best_time"": ""Jul-Sep"", ""note"": ""Generated synthetic listing; verify availability."", ""features"": [""Conference Hall"", ""Guide Services"", ""Bonfire"", ""Free Parking""], ""discounts"": ""20% discount for direct website bookings."", ""offers"": ""Best to book at least 2 weeks in advance."", ""additional_booking_info"": ""Includes optional guided hiking tours.""}"
H0359,Sunrise Inn,Gulmi,5,Resunga,27.728734,85.335873,Resort,6200-10400 NPR,3.3,787,Wake-up Service; Pet Friendly; Swimming Pool; Conference Hall,Resunga,religious; wellness; heritage; temple; hill,"Sunrise Inn is a resort situated in Resunga, Gulmi. Guests enjoy Wake-up Service, Pet Friendly, Swimming Pool, Conference Hall. Nearby: Resunga. Best time to visit: Mar–May, Sep–Nov.","{""best_time"": ""Mar–May, Sep–Nov"", ""note"": ""Generated synthetic listing; verify availability."", ""features"": [""Wake-up Service"", ""Pet Friendly"", ""Swimming Pool"", ""Conference Hall""], ""discounts"": ""Book 2 nights and get the 3rd free!"", ""offers"": ""Winter offers the best value deals."", ""additional_booking_info"": ""Airport pickup can be arranged on request.""}"
H0360,Riverbend House Jhapa,Jhapa,1,Near Haluwagadh Kalikhola Simsaar,27.675691,85.34313,Budget Hotel,4100-9600 NPR,4.6,832,Laundry; Airport Shuttle,Haluwagadh Kalikhola Simsaar,wetland; culture; mountain bike ride; eco-friendly; trekking-base; pond; wildlife; spiritual,"Riverbend House Jhapa is a budget hotel situated in Near Haluwagadh Kalikhola Simsaar, Jhapa. Guests enjoy Laundry, Airport Shuttle. Nearby: Haluwagadh Kalikhola Simsaar. Best time to visit: Nov-Feb.","{""best_time"": ""Nov-Feb"", ""note"": ""Generated synthetic listing; verify availability."", ""features"": [""Laundry"", ""Airport Shuttle""], ""discounts"": ""Seasonal discount available during off-peak months."", ""offers"": ""Advance booking recommended during festival seasons."", ""additional_booking_info"": ""Airport pickup can be arranged on request.""}"
H0361,Serene House,Siraha,2,Near Kamala River,27.737611,85.328534,Eco-Lodge,6200-6900 NPR,4.3,376,Hiking Tours; Spa; Free WiFi; Family Rooms; Bar; Mountain View; Restaurant,Kamala River,river; luxury,"Serene House is a eco-lodge situated in Near Kamala River, Siraha. Guests enjoy Hiking Tours, Spa, Free WiFi, Family Rooms. Nearby: Kamala River. Best time to visit: Oct-Mar.","{""best_time"": ""Oct-Mar"", ""note"": ""Generated synthetic listing; verify availability."", ""features"": [""Hiking Tours"", ""Spa"", ""Free WiFi"", ""Family Rooms"", ""Bar""], ""discounts"": ""20% discount for direct website bookings."", ""offers"": ""Best season to book: Spring and Autumn."", ""additional_booking_info"": ""Includes optional guided hiking tours.""}"
H0362,Tranquil Stay,Kathmandu,3,Near Asan Tole,27.672811,85.335282,Luxury Hotel,7000-12500 NPR,3.7,273,Restaurant; Room Service; Lake View; Mountain View,Asan Tole,temple; budget; eco-friendly; hindu; sculpture; cultural,"Tranquil Stay is a luxury hotel situated in Near Asan Tole, Kathmandu. Guests enjoy Restaurant, Room Service, Lake View, Mountain View. Nearby: Asan Tole. Best time to visit: All Year.","{""best_time"": ""All Year"", ""note"": ""Generated synthetic listing; verify availability."", ""features"": [""Restaurant"", ""Room Service"", ""Lake View"", ""Mountain View""], ""discounts"": ""Seasonal discount available during off-peak months."", ""offers"": ""Winter offers the best value deals."", ""additional_booking_info"": ""Children under 6 stay free with parents.""}"
H0363,Serene Cottage,Gulmi,5,Near Resunga,27.666938,85.353773,Hostel,5800-9800 NPR,4.6,947,Laundry; Restaurant; Breakfast Included,Resunga,religious; mountain-view; temple; local-experience; eco-friendly; adventure; hill,"Serene Cottage is a hostel situated in Near Resunga, Gulmi. Guests enjoy Laundry, Restaurant, Breakfast Included. Nearby: Resunga. Best time to visit: Mar–May, Sep–Nov.","{""best_time"": ""Mar–May, Sep–Nov"", ""note"": ""Generated synthetic listing; verify availability."", ""features"": [""Laundry"", ""Restaurant"", ""Breakfast Included""], ""discounts"": ""Seasonal discount available during off-peak months."", ""offers"": ""Ideal to book during weekdays for better rates."", ""additional_booking_info"": ""Flexible cancellation up to 24 hours before check-in.""}"
H0364,Lakeside Resort,Saptari,2,Near Kankalini Temple,27.692219,85.350399,Eco-Lodge,6000-14400 NPR,3.0,416,Laundry; Mountain View; Bonfire,Kankalini Temple,near-temple; birdwatching; temple; eco-friendly; hindu; adventure,"Lakeside Resort is a eco-lodge situated in Near Kankalini Temple, Saptari. Guests enjoy Laundry, Mountain View, Bonfire. Nearby: Kankalini Temple. Best time to visit: Oct-Mar.","{""best_time"": ""Oct-Mar"", ""note"": ""Generated synthetic listing; verify availability."", ""features"": [""Laundry"", ""Mountain View"", ""Bonfire""], ""discounts"": ""Complimentary breakfast for bookings over 3 nights."", ""offers"": ""Best season to book: Spring and Autumn."", ""additional_booking_info"": ""Flexible cancellation up to 24 hours before check-in.""}"
H0365,Meadow Retreat,Pokhara,4,Sarangkot sunrise and paragliding,28.184423,83.957016,Cottage,4200-8600 NPR,3.5,938,Free WiFi; Bonfire,Sarangkot sunrise and paragliding,hills; heritage; mountains; trekking-base; hiking,"Meadow Retreat is a cottage situated in Sarangkot sunrise and paragliding, Pokhara. Guests enjoy Free WiFi, Bonfire. Nearby: Sarangkot sunrise and paragliding. Best time to visit: Oct–Nov, Mar–May.","{""best_time"": ""Oct–Nov, Mar–May"", ""note"": ""Generated synthetic listing; verify availability."", ""features"": [""Free WiFi"", ""Bonfire""], ""discounts"": ""Seasonal discount available during off-peak months."", ""offers"": ""Ideal to book during weekdays for better rates."", ""additional_booking_info"": ""Complimentary local sightseeing package on request.""}"
H0366,Meadow Cottage,Kathmandu,3,Nagi gumba,27.668634,85.27105,Lodge,2400-10400 NPR,4.6,93,Laundry; Bike Rental,Nagi gumba,buddhist; peaceful; heritage; temple; adventure; hiking; wildlife,"Meadow Cottage is a lodge situated in Nagi gumba, Kathmandu. Guests enjoy Laundry, Bike Rental. Nearby: Nagi gumba. Best time to visit: All Year.","{""best_time"": ""All Year"", ""note"": ""Generated synthetic listing; verify availability."", ""features"": [""Laundry"", ""Bike Rental""], ""discounts"": ""Complimentary breakfast for bookings over 3 nights."", ""offers"": ""Winter offers the best value deals."", ""additional_booking_info"": ""Complimentary local sightseeing package on request.""}"
H0367,Himalayan Homestay Bajura,Bajura,7,Near Bajura (Badimalika Temple),27.680701,85.29617,Boutique Hotel,3100-12100 NPR,3.7,533,Lake View; Breakfast Included,Bajura (Badimalika Temple),meadows; Trekking to hilltop shrine; mountain-view; remote pilgrimage site; spiritual; camping,"Himalayan Homestay Bajura is a boutique hotel situated in Near Bajura (Badimalika Temple), Bajura. Guests enjoy Lake View, Breakfast Included. Nearby: Bajura (Badimalika Temple). Best time to visit: Aug (festival) & Sept–Oct.","{""best_time"": ""Aug (festival) & Sept–Oct"", ""note"": ""Generated synthetic listing; verify availability."", ""features"": [""Lake View"", ""Breakfast Included""], ""discounts"": ""10% off on early bird bookings."", ""offers"": ""Winter offers the best value deals."", ""additional_booking_info"": ""Airport pickup can be arranged on request.""}"
H0368,Riverbend House,Bardiya,5,Near Bardiya National Park,28.448806,81.554437,Luxury Hotel,1900-7300 NPR,4.3,1006,Conference Hall; Hiking Tours; Breakfast Included,Bardiya National Park,family-friendly; lakes; river; adventure; tour; wildlife,"Riverbend House is a luxury hotel situated in Near Bardiya National Park, Bardiya. Guests enjoy Conference Hall, Hiking Tours, Breakfast Included. Nearby: Bardiya National Park. Best time to visit: Oct–Apr.","{""best_time"": ""Oct–Apr"", ""note"": ""Generated synthetic listing; verify availability."", ""features"": [""Conference Hall"", ""Hiking Tours"", ""Breakfast Included""], ""discounts"": ""20% discount for direct website bookings."", ""offers"": ""Best to book at least 2 weeks in advance."", ""additional_booking_info"": ""Complimentary local sightseeing package on request.""}"
H0369,Serene Inn,Bhaktapur/Kavre,3,Near Sanga,27.653923,85.347421,Eco-Lodge,800-8400 NPR,3.5,1148,Hiking Tours; Bonfire; Swimming Pool; Spa; Room Service,Sanga,near-temple; budget; statues; temples; wildlife; cultural,"Serene Inn is a eco-lodge situated in Near Sanga, Bhaktapur/Kavre. Guests enjoy Hiking Tours, Bonfire, Swimming Pool, Spa. Nearby: Sanga. Best time to visit: All Year.","{""best_time"": ""All Year"", ""note"": ""Generated synthetic listing; verify availability."", ""features"": [""Hiking Tours"", ""Bonfire"", ""Swimming Pool"", ""Spa"", ""Room Service""], ""discounts"": ""10% off on early bird bookings."", ""offers"": ""Ideal to book during weekdays for better rates."", ""additional_booking_info"": ""Airport pickup can be arranged on request.""}"
H0370,Serene Stay,Bhaktapur/Kavre,3,Near Kailashnath temple,27.665488,85.359761,Resort,4800-8100 NPR,3.6,157,Bonfire; Swimming Pool; Lake View,Kailashnath temple,wildlife; statue; temple,"Serene Stay is a resort situated in Near Kailashnath temple, Bhaktapur/Kavre. Guests enjoy Bonfire, Swimming Pool, Lake View. Nearby: Kailashnath temple. Best time to visit: All Year.","{""best_time"": ""All Year"", ""note"": ""Generated synthetic listing; verify availability."", ""features"": [""Bonfire"", ""Swimming Pool"", ""Lake View""], ""discounts"": ""Book 2 nights and get the 3rd free!"", ""offers"": ""Best season to book: Spring and Autumn."", ""additional_booking_info"": ""Children under 6 stay free with parents.""}"
H0371,Riverbend Haven,Dolakha,3,Near Kalinchowk bhagwati temple,27.658453,85.249728,Eco-Lodge,4200-8900 NPR,4.0,11,Breakfast Included; Tour Desk; Hiking Tours; Lake View,Kalinchowk bhagwati temple,Religious; near-temple; family-friendly; sightseeing; Temple,"Riverbend Haven is a eco-lodge situated in Near Kalinchowk bhagwati temple, Dolakha. Guests enjoy Breakfast Included, Tour Desk, Hiking Tours, Lake View. Nearby: Kalinchowk bhagwati temple. Best time to visit: Nov-Feb(Snow), Mar-May(Trekking).","{""best_time"": ""Nov-Feb(Snow), Mar-May(Trekking)"", ""note"": ""Generated synthetic listing; verify availability."", ""features"": [""Breakfast Included"", ""Tour Desk"", ""Hiking Tours"", ""Lake View""], ""discounts"": ""Group discounts available for 5+ guests."", ""offers"": ""Best to book at least 2 weeks in advance."", ""additional_booking_info"": ""Flexible cancellation up to 24 hours before check-in.""}"
H0372,Lakeside Inn,Pokhara,4,Near Sarangkot sunrise and paragliding,28.160706,83.95622,Guesthouse,6800-13600 NPR,3.0,426,Family Rooms; Wake-up Service; Mountain View,Sarangkot sunrise and paragliding,hills; mountains; hiking; wildlife; luxury,"Lakeside Inn is a guesthouse situated in Near Sarangkot sunrise and paragliding, Pokhara. Guests enjoy Family Rooms, Wake-up Service, Mountain View. Nearby: Sarangkot sunrise and paragliding. Best time to visit: Oct–Nov, Mar–May.","{""best_time"": ""Oct–Nov, Mar–May"", ""note"": ""Generated synthetic listing; verify availability."", ""features"": [""Family Rooms"", ""Wake-up Service"", ""Mountain View""], ""discounts"": ""Seasonal discount available during off-peak months."", ""offers"": ""Winter offers the best value deals."", ""additional_booking_info"": ""Includes optional guided hiking tours.""}"
H0373,Riverbend House,Dadeldhura,7,Raula kedar,27.651533,85.284095,Guesthouse,4500-12100 NPR,4.6,975,Room Service; Tour Desk; Guide Services; Airport Shuttle,Raula kedar,peaceful; birdwatching; temple; eco-friendly; religious shrine; hindu; offbeat,"Riverbend House is a guesthouse situated in Raula kedar, Dadeldhura. Guests enjoy Room Service, Tour Desk, Guide Services, Airport Shuttle. Nearby: Raula kedar. Best time to visit: Oct-Mar.","{""best_time"": ""Oct-Mar"", ""note"": ""Generated synthetic listing; verify availability."", ""features"": [""Room Service"", ""Tour Desk"", ""Guide Services"", ""Airport Shuttle""], ""discounts"": ""Seasonal discount available during off-peak months."", ""offers"": ""Ideal to book during weekdays for better rates."", ""additional_booking_info"": ""Children under 6 stay free with parents.""}"
H0374,Himalayan Stay Saptari,Saptari,2,Shambhunath Temple,27.722348,85.258608,Eco-Lodge,4800-13700 NPR,3.0,958,Airport Shuttle; Bonfire; Mountain View; Spa; Conference Hall,Shambhunath Temple,temple; eco-friendly; hindu; hiking; lakeside,"Himalayan Stay Saptari is a eco-lodge situated in Shambhunath Temple, Saptari. Guests enjoy Airport Shuttle, Bonfire, Mountain View, Spa. Nearby: Shambhunath Temple. Best time to visit: Oct-Mar.","{""best_time"": ""Oct-Mar"", ""note"": ""Generated synthetic listing; verify availability."", ""features"": [""Airport Shuttle"", ""Bonfire"", ""Mountain View"", ""Spa"", ""Conference Hall""], ""discounts"": ""Complimentary breakfast for bookings over 3 nights."", ""offers"": ""Winter offers the best value deals."", ""additional_booking_info"": ""Flexible cancellation up to 24 hours before check-in.""}"
H0375,Everest Inn,Lamjung,4,Near Barha Pokhari,27.701278,85.289562,Eco-Lodge,5900-10400 NPR,3.5,1199,Bike Rental; Free WiFi,Barha Pokhari,pilgrimage; wellness; hindu; pond; hiking; lake,"Everest Inn is a eco-lodge situated in Near Barha Pokhari, Lamjung. Guests enjoy Bike Rental, Free WiFi. Nearby: Barha Pokhari. Best time to visit: Oct-Mar.","{""best_time"": ""Oct-Mar"", ""note"": ""Generated synthetic listing; verify availability."", ""features"": [""Bike Rental"", ""Free WiFi""], ""discounts"": ""Book 2 nights and get the 3rd free!"", ""offers"": ""Winter offers the best value deals."", ""additional_booking_info"": ""Children under 6 stay free with parents.""}"
H0376,Serene Cottage Bhaktapur,Bhaktapur,3,Near Pilot Baba Ashram,27.649174,85.456691,Eco-Lodge,5600-10300 NPR,3.5,383,Restaurant; Airport Shuttle; Laundry,Pilot Baba Ashram,hiking; eco-friendly; temple; scenery,"Serene Cottage Bhaktapur is a eco-lodge situated in Near Pilot Baba Ashram, Bhaktapur. Guests enjoy Restaurant, Airport Shuttle, Laundry. Nearby: Pilot Baba Ashram. Best time to visit: All Year.","{""best_time"": ""All Year"", ""note"": ""Generated synthetic listing; verify availability."", ""features"": [""Restaurant"", ""Airport Shuttle"", ""Laundry""], ""discounts"": ""Seasonal discount available during off-peak months."", ""offers"": ""Best to book at least 2 weeks in advance."", ""additional_booking_info"": ""Includes optional guided hiking tours.""}"
H0377,Himalayan Inn Pokhara - 377,Pokhara,4,Near Tadapani,28.20482,83.974211,Cottage,6400-14700 NPR,3.4,738,Family Rooms; Mountain View; Airport Shuttle; Spa; Conference Hall; Free WiFi; Swimming Pool,Tadapani,romantic; Trekking; Mountain views; Birdwatching,"Himalayan Inn Pokhara - 377 is a cottage situated in Near Tadapani, Pokhara. Guests enjoy Family Rooms, Mountain View, Airport Shuttle, Spa. Nearby: Tadapani. Best time to visit: Oct–Nov, Mar–May.","{""best_time"": ""Oct–Nov, Mar–May"", ""note"": ""Generated synthetic listing; verify availability."", ""features"": [""Family Rooms"", ""Mountain View"", ""Airport Shuttle"", ""Spa"", ""Conference Hall""], ""discounts"": ""Complimentary breakfast for bookings over 3 nights."", ""offers"": ""Best season to book: Spring and Autumn."", ""additional_booking_info"": ""Airport pickup can be arranged on request.""}"
H0378,Himalayan Retreat,Bhaktapur,3,Kalamasi,27.712551,85.472783,Hostel,2100-3800 NPR,3.4,949,Bonfire; Guide Services; Free WiFi,Kalamasi,offbeat; picnic spot; dam-site; pond,"Himalayan Retreat is a hostel situated in Kalamasi, Bhaktapur. Guests enjoy Bonfire, Guide Services, Free WiFi. Nearby: Kalamasi. Best time to visit: Oct-Apr.","{""best_time"": ""Oct-Apr"", ""note"": ""Generated synthetic listing; verify availability."", ""features"": [""Bonfire"", ""Guide Services"", ""Free WiFi""], ""discounts"": ""Group discounts available for 5+ guests."", ""offers"": ""Best to book at least 2 weeks in advance."", ""additional_booking_info"": ""Complimentary local sightseeing package on request.""}"
H0379,Meadow Villa,Mustang/Myagdi,3,Near Dhaulagiri of Nepal,27.710227,85.264161,Cottage,3700-4800 NPR,3.5,210,Guide Services; Wake-up Service; Bonfire; Conference Hall; Mountain View; Breakfast Included; Free Parking,Dhaulagiri of Nepal,trekking; mountain; scenary; local-experience; hiking; lakeside; spiritual,"Meadow Villa is a cottage situated in Near Dhaulagiri of Nepal, Mustang/Myagdi. Guests enjoy Guide Services, Wake-up Service, Bonfire, Conference Hall. Nearby: Dhaulagiri of Nepal. Best time to visit: Apr-May, Sep-Nov.","{""best_time"": ""Apr-May, Sep-Nov"", ""note"": ""Generated synthetic listing; verify availability."", ""features"": [""Guide Services"", ""Wake-up Service"", ""Bonfire"", ""Conference Hall"", ""Mountain View""], ""discounts"": ""Group discounts available for 5+ guests."", ""offers"": ""Advance booking recommended during festival seasons."", ""additional_booking_info"": ""Airport pickup can be arranged on request.""}"
H0380,Cloud Inn,Dhankuta,1,Pakhribas,27.747145,85.290056,Eco-Lodge,1500-9900 NPR,4.0,710,Guide Services; Free WiFi; Restaurant; Mountain View; Bar,Pakhribas,Landmarks; peaceful; wellness; tour; hiking; lakeside,"Cloud Inn is a eco-lodge situated in Pakhribas, Dhankuta. Guests enjoy Guide Services, Free WiFi, Restaurant, Mountain View. Nearby: Pakhribas. Best time to visit: Oct-Apr.","{""best_time"": ""Oct-Apr"", ""note"": ""Generated synthetic listing; verify availability."", ""features"": [""Guide Services"", ""Free WiFi"", ""Restaurant"", ""Mountain View"", ""Bar""], ""discounts"": ""10% off on early bird bookings."", ""offers"": ""Best season to book: Spring and Autumn."", ""additional_booking_info"": ""Complimentary local sightseeing package on request.""}"
H0381,Everest Haven,Kathmandu,3,Near Selfie hill,27.713416,85.369981,Luxury Hotel,3900-10100 NPR,4.4,331,Bar; Mountain View; Airport Shuttle; Bonfire; Spa; Restaurant,Selfie hill,spiritual; scenary; offbeat; hill,"Everest Haven is a luxury hotel situated in Near Selfie hill, Kathmandu. Guests enjoy Bar, Mountain View, Airport Shuttle, Bonfire. Nearby: Selfie hill. Best time to visit: All Year.","{""best_time"": ""All Year"", ""note"": ""Generated synthetic listing; verify availability."", ""features"": [""Bar"", ""Mountain View"", ""Airport Shuttle"", ""Bonfire"", ""Spa""], ""discounts"": ""10% off on early bird bookings."", ""offers"": ""Winter offers the best value deals."", ""additional_booking_info"": ""Children under 6 stay free with parents.""}"
H0382,Riverbend Villa Siraha,Siraha,2,Manik Dah,27.642176,85.345709,Lodge,6000-8900 NPR,3.1,1031,Airport Shuttle; Lake View,Manik Dah,culture; local-experience; lakeside; lake; luxury,"Riverbend Villa Siraha is a lodge situated in Manik Dah, Siraha. Guests enjoy Airport Shuttle, Lake View. Nearby: Manik Dah. Best time to visit: Oct-Mar.","{""best_time"": ""Oct-Mar"", ""note"": ""Generated synthetic listing; verify availability."", ""features"": [""Airport Shuttle"", ""Lake View""], ""discounts"": ""Book 2 nights and get the 3rd free!"", ""offers"": ""Best to book at least 2 weeks in advance."", ""additional_booking_info"": ""Complimentary local sightseeing package on request.""}"
H0383,Sunrise Haven,Dadeldhura,7,Near Ajaymerukot Durbar,27.706843,85.347558,Hostel,5400-7500 NPR,4.2,896,Swimming Pool; Wake-up Service; Tour Desk; Conference Hall; Breakfast Included,Ajaymerukot Durbar,palace; offbeat; history,"Sunrise Haven is a hostel situated in Near Ajaymerukot Durbar, Dadeldhura. Guests enjoy Swimming Pool, Wake-up Service, Tour Desk, Conference Hall. Nearby: Ajaymerukot Durbar. Best time to visit: Oct-Mar.","{""best_time"": ""Oct-Mar"", ""note"": ""Generated synthetic listing; verify availability."", ""features"": [""Swimming Pool"", ""Wake-up Service"", ""Tour Desk"", ""Conference Hall"", ""Breakfast Included""], ""discounts"": ""Book 2 nights and get the 3rd free!"", ""offers"": ""Advance booking recommended during festival seasons."", ""additional_booking_info"": ""Includes optional guided hiking tours.""}"
H0384,Tranquil Haven Bara,Bara,2,Near  Vata Mandir,27.700708,85.327906,Boutique Hotel,1800-8000 NPR,3.5,282,Bar; Hiking Tours, Vata Mandir,temple; romantic; hindu; trekking-base; lakeside; spiritual,"Tranquil Haven Bara is a boutique hotel situated in Near Vata Mandir, Bara. Guests enjoy Bar, Hiking Tours. Nearby: Vata Mandir. Best time to visit: Oct-Mar.","{""best_time"": ""Oct-Mar"", ""note"": ""Generated synthetic listing; verify availability."", ""features"": [""Bar"", ""Hiking Tours""], ""discounts"": ""20% discount for direct website bookings."", ""offers"": ""Advance booking recommended during festival seasons."", ""additional_booking_info"": ""Airport pickup can be arranged on request.""}"
H0385,Cloud Resort Kaski,Kaski,4,Near Ghandruk Village,27.683277,85.319799,Budget Hotel,6700-15600 NPR,3.6,467,Guide Services; Wake-up Service; Tour Desk,Ghandruk Village,peaceful; trekking; wellness; hills; village; romantic; mountains; hiking,"Cloud Resort Kaski is a budget hotel situated in Near Ghandruk Village, Kaski. Guests enjoy Guide Services, Wake-up Service, Tour Desk. Nearby: Ghandruk Village. Best time to visit: Oct-Mar.","{""best_time"": ""Oct-Mar"", ""note"": ""Generated synthetic listing; verify availability."", ""features"": [""Guide Services"", ""Wake-up Service"", ""Tour Desk""], ""discounts"": ""Seasonal discount available during off-peak months."", ""offers"": ""Advance booking recommended during festival seasons."", ""additional_booking_info"": ""Airport pickup can be arranged on request.""}"
H0386,Himalayan Stay,Dhading,3,Ganga Jamuna Trek,27.757833,85.259719,Resort,3700-4600 NPR,4.1,309,Breakfast Included; Bike Rental; Mountain View; Guide Services; Family Rooms; Room Service,Ganga Jamuna Trek,peaceful; trekking; hills; mountain; mountain-view; scenery; romantic,"Himalayan Stay is a resort situated in Ganga Jamuna Trek, Dhading. Guests enjoy Breakfast Included, Bike Rental, Mountain View, Guide Services. Nearby: Ganga Jamuna Trek. Best time to visit: Sep-Nov, Mar-May.","{""best_time"": ""Sep-Nov, Mar-May"", ""note"": ""Generated synthetic listing; verify availability."", ""features"": [""Breakfast Included"", ""Bike Rental"", ""Mountain View"", ""Guide Services"", ""Family Rooms""], ""discounts"": ""Group discounts available for 5+ guests."", ""offers"": ""Winter offers the best value deals."", ""additional_booking_info"": ""Complimentary local sightseeing package on request.""}"
H0387,Everest Resort,Pokhara,4,Pema Ts'al Sakya Monastic Institute,28.214931,84.020201,Eco-Lodge,6200-12200 NPR,4.6,828,Mountain View; Airport Shuttle; Breakfast Included,Pema Ts'al Sakya Monastic Institute,Photography; heritage; Meditation; Monastery visit; adventure; hiking,"Everest Resort is a eco-lodge situated in Pema Ts'al Sakya Monastic Institute, Pokhara. Guests enjoy Mountain View, Airport Shuttle, Breakfast Included. Nearby: Pema Ts'al Sakya Monastic Institute. Best time to visit: All Year.","{""best_time"": ""All Year"", ""note"": ""Generated synthetic listing; verify availability."", ""features"": [""Mountain View"", ""Airport Shuttle"", ""Breakfast Included""], ""discounts"": ""Group discounts available for 5+ guests."", ""offers"": ""Winter offers the best value deals."", ""additional_booking_info"": ""Children under 6 stay free with parents.""}"
H0388,Sunrise Retreat Pokhara,Pokhara,4,Near Paragliding Sites (Pokhara Valley),28.240446,83.944803,Resort,4900-9500 NPR,3.3,622,Guide Services; Bike Rental; Swimming Pool; Breakfast Included; Pet Friendly; Laundry; Lake View,Paragliding Sites (Pokhara Valley),family-friendly; local-experience; Tandem Flights; Paragliding; luxury,"Sunrise Retreat Pokhara is a resort situated in Near Paragliding Sites (Pokhara Valley), Pokhara. Guests enjoy Guide Services, Bike Rental, Swimming Pool, Breakfast Included. Nearby: Paragliding Sites (Pokhara Valley). Best time to visit: Oct–Nov, Mar–May.","{""best_time"": ""Oct–Nov, Mar–May"", ""note"": ""Generated synthetic listing; verify availability."", ""features"": [""Guide Services"", ""Bike Rental"", ""Swimming Pool"", ""Breakfast Included"", ""Pet Friendly""], ""discounts"": ""Book 2 nights and get the 3rd free!"", ""offers"": ""Best season to book: Spring and Autumn."", ""additional_booking_info"": ""Children under 6 stay free with parents.""}"
H0389,Sunrise Homestay,Jumla,6,Near Sinja Valley,27.736647,85.35868,Cottage,6400-10500 NPR,3.5,582,Room Service; Spa; Family Rooms; Bike Rental; Free Parking; Swimming Pool; Restaurant,Sinja Valley,peaceful; wellness; trekking; Village,"Sunrise Homestay is a cottage situated in Near Sinja Valley, Jumla. Guests enjoy Room Service, Spa, Family Rooms, Bike Rental. Nearby: Sinja Valley. Best time to visit: Oct-Apr.","{""best_time"": ""Oct-Apr"", ""note"": ""Generated synthetic listing; verify availability."", ""features"": [""Room Service"", ""Spa"", ""Family Rooms"", ""Bike Rental"", ""Free Parking""], ""discounts"": ""10% off on early bird bookings."", ""offers"": ""Winter offers the best value deals."", ""additional_booking_info"": ""Airport pickup can be arranged on request.""}"
H0390,Serene Cottage,Siraha,2,"Fulbari , Siraha",27.746621,85.29715,Eco-Lodge,1100-7500 NPR,4.2,824,Conference Hall; Bike Rental; Family Rooms; Laundry; Bonfire; Guide Services,"Fulbari , Siraha",garden; eco-friendly; offbeat; landmarks; adventure; city; spiritual,"Serene Cottage is a eco-lodge situated in Fulbari , Siraha, Siraha. Guests enjoy Conference Hall, Bike Rental, Family Rooms, Laundry. Nearby: Fulbari , Siraha. Best time to visit: Oct-Mar.","{""best_time"": ""Oct-Mar"", ""note"": ""Generated synthetic listing; verify availability."", ""features"": [""Conference Hall"", ""Bike Rental"", ""Family Rooms"", ""Laundry"", ""Bonfire""], ""discounts"": ""Group discounts available for 5+ guests."", ""offers"": ""Best season to book: Spring and Autumn."", ""additional_booking_info"": ""Flexible cancellation up to 24 hours before check-in.""}"
H0391,Serene Villa,Chitwan,3,Near Elephant Safari,27.577593,84.309167,Guesthouse,4200-12300 NPR,2.9,321,Pet Friendly; Swimming Pool; Guide Services; Tour Desk; Conference Hall; Wake-up Service,Elephant Safari,family-friendly; Jungle Safari; adventure; hiking; Wildlife spotting,"Serene Villa is a guesthouse situated in Near Elephant Safari, Chitwan. Guests enjoy Pet Friendly, Swimming Pool, Guide Services, Tour Desk. Nearby: Elephant Safari. Best time to visit: Oct–Apr.","{""best_time"": ""Oct–Apr"", ""note"": ""Generated synthetic listing; verify availability."", ""features"": [""Pet Friendly"", ""Swimming Pool"", ""Guide Services"", ""Tour Desk"", ""Conference Hall""], ""discounts"": ""20% discount for direct website bookings."", ""offers"": ""Best to book at least 2 weeks in advance."", ""additional_booking_info"": ""Airport pickup can be arranged on request.""}"
H0392,Lakeside House,Bara,2,Near  Vata Mandir,27.734944,85.257057,Cottage,4000-5100 NPR,4.7,624,Bar; Restaurant; Bonfire; Free WiFi, Vata Mandir,birdwatching; hindu; temple,"Lakeside House is a cottage situated in Near Vata Mandir, Bara. Guests enjoy Bar, Restaurant, Bonfire, Free WiFi. Nearby: Vata Mandir. Best time to visit: Oct-Mar.","{""best_time"": ""Oct-Mar"", ""note"": ""Generated synthetic listing; verify availability."", ""features"": [""Bar"", ""Restaurant"", ""Bonfire"", ""Free WiFi""], ""discounts"": ""Book 2 nights and get the 3rd free!"", ""offers"": ""Best season to book: Spring and Autumn."", ""additional_booking_info"": ""Flexible cancellation up to 24 hours before check-in.""}"
H0393,Golden Inn,Parbat,4,Near Devisthan Temple,27.748034,85.333762,Eco-Lodge,6400-8900 NPR,4.3,1033,Hiking Tours; Wake-up Service; Tour Desk; Spa; Lake View; Airport Shuttle; Family Rooms,Devisthan Temple,heritage; temple; local-experience; hindu; trekking-base; lakeside,"Golden Inn is a eco-lodge situated in Near Devisthan Temple, Parbat. Guests enjoy Hiking Tours, Wake-up Service, Tour Desk, Spa. Nearby: Devisthan Temple. Best time to visit: Oct-Mar.","{""best_time"": ""Oct-Mar"", ""note"": ""Generated synthetic listing; verify availability."", ""features"": [""Hiking Tours"", ""Wake-up Service"", ""Tour Desk"", ""Spa"", ""Lake View""], ""discounts"": ""Seasonal discount available during off-peak months."", ""offers"": ""Advance booking recommended during festival seasons."", ""additional_booking_info"": ""Airport pickup can be arranged on request.""}"
H0394,Himalayan Villa,Pokhara,4,Near Paragliding Sites (Pokhara Valley),28.234465,83.994239,Homestay,5100-7400 NPR,4.1,174,Tour Desk; Conference Hall; Room Service,Paragliding Sites (Pokhara Valley),Tandem Flights; Paragliding; culture,"Himalayan Villa is a homestay situated in Near Paragliding Sites (Pokhara Valley), Pokhara. Guests enjoy Tour Desk, Conference Hall, Room Service. Nearby: Paragliding Sites (Pokhara Valley). Best time to visit: Oct–Nov, Mar–May.","{""best_time"": ""Oct–Nov, Mar–May"", ""note"": ""Generated synthetic listing; verify availability."", ""features"": [""Tour Desk"", ""Conference Hall"", ""Room Service""], ""discounts"": ""Seasonal discount available during off-peak months."", ""offers"": ""Ideal to book during weekdays for better rates."", ""additional_booking_info"": ""Children under 6 stay free with parents.""}"
H0395,Tranquil Villa - 395,Pokhara,4,Near Devi's Fall,28.213423,84.041085,Homestay,6900-10600 NPR,3.3,1186,Airport Shuttle; Conference Hall; Lake View; Family Rooms; Breakfast Included,Devi's Fall,Photography; eco-friendly; romantic; offbeat; trekking-base; Sightseeing,"Tranquil Villa - 395 is a homestay situated in Near Devi's Fall, Pokhara. Guests enjoy Airport Shuttle, Conference Hall, Lake View, Family Rooms. Nearby: Devi's Fall. Best time to visit: June-September.","{""best_time"": ""June-September"", ""note"": ""Generated synthetic listing; verify availability."", ""features"": [""Airport Shuttle"", ""Conference Hall"", ""Lake View"", ""Family Rooms"", ""Breakfast Included""], ""discounts"": ""20% discount for direct website bookings."", ""offers"": ""Advance booking recommended during festival seasons."", ""additional_booking_info"": ""Airport pickup can be arranged on request.""}"
H0396,Himalayan Stay Kapilvastu,Kapilvastu,5,Araurakot,27.65192,85.260179,Budget Hotel,2000-6500 NPR,4.3,315,Guide Services; Restaurant; Breakfast Included; Lake View,Araurakot,religious; historical; family-friendly; temple; romantic; cultural,"Himalayan Stay Kapilvastu is a budget hotel situated in Araurakot, Kapilvastu. Guests enjoy Guide Services, Restaurant, Breakfast Included, Lake View. Nearby: Araurakot. Best time to visit: All Year.","{""best_time"": ""All Year"", ""note"": ""Generated synthetic listing; verify availability."", ""features"": [""Guide Services"", ""Restaurant"", ""Breakfast Included"", ""Lake View""], ""discounts"": ""Seasonal discount available during off-peak months."", ""offers"": ""Best season to book: Spring and Autumn."", ""additional_booking_info"": ""Airport pickup can be arranged on request.""}"
H0397,Riverbend Lodge Lamjung,Lamjung,4,Bhulbhule,27.685062,85.339329,Boutique Hotel,900-4500 NPR,3.3,1200,Bonfire; Bike Rental; Tour Desk,Bhulbhule,trekking; hills; family-friendly; village; mountain-view; trekking-base; hiking; luxury,"Riverbend Lodge Lamjung is a boutique hotel situated in Bhulbhule, Lamjung. Guests enjoy Bonfire, Bike Rental, Tour Desk. Nearby: Bhulbhule. Best time to visit: Oct-Mar.","{""best_time"": ""Oct-Mar"", ""note"": ""Generated synthetic listing; verify availability."", ""features"": [""Bonfire"", ""Bike Rental"", ""Tour Desk""], ""discounts"": ""Group discounts available for 5+ guests."", ""offers"": ""Winter offers the best value deals."", ""additional_booking_info"": ""Airport pickup can be arranged on request.""}"
H0398,Cloud Cottage Surkhet - 398,Surkhet,6,Near Kakre Bihar—the “other Lumbini”,27.749648,85.242235,Hostel,5300-7300 NPR,3.3,1136,Spa; Mountain View; Room Service; Guide Services; Hiking Tours; Airport Shuttle; Conference Hall,Kakre Bihar—the “other Lumbini”,peaceful; history; sculptures; temple; forest; hindu; adventure,"Cloud Cottage Surkhet - 398 is a hostel situated in Near Kakre Bihar—the “other Lumbini”, Surkhet. Guests enjoy Spa, Mountain View, Room Service, Guide Services. Nearby: Kakre Bihar—the “other Lumbini”. Best time to visit: All Year.","{""best_time"": ""All Year"", ""note"": ""Generated synthetic listing; verify availability."", ""features"": [""Spa"", ""Mountain View"", ""Room Service"", ""Guide Services"", ""Hiking Tours""], ""discounts"": ""Book 2 nights and get the 3rd free!"", ""offers"": ""Best to book at least 2 weeks in advance."", ""additional_booking_info"": ""Includes optional guided hiking tours.""}"
H0399,Serene Retreat,Pokhara,4,Near Paragliding Sites (Pokhara Valley),28.203809,83.92572,Eco-Lodge,5600-10600 NPR,4.1,342,Breakfast Included; Bonfire,Paragliding Sites (Pokhara Valley),heritage; mountain-view; local-experience; Tandem Flights; Paragliding,"Serene Retreat is a eco-lodge situated in Near Paragliding Sites (Pokhara Valley), Pokhara. Guests enjoy Breakfast Included, Bonfire. Nearby: Paragliding Sites (Pokhara Valley). Best time to visit: Oct–Nov, Mar–May.","{""best_time"": ""Oct–Nov, Mar–May"", ""note"": ""Generated synthetic listing; verify availability."", ""features"": [""Breakfast Included"", ""Bonfire""], ""discounts"": ""Group discounts available for 5+ guests."", ""offers"": ""Winter offers the best value deals."", ""additional_booking_info"": ""Airport pickup can be arranged on request.""}"
H0400,Vista Retreat,Parbat,4,Satyawati Temple,27.728702,85.30757,Homestay,1200-8000 NPR,4.2,286,Conference Hall; Laundry; Guide Services; Bar; Bike Rental; Lake View; Hiking Tours,Satyawati Temple,wellness; mountain-view; temple; local-experience; hindu,"Vista Retreat is a homestay situated in Satyawati Temple, Parbat. Guests enjoy Conference Hall, Laundry, Guide Services, Bar. Nearby: Satyawati Temple. Best time to visit: Oct-Mar.","{""best_time"": ""Oct-Mar"", ""note"": ""Generated synthetic listing; verify availability."", ""features"": [""Conference Hall"", ""Laundry"", ""Guide Services"", ""Bar"", ""Bike Rental""], ""discounts"": ""Group discounts available for 5+ guests."", ""offers"": ""Best season to book: Spring and Autumn."", ""additional_booking_info"": ""Complimentary local sightseeing package on request.""}"
H0401,Vista Haven Manang,Manang,4,Near Milarepa Cave,27.641905,85.323021,Resort,5500-13600 NPR,2.8,19,Restaurant; Guide Services; Conference Hall; Bonfire; Family Rooms; Airport Shuttle; Bike Rental,Milarepa Cave,buddhist; trekking; hills; cave; birdwatching; landmarks; mountains; hiking,"Vista Haven Manang is a resort situated in Near Milarepa Cave, Manang. Guests enjoy Restaurant, Guide Services, Conference Hall, Bonfire. Nearby: Milarepa Cave. Best time to visit: Sep-Nov, Mar-May.","{""best_time"": ""Sep-Nov, Mar-May"", ""note"": ""Generated synthetic listing; verify availability."", ""features"": [""Restaurant"", ""Guide Services"", ""Conference Hall"", ""Bonfire"", ""Family Rooms""], ""discounts"": ""Book 2 nights and get the 3rd free!"", ""offers"": ""Best to book at least 2 weeks in advance."", ""additional_booking_info"": ""Airport pickup can be arranged on request.""}"
H0402,Vista Villa,Jhapa,1,"Near Urlabari, jhapa",27.739296,85.282956,Budget Hotel,6800-7200 NPR,3.0,758,Hiking Tours; Free WiFi; Free Parking,"Urlabari, jhapa",mountain-view; trekking,"Vista Villa is a budget hotel situated in Near Urlabari, jhapa, Jhapa. Guests enjoy Hiking Tours, Free WiFi, Free Parking. Nearby: Urlabari, jhapa. Best time to visit: Oct-Apr.","{""best_time"": ""Oct-Apr"", ""note"": ""Generated synthetic listing; verify availability."", ""features"": [""Hiking Tours"", ""Free WiFi"", ""Free Parking""], ""discounts"": ""10% off on early bird bookings."", ""offers"": ""Best season to book: Spring and Autumn."", ""additional_booking_info"": ""Children under 6 stay free with parents.""}"
H0403,Tranquil Lodge,Myagdi,5,Near Dhaulagiri mountain ,27.666538,85.357614,Lodge,800-5700 NPR,3.8,428,Bar; Family Rooms,Dhaulagiri mountain ,trekking; hills; mountain; mountain-view; scenery,"Tranquil Lodge is a lodge situated in Near Dhaulagiri mountain , Myagdi. Guests enjoy Bar, Family Rooms. Nearby: Dhaulagiri mountain . Best time to visit: Mar–May, Sep–Nov.","{""best_time"": ""Mar–May, Sep–Nov"", ""note"": ""Generated synthetic listing; verify availability."", ""features"": [""Bar"", ""Family Rooms""], ""discounts"": ""Seasonal discount available during off-peak months."", ""offers"": ""Advance booking recommended during festival seasons."", ""additional_booking_info"": ""Includes optional guided hiking tours.""}"
H0404,Cloud Villa Tehrathum,Tehrathum,1,Near Sukepokhari,27.720661,85.312357,Budget Hotel,1000-3400 NPR,4.3,260,Room Service; Free Parking; Bike Rental; Laundry,Sukepokhari,High-altitude pond; nature photography; birdwatching; peaceful camping; romantic,"Cloud Villa Tehrathum is a budget hotel situated in Near Sukepokhari, Tehrathum. Guests enjoy Room Service, Free Parking, Bike Rental, Laundry. Nearby: Sukepokhari. Best time to visit: Oct–Dec & Mar–May.","{""best_time"": ""Oct–Dec & Mar–May"", ""note"": ""Generated synthetic listing; verify availability."", ""features"": [""Room Service"", ""Free Parking"", ""Bike Rental"", ""Laundry""], ""discounts"": ""Complimentary breakfast for bookings over 3 nights."", ""offers"": ""Advance booking recommended during festival seasons."", ""additional_booking_info"": ""Complimentary local sightseeing package on request.""}"
H0405,Vista Stay - 405,Mustang,4,Near Lower Mustang trek,27.720772,85.318004,Lodge,4000-11000 NPR,3.3,1061,Bonfire; Pet Friendly; Bike Rental; Breakfast Included; Free Parking,Lower Mustang trek,trekking; hills; mountain-view; landmarks; mountains; hiking,"Vista Stay - 405 is a lodge situated in Near Lower Mustang trek, Mustang. Guests enjoy Bonfire, Pet Friendly, Bike Rental, Breakfast Included. Nearby: Lower Mustang trek. Best time to visit: Sep-Nov, Mar-May.","{""best_time"": ""Sep-Nov, Mar-May"", ""note"": ""Generated synthetic listing; verify availability."", ""features"": [""Bonfire"", ""Pet Friendly"", ""Bike Rental"", ""Breakfast Included"", ""Free Parking""], ""discounts"": ""10% off on early bird bookings."", ""offers"": ""Best to book at least 2 weeks in advance."", ""additional_booking_info"": ""Airport pickup can be arranged on request.""}"
H0406,Cloud Villa Dang,Dang,5,Ganeshpur Park- Tulsipur Dang,27.745612,85.336921,Guesthouse,6100-13400 NPR,4.7,511,Restaurant; Lake View; Mountain View,Ganeshpur Park- Tulsipur Dang,luxury; park; tour; scenery,"Cloud Villa Dang is a guesthouse situated in Ganeshpur Park- Tulsipur Dang, Dang. Guests enjoy Restaurant, Lake View, Mountain View. Nearby: Ganeshpur Park- Tulsipur Dang. Best time to visit: All Year.","{""best_time"": ""All Year"", ""note"": ""Generated synthetic listing; verify availability."", ""features"": [""Restaurant"", ""Lake View"", ""Mountain View""], ""discounts"": ""Seasonal discount available during off-peak months."", ""offers"": ""Winter offers the best value deals."", ""additional_booking_info"": ""Children under 6 stay free with parents.""}"
H0407,Pine Cottage,Bhojpur,1,Near Bhojpur,27.680116,85.270049,Boutique Hotel,4400-8600 NPR,4.7,111,Bike Rental; Free Parking; Airport Shuttle; Hiking Tours,Bhojpur,hiking; river; wellness; temple,"Pine Cottage is a boutique hotel situated in Near Bhojpur, Bhojpur. Guests enjoy Bike Rental, Free Parking, Airport Shuttle, Hiking Tours. Nearby: Bhojpur. Best time to visit: Oct-Apr.","{""best_time"": ""Oct-Apr"", ""note"": ""Generated synthetic listing; verify availability."", ""features"": [""Bike Rental"", ""Free Parking"", ""Airport Shuttle"", ""Hiking Tours""], ""discounts"": ""Complimentary breakfast for bookings over 3 nights."", ""offers"": ""Best to book at least 2 weeks in advance."", ""additional_booking_info"": ""Children under 6 stay free with parents.""}"
H0408,Golden Lodge,Bara,2,Gadhi Mai Temple Forest Area,27.74681,85.323204,Budget Hotel,1000-8500 NPR,2.9,884,Swimming Pool; Breakfast Included,Gadhi Mai Temple Forest Area,wildlife; cultural immersion without festival rush; birdwatching; Nature walks,"Golden Lodge is a budget hotel situated in Gadhi Mai Temple Forest Area, Bara. Guests enjoy Swimming Pool, Breakfast Included. Nearby: Gadhi Mai Temple Forest Area. Best time to visit: Nov–Feb.","{""best_time"": ""Nov–Feb"", ""note"": ""Generated synthetic listing; verify availability."", ""features"": [""Swimming Pool"", ""Breakfast Included""], ""discounts"": ""Complimentary breakfast for bookings over 3 nights."", ""offers"": ""Best to book at least 2 weeks in advance."", ""additional_booking_info"": ""Includes optional guided hiking tours.""}"
H0409,Riverbend Lodge,Gulmi,5,Near Marbhung,27.734497,85.314881,Eco-Lodge,3600-11600 NPR,4.4,207,Wake-up Service; Free WiFi; Hiking Tours; Bike Rental,Marbhung,culture; near-temple; river; temple; hill; luxury,"Riverbend Lodge is a eco-lodge situated in Near Marbhung, Gulmi. Guests enjoy Wake-up Service, Free WiFi, Hiking Tours, Bike Rental. Nearby: Marbhung. Best time to visit: All Year.","{""best_time"": ""All Year"", ""note"": ""Generated synthetic listing; verify availability."", ""features"": [""Wake-up Service"", ""Free WiFi"", ""Hiking Tours"", ""Bike Rental""], ""discounts"": ""Complimentary breakfast for bookings over 3 nights."", ""offers"": ""Ideal to book during weekdays for better rates."", ""additional_booking_info"": ""Includes optional guided hiking tours.""}"
H0410,Himalayan Homestay,Janakpur,2,Near Ram Mandir,26.758124,85.879118,Hostel,2600-8700 NPR,3.6,910,Free Parking; Spa; Breakfast Included,Ram Mandir,hindu; temple; adventure,"Himalayan Homestay is a hostel situated in Near Ram Mandir, Janakpur. Guests enjoy Free Parking, Spa, Breakfast Included. Nearby: Ram Mandir. Best time to visit: Oct-Mar.","{""best_time"": ""Oct-Mar"", ""note"": ""Generated synthetic listing; verify availability."", ""features"": [""Free Parking"", ""Spa"", ""Breakfast Included""], ""discounts"": ""20% discount for direct website bookings."", ""offers"": ""Best season to book: Spring and Autumn."", ""additional_booking_info"": ""Children under 6 stay free with parents.""}"
H0411,Everest Cottage,Tanahun,4,Rising Ranipokhari,27.71004,85.304937,Budget Hotel,1700-9700 NPR,3.4,702,Pet Friendly; Free WiFi; Bike Rental; Spa,Rising Ranipokhari,village; lakeside; pond,"Everest Cottage is a budget hotel situated in Rising Ranipokhari, Tanahun. Guests enjoy Pet Friendly, Free WiFi, Bike Rental, Spa. Nearby: Rising Ranipokhari. Best time to visit: Oct-Mar.","{""best_time"": ""Oct-Mar"", ""note"": ""Generated synthetic listing; verify availability."", ""features"": [""Pet Friendly"", ""Free WiFi"", ""Bike Rental"", ""Spa""], ""discounts"": ""Seasonal discount available during off-peak months."", ""offers"": ""Best to book at least 2 weeks in advance."", ""additional_booking_info"": ""Includes optional guided hiking tours.""}"
H0412,Cloud Inn,Chitwan,3,Tharu Cultural Program,27.58302,84.389232,Lodge,2100-10100 NPR,4.2,957,Lake View; Room Service; Tour Desk; Wake-up Service; Mountain View; Guide Services,Tharu Cultural Program,Local cuisine; wellness; Cultural dance; offbeat; luxury,"Cloud Inn is a lodge situated in Tharu Cultural Program, Chitwan. Guests enjoy Lake View, Room Service, Tour Desk, Wake-up Service. Nearby: Tharu Cultural Program. Best time to visit: All Year.","{""best_time"": ""All Year"", ""note"": ""Generated synthetic listing; verify availability."", ""features"": [""Lake View"", ""Room Service"", ""Tour Desk"", ""Wake-up Service"", ""Mountain View""], ""discounts"": ""10% off on early bird bookings."", ""offers"": ""Winter offers the best value deals."", ""additional_booking_info"": ""Flexible cancellation up to 24 hours before check-in.""}"
H0413,Pine Retreat,Illam,1,"Near Sriyantuu, ilam",27.695984,85.265577,Eco-Lodge,6500-12200 NPR,4.4,769,Family Rooms; Restaurant; Free WiFi,"Sriyantuu, ilam",Landmarks; peaceful; Tour; picnic spot; budget; romantic; Hills,"Pine Retreat is a eco-lodge situated in Near Sriyantuu, ilam, Illam. Guests enjoy Family Rooms, Restaurant, Free WiFi. Nearby: Sriyantuu, ilam. Best time to visit: Oct-Apr.","{""best_time"": ""Oct-Apr"", ""note"": ""Generated synthetic listing; verify availability."", ""features"": [""Family Rooms"", ""Restaurant"", ""Free WiFi""], ""discounts"": ""Book 2 nights and get the 3rd free!"", ""offers"": ""Ideal to book during weekdays for better rates."", ""additional_booking_info"": ""Flexible cancellation up to 24 hours before check-in.""}"
H0414,Cloud Lodge Dhankuta,Dhankuta,1,"Near Bhedetar, dhankuta",27.749525,85.283189,Resort,2100-5700 NPR,3.4,448,Restaurant; Lake View; Conference Hall; Free Parking,"Bhedetar, dhankuta",hiking; romantic; food tour; near-temple,"Cloud Lodge Dhankuta is a resort situated in Near Bhedetar, dhankuta, Dhankuta. Guests enjoy Restaurant, Lake View, Conference Hall, Free Parking. Nearby: Bhedetar, dhankuta. Best time to visit: Oct-Apr.","{""best_time"": ""Oct-Apr"", ""note"": ""Generated synthetic listing; verify availability."", ""features"": [""Restaurant"", ""Lake View"", ""Conference Hall"", ""Free Parking""], ""discounts"": ""Complimentary breakfast for bookings over 3 nights."", ""offers"": ""Best to book at least 2 weeks in advance."", ""additional_booking_info"": ""Complimentary local sightseeing package on request.""}"
H0415,Sunrise Lodge Nuwakot,Nuwakot,3, Kakani ,27.73449,85.253316,Guesthouse,3000-10800 NPR,3.3,762,Restaurant; Bike Rental; Guide Services; Airport Shuttle; Swimming Pool; Spa; Hiking Tours, Kakani ,near-temple; biking; picnic spot; local-experience; cycling; farm,"Sunrise Lodge Nuwakot is a guesthouse situated in Kakani , Nuwakot. Guests enjoy Restaurant, Bike Rental, Guide Services, Airport Shuttle. Nearby: Kakani . Best time to visit: Oct-Apr.","{""best_time"": ""Oct-Apr"", ""note"": ""Generated synthetic listing; verify availability."", ""features"": [""Restaurant"", ""Bike Rental"", ""Guide Services"", ""Airport Shuttle"", ""Swimming Pool""], ""discounts"": ""Seasonal discount available during off-peak months."", ""offers"": ""Best to book at least 2 weeks in advance."", ""additional_booking_info"": ""Children under 6 stay free with parents.""}"
H0416,Riverbend Haven Pokhara,Pokhara,4,Near Australian Camp,28.260122,84.01717,Cottage,2000-7200 NPR,4.4,671,Breakfast Included; Laundry; Spa,Australian Camp,Photography; culture; near-temple; budget; Sunrise trek; spiritual,"Riverbend Haven Pokhara is a cottage situated in Near Australian Camp, Pokhara. Guests enjoy Breakfast Included, Laundry, Spa. Nearby: Australian Camp. Best time to visit: Oct–Nov, Mar–May.","{""best_time"": ""Oct–Nov, Mar–May"", ""note"": ""Generated synthetic listing; verify availability."", ""features"": [""Breakfast Included"", ""Laundry"", ""Spa""], ""discounts"": ""10% off on early bird bookings."", ""offers"": ""Ideal to book during weekdays for better rates."", ""additional_booking_info"": ""Includes optional guided hiking tours.""}"
H0417,Cloud Cottage,Lalitpur,3,Near Phulchowki,27.699831,85.295712,Lodge,6300-12800 NPR,3.9,989,Bonfire; Wake-up Service; Laundry; Family Rooms; Breakfast Included; Bar; Swimming Pool,Phulchowki,trekking; wellness; picnic spot; hiking; lakeside; hill,"Cloud Cottage is a lodge situated in Near Phulchowki, Lalitpur. Guests enjoy Bonfire, Wake-up Service, Laundry, Family Rooms. Nearby: Phulchowki. Best time to visit: Mar-May,Oct-Apr.","{""best_time"": ""Mar-May,Oct-Apr"", ""note"": ""Generated synthetic listing; verify availability."", ""features"": [""Bonfire"", ""Wake-up Service"", ""Laundry"", ""Family Rooms"", ""Breakfast Included""], ""discounts"": ""20% discount for direct website bookings."", ""offers"": ""Winter offers the best value deals."", ""additional_booking_info"": ""Children under 6 stay free with parents.""}"
H0418,Tranquil House,Palpa,5,Argeli Palace,27.741092,85.270544,Boutique Hotel,1600-3300 NPR,3.4,1062,Free Parking; Room Service; Breakfast Included; Hiking Tours,Argeli Palace,wellness; historical; culture; eco-friendly; scenery; hill,"Tranquil House is a boutique hotel situated in Argeli Palace, Palpa. Guests enjoy Free Parking, Room Service, Breakfast Included, Hiking Tours. Nearby: Argeli Palace. Best time to visit: All Year.","{""best_time"": ""All Year"", ""note"": ""Generated synthetic listing; verify availability."", ""features"": [""Free Parking"", ""Room Service"", ""Breakfast Included"", ""Hiking Tours""], ""discounts"": ""10% off on early bird bookings."", ""offers"": ""Best to book at least 2 weeks in advance."", ""additional_booking_info"": ""Complimentary local sightseeing package on request.""}"
H0419,Riverbend Haven,Dolpa,6,Bon religion in dolpo ,27.661548,85.268055,Boutique Hotel,3400-5100 NPR,3.4,1027,Conference Hall; Airport Shuttle; Laundry; Free Parking; Swimming Pool; Bike Rental,Bon religion in dolpo ,buddhist; peaceful; monastery; Bon religion,"Riverbend Haven is a boutique hotel situated in Bon religion in dolpo , Dolpa. Guests enjoy Conference Hall, Airport Shuttle, Laundry, Free Parking. Nearby: Bon religion in dolpo . Best time to visit: May-Oct.","{""best_time"": ""May-Oct"", ""note"": ""Generated synthetic listing; verify availability."", ""features"": [""Conference Hall"", ""Airport Shuttle"", ""Laundry"", ""Free Parking"", ""Swimming Pool""], ""discounts"": ""10% off on early bird bookings."", ""offers"": ""Best to book at least 2 weeks in advance."", ""additional_booking_info"": ""Airport pickup can be arranged on request.""}"
H0420,Cloud Retreat Taplejung,Taplejung,1,Olangchung Gola,27.729425,85.332218,Homestay,2100-4600 NPR,4.8,1112,Free WiFi; Mountain View; Tour Desk; Pet Friendly,Olangchung Gola,culture; heritage; Tour; river; romantic; Hiking; Hills; spiritual,"Cloud Retreat Taplejung is a homestay situated in Olangchung Gola, Taplejung. Guests enjoy Free WiFi, Mountain View, Tour Desk, Pet Friendly. Nearby: Olangchung Gola. Best time to visit: Oct-Apr.","{""best_time"": ""Oct-Apr"", ""note"": ""Generated synthetic listing; verify availability."", ""features"": [""Free WiFi"", ""Mountain View"", ""Tour Desk"", ""Pet Friendly""], ""discounts"": ""Seasonal discount available during off-peak months."", ""offers"": ""Best season to book: Spring and Autumn."", ""additional_booking_info"": ""Complimentary local sightseeing package on request.""}"
H0421,Serene Cottage Chitwan,Chitwan,3,Jungle Lodge / Tree House Stay,27.502047,84.36544,Hostel,6700-14700 NPR,4.2,944,Airport Shuttle; Lake View; Bar; Guide Services,Jungle Lodge / Tree House Stay,wellness; culture; near-temple; Overnight stay in wooden jungle lodge; romantic,"Serene Cottage Chitwan is a hostel situated in Jungle Lodge / Tree House Stay, Chitwan. Guests enjoy Airport Shuttle, Lake View, Bar, Guide Services. Nearby: Jungle Lodge / Tree House Stay. Best time to visit: Oct–Apr.","{""best_time"": ""Oct–Apr"", ""note"": ""Generated synthetic listing; verify availability."", ""features"": [""Airport Shuttle"", ""Lake View"", ""Bar"", ""Guide Services""], ""discounts"": ""Book 2 nights and get the 3rd free!"", ""offers"": ""Best to book at least 2 weeks in advance."", ""additional_booking_info"": ""Flexible cancellation up to 24 hours before check-in.""}"
H0422,Serene Homestay,Dang,5,Near Jakhera tal,27.699976,85.319062,Lodge,3300-7300 NPR,3.6,826,Conference Hall; Mountain View; Lake View; Free WiFi; Breakfast Included; Spa; Airport Shuttle,Jakhera tal,boat tour; culture; heritage; local-experience; scenery; pond; lake,"Serene Homestay is a lodge situated in Near Jakhera tal, Dang. Guests enjoy Conference Hall, Mountain View, Lake View, Free WiFi. Nearby: Jakhera tal. Best time to visit: Oct-Apr.","{""best_time"": ""Oct-Apr"", ""note"": ""Generated synthetic listing; verify availability."", ""features"": [""Conference Hall"", ""Mountain View"", ""Lake View"", ""Free WiFi"", ""Breakfast Included""], ""discounts"": ""Book 2 nights and get the 3rd free!"", ""offers"": ""Winter offers the best value deals."", ""additional_booking_info"": ""Complimentary local sightseeing package on request.""}"
H0423,Tranquil Cottage Gulmi,Gulmi,5,Near Marbhung,27.679461,85.355433,Homestay,1300-4400 NPR,3.0,1132,Breakfast Included; Tour Desk; Bonfire,Marbhung,river; offbeat; hill; temple,"Tranquil Cottage Gulmi is a homestay situated in Near Marbhung, Gulmi. Guests enjoy Breakfast Included, Tour Desk, Bonfire. Nearby: Marbhung. Best time to visit: All Year.","{""best_time"": ""All Year"", ""note"": ""Generated synthetic listing; verify availability."", ""features"": [""Breakfast Included"", ""Tour Desk"", ""Bonfire""], ""discounts"": ""Book 2 nights and get the 3rd free!"", ""offers"": ""Ideal to book during weekdays for better rates."", ""additional_booking_info"": ""Children under 6 stay free with parents.""}"
H0424,Golden Cottage Kavre,Kavre,3,Near Dhulikhel,27.648398,85.246894,Hostel,600-3700 NPR,3.5,841,Restaurant; Swimming Pool; Spa; Conference Hall; Guide Services,Dhulikhel,trekking; heritage; near-temple; picnic spot; budget; adventure; hiking; hill,"Golden Cottage Kavre is a hostel situated in Near Dhulikhel, Kavre. Guests enjoy Restaurant, Swimming Pool, Spa, Conference Hall. Nearby: Dhulikhel. Best time to visit: Oct-Apr.","{""best_time"": ""Oct-Apr"", ""note"": ""Generated synthetic listing; verify availability."", ""features"": [""Restaurant"", ""Swimming Pool"", ""Spa"", ""Conference Hall"", ""Guide Services""], ""discounts"": ""Complimentary breakfast for bookings over 3 nights."", ""offers"": ""Best season to book: Spring and Autumn."", ""additional_booking_info"": ""Airport pickup can be arranged on request.""}"
H0425,Sunrise Cottage,Kathmandu,3,Gaukhureshor Mahadev Temple,27.726211,85.301238,Guesthouse,4600-12400 NPR,3.4,15,Hiking Tours; Airport Shuttle; Family Rooms,Gaukhureshor Mahadev Temple,temple; hindu; statues; trekking-base; hiking,"Sunrise Cottage is a guesthouse situated in Gaukhureshor Mahadev Temple, Kathmandu. Guests enjoy Hiking Tours, Airport Shuttle, Family Rooms. Nearby: Gaukhureshor Mahadev Temple. Best time to visit: All Year.","{""best_time"": ""All Year"", ""note"": ""Generated synthetic listing; verify availability."", ""features"": [""Hiking Tours"", ""Airport Shuttle"", ""Family Rooms""], ""discounts"": ""20% discount for direct website bookings."", ""offers"": ""Best to book at least 2 weeks in advance."", ""additional_booking_info"": ""Airport pickup can be arranged on request.""}"
H0426,Pine Villa - 426,Tehrathum,1,Sukepokhari,27.717556,85.350268,Lodge,6200-11400 NPR,3.6,358,Free Parking; Restaurant; Guide Services; Hiking Tours; Family Rooms,Sukepokhari,High-altitude pond; culture; nature photography; peaceful camping; luxury,"Pine Villa - 426 is a lodge situated in Sukepokhari, Tehrathum. Guests enjoy Free Parking, Restaurant, Guide Services, Hiking Tours. Nearby: Sukepokhari. Best time to visit: Oct–Dec & Mar–May.","{""best_time"": ""Oct–Dec & Mar–May"", ""note"": ""Generated synthetic listing; verify availability."", ""features"": [""Free Parking"", ""Restaurant"", ""Guide Services"", ""Hiking Tours"", ""Family Rooms""], ""discounts"": ""Book 2 nights and get the 3rd free!"", ""offers"": ""Winter offers the best value deals."", ""additional_booking_info"": ""Complimentary local sightseeing package on request.""}"
H0427,Meadow Inn Pyuthan,Pyuthan,5,Jabundada,27.71537,85.275027,Boutique Hotel,6200-10100 NPR,4.6,842,Swimming Pool; Pet Friendly; Airport Shuttle; Wake-up Service; Bike Rental; Lake View,Jabundada,trekking; wellness; near-temple; mountain-view; scenery; offbeat; cultural; hill,"Meadow Inn Pyuthan is a boutique hotel situated in Jabundada, Pyuthan. Guests enjoy Swimming Pool, Pet Friendly, Airport Shuttle, Wake-up Service. Nearby: Jabundada. Best time to visit: Mar–May, Sep–Nov.","{""best_time"": ""Mar–May, Sep–Nov"", ""note"": ""Generated synthetic listing; verify availability."", ""features"": [""Swimming Pool"", ""Pet Friendly"", ""Airport Shuttle"", ""Wake-up Service"", ""Bike Rental""], ""discounts"": ""Complimentary breakfast for bookings over 3 nights."", ""offers"": ""Advance booking recommended during festival seasons."", ""additional_booking_info"": ""Complimentary local sightseeing package on request.""}"
H0428,Himalayan Villa Chitwan,Chitwan,3,Near Jeep Safari,27.529428,84.336239,Luxury Hotel,2100-8900 NPR,2.9,513,Spa; Lake View,Jeep Safari,wellness; Off-road wildlife spotting; birdwatching; budget; spiritual,"Himalayan Villa Chitwan is a luxury hotel situated in Near Jeep Safari, Chitwan. Guests enjoy Spa, Lake View. Nearby: Jeep Safari. Best time to visit: Oct–Apr.","{""best_time"": ""Oct–Apr"", ""note"": ""Generated synthetic listing; verify availability."", ""features"": [""Spa"", ""Lake View""], ""discounts"": ""Complimentary breakfast for bookings over 3 nights."", ""offers"": ""Advance booking recommended during festival seasons."", ""additional_booking_info"": ""Flexible cancellation up to 24 hours before check-in.""}"
H0429,Vista Retreat,IIlam,1,Near Tea Gardens & Kanyam,27.673497,85.259364,Resort,5500-7400 NPR,3.2,254,Family Rooms; Restaurant; Airport Shuttle; Free WiFi; Laundry; Spa,Tea Gardens & Kanyam,peaceful; near-temple; Tea garden walks; family-friendly; sunrise from Shree Antu; offbeat; cultural homestays; local tea tasting,"Vista Retreat is a resort situated in Near Tea Gardens & Kanyam, IIlam. Guests enjoy Family Rooms, Restaurant, Airport Shuttle, Free WiFi. Nearby: Tea Gardens & Kanyam. Best time to visit: Oct–Dec & Mar–May.","{""best_time"": ""Oct–Dec & Mar–May"", ""note"": ""Generated synthetic listing; verify availability."", ""features"": [""Family Rooms"", ""Restaurant"", ""Airport Shuttle"", ""Free WiFi"", ""Laundry""], ""discounts"": ""Group discounts available for 5+ guests."", ""offers"": ""Advance booking recommended during festival seasons."", ""additional_booking_info"": ""Complimentary local sightseeing package on request.""}"
H0430,Tranquil Villa,Pokhara,4,Near Australian Camp,28.226521,84.011569,Boutique Hotel,3700-9000 NPR,3.7,9,Family Rooms; Bar,Australian Camp,Photography; peaceful; lakeside; Sunrise trek,"Tranquil Villa is a boutique hotel situated in Near Australian Camp, Pokhara. Guests enjoy Family Rooms, Bar. Nearby: Australian Camp. Best time to visit: Oct–Nov, Mar–May.","{""best_time"": ""Oct–Nov, Mar–May"", ""note"": ""Generated synthetic listing; verify availability."", ""features"": [""Family Rooms"", ""Bar""], ""discounts"": ""Group discounts available for 5+ guests."", ""offers"": ""Advance booking recommended during festival seasons."", ""additional_booking_info"": ""Flexible cancellation up to 24 hours before check-in.""}"
H0431,Golden Inn,Kavre,3,Banepa ,27.663058,85.320274,Guesthouse,1300-4300 NPR,4.2,90,Bike Rental; Swimming Pool; Lake View; Room Service; Bar,Banepa ,trekking; historical; heritage; birdwatching; hiking,"Golden Inn is a guesthouse situated in Banepa , Kavre. Guests enjoy Bike Rental, Swimming Pool, Lake View, Room Service. Nearby: Banepa . Best time to visit: All Year.","{""best_time"": ""All Year"", ""note"": ""Generated synthetic listing; verify availability."", ""features"": [""Bike Rental"", ""Swimming Pool"", ""Lake View"", ""Room Service"", ""Bar""], ""discounts"": ""20% discount for direct website bookings."", ""offers"": ""Winter offers the best value deals."", ""additional_booking_info"": ""Children under 6 stay free with parents.""}"
H0432,Golden Retreat Rupandehi,Rupandehi,5,Paklihawa,27.688257,85.277949,Luxury Hotel,2200-10100 NPR,3.2,570,Tour Desk; Pet Friendly; Breakfast Included; Airport Shuttle; Bar; Guide Services; Spa,Paklihawa,birdwatching; mountain-view; scenery; offbeat; tour; hiking; luxury,"Golden Retreat Rupandehi is a luxury hotel situated in Paklihawa, Rupandehi. Guests enjoy Tour Desk, Pet Friendly, Breakfast Included, Airport Shuttle. Nearby: Paklihawa. Best time to visit: All Year.","{""best_time"": ""All Year"", ""note"": ""Generated synthetic listing; verify availability."", ""features"": [""Tour Desk"", ""Pet Friendly"", ""Breakfast Included"", ""Airport Shuttle"", ""Bar""], ""discounts"": ""10% off on early bird bookings."", ""offers"": ""Best to book at least 2 weeks in advance."", ""additional_booking_info"": ""Flexible cancellation up to 24 hours before check-in.""}"
H0433,Everest Haven,Saptari,2,"Near Vishnu Temple, Saptari",27.756684,85.323246,Lodge,1900-7400 NPR,4.8,987,Lake View; Free WiFi,"Vishnu Temple, Saptari",culture; heritage; temple; hindu; hiking; lakeside,"Everest Haven is a lodge situated in Near Vishnu Temple, Saptari, Saptari. Guests enjoy Lake View, Free WiFi. Nearby: Vishnu Temple, Saptari. Best time to visit: Oct-Mar.","{""best_time"": ""Oct-Mar"", ""note"": ""Generated synthetic listing; verify availability."", ""features"": [""Lake View"", ""Free WiFi""], ""discounts"": ""Complimentary breakfast for bookings over 3 nights."", ""offers"": ""Winter offers the best value deals."", ""additional_booking_info"": ""Includes optional guided hiking tours.""}"
H0434,Meadow Inn Myagdi,Myagdi,4,Near Rupse Waterfall,27.677062,85.32855,Guesthouse,5600-7200 NPR,2.9,767,Mountain View; Bar; Spa; Family Rooms; Tour Desk,Rupse Waterfall,photography; Roadside stop; tea breaks; lakeside,"Meadow Inn Myagdi is a guesthouse situated in Near Rupse Waterfall, Myagdi. Guests enjoy Mountain View, Bar, Spa, Family Rooms. Nearby: Rupse Waterfall. Best time to visit: Sept – Dec.","{""best_time"": ""Sept – Dec"", ""note"": ""Generated synthetic listing; verify availability."", ""features"": [""Mountain View"", ""Bar"", ""Spa"", ""Family Rooms"", ""Tour Desk""], ""discounts"": ""Book 2 nights and get the 3rd free!"", ""offers"": ""Best to book at least 2 weeks in advance."", ""additional_booking_info"": ""Complimentary local sightseeing package on request.""}"
H0435,Pine Haven Kailali,Kailali,7,Near Tikapur Park & Karnali Riverside,27.644753,85.335014,Luxury Hotel,5800-10800 NPR,4.3,469,Lake View; Wake-up Service; Free Parking; Bar; Breakfast Included; Room Service; Family Rooms,Tikapur Park & Karnali Riverside,heritage; birdwatching; local-experience; relaxing garden walks; Riverside boating,"Pine Haven Kailali is a luxury hotel situated in Near Tikapur Park & Karnali Riverside, Kailali. Guests enjoy Lake View, Wake-up Service, Free Parking, Bar. Nearby: Tikapur Park & Karnali Riverside. Best time to visit: Oct-Apr.","{""best_time"": ""Oct-Apr"", ""note"": ""Generated synthetic listing; verify availability."", ""features"": [""Lake View"", ""Wake-up Service"", ""Free Parking"", ""Bar"", ""Breakfast Included""], ""discounts"": ""Seasonal discount available during off-peak months."", ""offers"": ""Winter offers the best value deals."", ""additional_booking_info"": ""Complimentary local sightseeing package on request.""}"
H0436,Lakeside Resort - 436,Pokhara,4,Near Sarangkot,28.157998,83.948696,Budget Hotel,2200-4500 NPR,3.0,1124,Free Parking; Bike Rental; Airport Shuttle,Sarangkot,wellness; near-temple; offbeat; Sunrise View; wildlife; Paragliding,"Lakeside Resort - 436 is a budget hotel situated in Near Sarangkot, Pokhara. Guests enjoy Free Parking, Bike Rental, Airport Shuttle. Nearby: Sarangkot. Best time to visit: October-April.","{""best_time"": ""October-April"", ""note"": ""Generated synthetic listing; verify availability."", ""features"": [""Free Parking"", ""Bike Rental"", ""Airport Shuttle""], ""discounts"": ""Book 2 nights and get the 3rd free!"", ""offers"": ""Winter offers the best value deals."", ""additional_booking_info"": ""Complimentary local sightseeing package on request.""}"
H0437,Riverbend Resort,Manang,4,Near Nar Phu Valley Trek,27.756127,85.264168,Eco-Lodge,1200-7300 NPR,3.6,343,Hiking Tours; Guide Services; Bike Rental; Tour Desk; Spa,Nar Phu Valley Trek,trekking; hills; heritage; village; budget; eco-friendly; romantic; landmarks; mountains; hiking,"Riverbend Resort is a eco-lodge situated in Near Nar Phu Valley Trek, Manang. Guests enjoy Hiking Tours, Guide Services, Bike Rental, Tour Desk. Nearby: Nar Phu Valley Trek. Best time to visit: Sep-Nov, Mar-May.","{""best_time"": ""Sep-Nov, Mar-May"", ""note"": ""Generated synthetic listing; verify availability."", ""features"": [""Hiking Tours"", ""Guide Services"", ""Bike Rental"", ""Tour Desk"", ""Spa""], ""discounts"": ""10% off on early bird bookings."", ""offers"": ""Advance booking recommended during festival seasons."", ""additional_booking_info"": ""Complimentary local sightseeing package on request.""}"
H0438,Everest Stay Lamjung,Lamjung,4,Dharme Beshi,27.695638,85.294432,Luxury Hotel,5100-13300 NPR,2.9,279,Bonfire; Bar; Spa; Tour Desk; Free WiFi; Bike Rental; Guide Services,Dharme Beshi,trekking; hills; heritage; village; eco-friendly; hiking; spiritual,"Everest Stay Lamjung is a luxury hotel situated in Dharme Beshi, Lamjung. Guests enjoy Bonfire, Bar, Spa, Tour Desk. Nearby: Dharme Beshi. Best time to visit: Oct-Mar.","{""best_time"": ""Oct-Mar"", ""note"": ""Generated synthetic listing; verify availability."", ""features"": [""Bonfire"", ""Bar"", ""Spa"", ""Tour Desk"", ""Free WiFi""], ""discounts"": ""10% off on early bird bookings."", ""offers"": ""Ideal to book during weekdays for better rates."", ""additional_booking_info"": ""Includes optional guided hiking tours.""}"
H0439,Meadow Haven Gulmi,Gulmi,5,Near Maulipokhara,27.648548,85.3462,Boutique Hotel,3700-6600 NPR,3.2,893,Pet Friendly; Bike Rental; Bonfire; Wake-up Service,Maulipokhara,hill; heritage; scenery,"Meadow Haven Gulmi is a boutique hotel situated in Near Maulipokhara, Gulmi. Guests enjoy Pet Friendly, Bike Rental, Bonfire, Wake-up Service. Nearby: Maulipokhara. Best time to visit: All Year.","{""best_time"": ""All Year"", ""note"": ""Generated synthetic listing; verify availability."", ""features"": [""Pet Friendly"", ""Bike Rental"", ""Bonfire"", ""Wake-up Service""], ""discounts"": ""20% discount for direct website bookings."", ""offers"": ""Best season to book: Spring and Autumn."", ""additional_booking_info"": ""Airport pickup can be arranged on request.""}"
H0440,Meadow Retreat Dang - 440,Dang,5,"Near Jakhera Lake(Lamahi,  Dang )",27.715714,85.321171,Budget Hotel,2600-10400 NPR,4.7,301,Free Parking; Tour Desk; Room Service; Restaurant,"Jakhera Lake(Lamahi,  Dang )",luxury; temple; lake; scenery,"Meadow Retreat Dang - 440 is a budget hotel situated in Near Jakhera Lake(Lamahi, Dang ), Dang. Guests enjoy Free Parking, Tour Desk, Room Service, Restaurant. Nearby: Jakhera Lake(Lamahi, Dang ). Best time to visit: Oct-Apr.","{""best_time"": ""Oct-Apr"", ""note"": ""Generated synthetic listing; verify availability."", ""features"": [""Free Parking"", ""Tour Desk"", ""Room Service"", ""Restaurant""], ""discounts"": ""10% off on early bird bookings."", ""offers"": ""Best season to book: Spring and Autumn."", ""additional_booking_info"": ""Airport pickup can be arranged on request.""}"
H0441,Vista Cottage Saptari,Saptari,2,Near Chandrabhoga Gadhi,27.702224,85.262659,Luxury Hotel,1900-9200 NPR,3.3,618,Conference Hall; Family Rooms; Room Service; Mountain View; Guide Services; Airport Shuttle,Chandrabhoga Gadhi,landmarks; culture; art,"Vista Cottage Saptari is a luxury hotel situated in Near Chandrabhoga Gadhi, Saptari. Guests enjoy Conference Hall, Family Rooms, Room Service, Mountain View. Nearby: Chandrabhoga Gadhi. Best time to visit: Oct-Mar.","{""best_time"": ""Oct-Mar"", ""note"": ""Generated synthetic listing; verify availability."", ""features"": [""Conference Hall"", ""Family Rooms"", ""Room Service"", ""Mountain View"", ""Guide Services""], ""discounts"": ""Book 2 nights and get the 3rd free!"", ""offers"": ""Advance booking recommended during festival seasons."", ""additional_booking_info"": ""Children under 6 stay free with parents.""}"
H0442,Serene House,Parbat,4,Bhairavsthan Temple,27.676972,85.358443,Eco-Lodge,500-2400 NPR,2.9,855,Guide Services; Mountain View; Wake-up Service; Restaurant; Conference Hall; Pet Friendly,Bhairavsthan Temple,near-temple; hindu; temple; adventure,"Serene House is a eco-lodge situated in Bhairavsthan Temple, Parbat. Guests enjoy Guide Services, Mountain View, Wake-up Service, Restaurant. Nearby: Bhairavsthan Temple. Best time to visit: Oct-Mar.","{""best_time"": ""Oct-Mar"", ""note"": ""Generated synthetic listing; verify availability."", ""features"": [""Guide Services"", ""Mountain View"", ""Wake-up Service"", ""Restaurant"", ""Conference Hall""], ""discounts"": ""Complimentary breakfast for bookings over 3 nights."", ""offers"": ""Advance booking recommended during festival seasons."", ""additional_booking_info"": ""Airport pickup can be arranged on request.""}"
H0443,Serene Stay,Dadeldhura,7,Near Ajaymerukot Durbar,27.662277,85.247078,Budget Hotel,6700-10200 NPR,3.3,837,Wake-up Service; Tour Desk; Swimming Pool; Restaurant; Airport Shuttle,Ajaymerukot Durbar,palace; history; heritage; budget; luxury,"Serene Stay is a budget hotel situated in Near Ajaymerukot Durbar, Dadeldhura. Guests enjoy Wake-up Service, Tour Desk, Swimming Pool, Restaurant. Nearby: Ajaymerukot Durbar. Best time to visit: Oct-Mar.","{""best_time"": ""Oct-Mar"", ""note"": ""Generated synthetic listing; verify availability."", ""features"": [""Wake-up Service"", ""Tour Desk"", ""Swimming Pool"", ""Restaurant"", ""Airport Shuttle""], ""discounts"": ""10% off on early bird bookings."", ""offers"": ""Advance booking recommended during festival seasons."", ""additional_booking_info"": ""Children under 6 stay free with parents.""}"
H0444,Golden Haven Pokhara,Pokhara,4,Near Rupa Lake,28.240864,83.926741,Homestay,6700-7100 NPR,4.1,85,Bar; Bike Rental,Rupa Lake,Lake; hills; heritage,"Golden Haven Pokhara is a homestay situated in Near Rupa Lake, Pokhara. Guests enjoy Bar, Bike Rental. Nearby: Rupa Lake. Best time to visit: Oct-Apr.","{""best_time"": ""Oct-Apr"", ""note"": ""Generated synthetic listing; verify availability."", ""features"": [""Bar"", ""Bike Rental""], ""discounts"": ""Complimentary breakfast for bookings over 3 nights."", ""offers"": ""Best season to book: Spring and Autumn."", ""additional_booking_info"": ""Airport pickup can be arranged on request.""}"
H0445,Cloud House,Doti,7,Khaptad Trek (via Doti Entry),27.691534,85.284494,Lodge,3100-7300 NPR,4.7,816,Tour Desk; Breakfast Included; Pet Friendly; Lake View; Swimming Pool,Khaptad Trek (via Doti Entry),Meadows; wellness; rolling hills; cultural immersion,"Cloud House is a lodge situated in Khaptad Trek (via Doti Entry), Doti. Guests enjoy Tour Desk, Breakfast Included, Pet Friendly, Lake View. Nearby: Khaptad Trek (via Doti Entry). Best time to visit: Mar-Jun & Sept-Nov.","{""best_time"": ""Mar-Jun & Sept-Nov"", ""note"": ""Generated synthetic listing; verify availability."", ""features"": [""Tour Desk"", ""Breakfast Included"", ""Pet Friendly"", ""Lake View"", ""Swimming Pool""], ""discounts"": ""Complimentary breakfast for bookings over 3 nights."", ""offers"": ""Best season to book: Spring and Autumn."", ""additional_booking_info"": ""Includes optional guided hiking tours.""}"
H0446,Meadow Resort Palpa,Palpa,5,Near Rambha Devi,27.754127,85.330173,Guesthouse,3500-11200 NPR,4.0,973,Guide Services; Bar; Free WiFi; Lake View; Room Service; Pet Friendly,Rambha Devi,trekking-base; religious; temple; scenery,"Meadow Resort Palpa is a guesthouse situated in Near Rambha Devi, Palpa. Guests enjoy Guide Services, Bar, Free WiFi, Lake View. Nearby: Rambha Devi. Best time to visit: All Year.","{""best_time"": ""All Year"", ""note"": ""Generated synthetic listing; verify availability."", ""features"": [""Guide Services"", ""Bar"", ""Free WiFi"", ""Lake View"", ""Room Service""], ""discounts"": ""10% off on early bird bookings."", ""offers"": ""Ideal to book during weekdays for better rates."", ""additional_booking_info"": ""Complimentary local sightseeing package on request.""}"
H0447,Tranquil Homestay,Mugu,6,Near Tihar Gumba,27.6818,85.35269,Eco-Lodge,5900-7800 NPR,4.3,601,Bar; Spa; Bike Rental; Room Service; Breakfast Included; Tour Desk,Tihar Gumba,buddhist; wellness; birdwatching; budget; gumba; monastery; wildlife,"Tranquil Homestay is a eco-lodge situated in Near Tihar Gumba, Mugu. Guests enjoy Bar, Spa, Bike Rental, Room Service. Nearby: Tihar Gumba. Best time to visit: Oct-Apr.","{""best_time"": ""Oct-Apr"", ""note"": ""Generated synthetic listing; verify availability."", ""features"": [""Bar"", ""Spa"", ""Bike Rental"", ""Room Service"", ""Breakfast Included""], ""discounts"": ""Complimentary breakfast for bookings over 3 nights."", ""offers"": ""Ideal to book during weekdays for better rates."", ""additional_booking_info"": ""Includes optional guided hiking tours.""}"
H0448,Pine Lodge,Kathmandu,3,Shivapuri Nagarjun National Park,27.677652,85.377305,Boutique Hotel,1400-8800 NPR,4.8,59,Lake View; Family Rooms; Laundry,Shivapuri Nagarjun National Park,trekking; hills; waterfall; mountain-view; hiking; spiritual; wildlife,"Pine Lodge is a boutique hotel situated in Shivapuri Nagarjun National Park, Kathmandu. Guests enjoy Lake View, Family Rooms, Laundry. Nearby: Shivapuri Nagarjun National Park. Best time to visit: All Year.","{""best_time"": ""All Year"", ""note"": ""Generated synthetic listing; verify availability."", ""features"": [""Lake View"", ""Family Rooms"", ""Laundry""], ""discounts"": ""Group discounts available for 5+ guests."", ""offers"": ""Best to book at least 2 weeks in advance."", ""additional_booking_info"": ""Flexible cancellation up to 24 hours before check-in.""}"
H0449,Vista Resort,Rasuwa,3,Near Gosaikunda lake,27.735465,85.279936,Guesthouse,5200-6600 NPR,4.1,772,Family Rooms; Conference Hall; Guide Services; Free Parking; Tour Desk; Laundry; Breakfast Included,Gosaikunda lake,trekking; mountain; budget; local-experience; lake; luxury,"Vista Resort is a guesthouse situated in Near Gosaikunda lake, Rasuwa. Guests enjoy Family Rooms, Conference Hall, Guide Services, Free Parking. Nearby: Gosaikunda lake. Best time to visit: Aug (Janai Purnima), Mar–May, Sep–Nov.","{""best_time"": ""Aug (Janai Purnima), Mar–May, Sep–Nov"", ""note"": ""Generated synthetic listing; verify availability."", ""features"": [""Family Rooms"", ""Conference Hall"", ""Guide Services"", ""Free Parking"", ""Tour Desk""], ""discounts"": ""10% off on early bird bookings."", ""offers"": ""Winter offers the best value deals."", ""additional_booking_info"": ""Flexible cancellation up to 24 hours before check-in.""}"
H0450,Meadow Homestay,Parbat,4,Dahare Neelkanth Mountain,27.684128,85.3424,Luxury Hotel,5200-5600 NPR,3.4,1096,Family Rooms; Guide Services; Lake View,Dahare Neelkanth Mountain,pilgrimage; hills; history; hindu; adventure; hiking; lakeside,"Meadow Homestay is a luxury hotel situated in Dahare Neelkanth Mountain, Parbat. Guests enjoy Family Rooms, Guide Services, Lake View. Nearby: Dahare Neelkanth Mountain. Best time to visit: Oct-Mar.","{""best_time"": ""Oct-Mar"", ""note"": ""Generated synthetic listing; verify availability."", ""features"": [""Family Rooms"", ""Guide Services"", ""Lake View""], ""discounts"": ""10% off on early bird bookings."", ""offers"": ""Winter offers the best value deals."", ""additional_booking_info"": ""Flexible cancellation up to 24 hours before check-in.""}"
H0451,Riverbend Inn,Sarlahi,2, Sarlahi Devi Temple,27.753147,85.340466,Eco-Lodge,6100-13800 NPR,3.1,580,Breakfast Included; Tour Desk; Lake View, Sarlahi Devi Temple,mountain-view; temple; hindu; hiking; luxury,"Riverbend Inn is a eco-lodge situated in Sarlahi Devi Temple, Sarlahi. Guests enjoy Breakfast Included, Tour Desk, Lake View. Nearby: Sarlahi Devi Temple. Best time to visit: Oct-Mar.","{""best_time"": ""Oct-Mar"", ""note"": ""Generated synthetic listing; verify availability."", ""features"": [""Breakfast Included"", ""Tour Desk"", ""Lake View""], ""discounts"": ""Book 2 nights and get the 3rd free!"", ""offers"": ""Winter offers the best value deals."", ""additional_booking_info"": ""Complimentary local sightseeing package on request.""}"
H0452,Pine Retreat,Surkhet,6,Kakre Bihar,27.757737,85.279977,Guesthouse,6500-10500 NPR,4.2,107,Bonfire; Family Rooms; Mountain View,Kakre Bihar,birdwatching; Explore ancient Buddhist temple ruins; romantic; photography; cultural walks,"Pine Retreat is a guesthouse situated in Kakre Bihar, Surkhet. Guests enjoy Bonfire, Family Rooms, Mountain View. Nearby: Kakre Bihar. Best time to visit: Oct–Mar.","{""best_time"": ""Oct–Mar"", ""note"": ""Generated synthetic listing; verify availability."", ""features"": [""Bonfire"", ""Family Rooms"", ""Mountain View""], ""discounts"": ""10% off on early bird bookings."", ""offers"": ""Advance booking recommended during festival seasons."", ""additional_booking_info"": ""Children under 6 stay free with parents.""}"
H0453,Lakeside Cottage,Arghakhanchi,5,Near Arghakot,27.686928,85.303341,Homestay,2800-6300 NPR,4.2,1122,Swimming Pool; Spa; Lake View; Breakfast Included; Mountain View,Arghakot,wellness; culture; scenary; offbeat; adventure; hill,"Lakeside Cottage is a homestay situated in Near Arghakot, Arghakhanchi. Guests enjoy Swimming Pool, Spa, Lake View, Breakfast Included. Nearby: Arghakot. Best time to visit: All Year.","{""best_time"": ""All Year"", ""note"": ""Generated synthetic listing; verify availability."", ""features"": [""Swimming Pool"", ""Spa"", ""Lake View"", ""Breakfast Included"", ""Mountain View""], ""discounts"": ""Complimentary breakfast for bookings over 3 nights."", ""offers"": ""Best season to book: Spring and Autumn."", ""additional_booking_info"": ""Airport pickup can be arranged on request.""}"
H0454,Sunrise Resort Darchula,Darchula,7,Api Base camp trek,27.718149,85.283467,Cottage,1300-4100 NPR,3.6,874,Restaurant; Breakfast Included; Swimming Pool; Pet Friendly; Bonfire; Wake-up Service; Free WiFi,Api Base camp trek,hills; scenery; mountains; natural beauty; hiking,"Sunrise Resort Darchula is a cottage situated in Api Base camp trek, Darchula. Guests enjoy Restaurant, Breakfast Included, Swimming Pool, Pet Friendly. Nearby: Api Base camp trek. Best time to visit: Apr–Jun,Sept–Nov.","{""best_time"": ""Apr–Jun,Sept–Nov"", ""note"": ""Generated synthetic listing; verify availability."", ""features"": [""Restaurant"", ""Breakfast Included"", ""Swimming Pool"", ""Pet Friendly"", ""Bonfire""], ""discounts"": ""10% off on early bird bookings."", ""offers"": ""Winter offers the best value deals."", ""additional_booking_info"": ""Includes optional guided hiking tours.""}"
H0455,Everest Cottage,Parbat,4,Near Mahashila,27.644079,85.268903,Eco-Lodge,3000-6100 NPR,4.1,768,Airport Shuttle; Hiking Tours; Family Rooms; Laundry; Tour Desk; Pet Friendly; Free WiFi,Mahashila,luxury; Hills; hindu; scenery,"Everest Cottage is a eco-lodge situated in Near Mahashila, Parbat. Guests enjoy Airport Shuttle, Hiking Tours, Family Rooms, Laundry. Nearby: Mahashila. Best time to visit: Oct-Mar.","{""best_time"": ""Oct-Mar"", ""note"": ""Generated synthetic listing; verify availability."", ""features"": [""Airport Shuttle"", ""Hiking Tours"", ""Family Rooms"", ""Laundry"", ""Tour Desk""], ""discounts"": ""20% discount for direct website bookings."", ""offers"": ""Advance booking recommended during festival seasons."", ""additional_booking_info"": ""Children under 6 stay free with parents.""}"
H0456,Golden Villa,Dhankuta,1,Gupteshwor Mahadev,27.710422,85.358482,Eco-Lodge,2700-4600 NPR,4.4,370,Bonfire; Guide Services; Mountain View; Spa; Swimming Pool,Gupteshwor Mahadev,cave; birdwatching; temple; budget; religious shrine; offbeat,"Golden Villa is a eco-lodge situated in Gupteshwor Mahadev, Dhankuta. Guests enjoy Bonfire, Guide Services, Mountain View, Spa. Nearby: Gupteshwor Mahadev. Best time to visit: Oct-Apr.","{""best_time"": ""Oct-Apr"", ""note"": ""Generated synthetic listing; verify availability."", ""features"": [""Bonfire"", ""Guide Services"", ""Mountain View"", ""Spa"", ""Swimming Pool""], ""discounts"": ""Complimentary breakfast for bookings over 3 nights."", ""offers"": ""Best season to book: Spring and Autumn."", ""additional_booking_info"": ""Children under 6 stay free with parents.""}"
H0457,Meadow Inn Rupandehi,Rupandehi,5,Near Hillpark,27.703611,85.247672,Cottage,4900-7200 NPR,4.3,424,Swimming Pool; Restaurant; Tour Desk; Free WiFi; Hiking Tours; Lake View; Breakfast Included,Hillpark,park; adventure; picnic spot; hills,"Meadow Inn Rupandehi is a cottage situated in Near Hillpark, Rupandehi. Guests enjoy Swimming Pool, Restaurant, Tour Desk, Free WiFi. Nearby: Hillpark. Best time to visit: All Year.","{""best_time"": ""All Year"", ""note"": ""Generated synthetic listing; verify availability."", ""features"": [""Swimming Pool"", ""Restaurant"", ""Tour Desk"", ""Free WiFi"", ""Hiking Tours""], ""discounts"": ""20% discount for direct website bookings."", ""offers"": ""Winter offers the best value deals."", ""additional_booking_info"": ""Children under 6 stay free with parents.""}"
H0458,Tranquil Resort Mugu,Mugu,6,Near Chhayanath Rara Area,27.650153,85.254966,Homestay,3500-6600 NPR,3.6,0,Mountain View; Breakfast Included; Bike Rental,Chhayanath Rara Area,wellness; Spiritual site visits; birdwatching; adventure; local cultural experience,"Tranquil Resort Mugu is a homestay situated in Near Chhayanath Rara Area, Mugu. Guests enjoy Mountain View, Breakfast Included, Bike Rental. Nearby: Chhayanath Rara Area. Best time to visit: March–June.","{""best_time"": ""March–June"", ""note"": ""Generated synthetic listing; verify availability."", ""features"": [""Mountain View"", ""Breakfast Included"", ""Bike Rental""], ""discounts"": ""Book 2 nights and get the 3rd free!"", ""offers"": ""Ideal to book during weekdays for better rates."", ""additional_booking_info"": ""Includes optional guided hiking tours.""}"
H0459,Pine Haven,Bajura,7,Swamikartik Khapar Danda,27.704585,85.265181,Boutique Hotel,5900-7000 NPR,3.3,385,Mountain View; Bar; Spa,Swamikartik Khapar Danda,Alpine meadow camping; peaceful; Trekking through untouched landscapes; culture; Cultural exposure to remote Bajura communities; Visit Swamikartik temple (pilgrimage site),"Pine Haven is a boutique hotel situated in Swamikartik Khapar Danda, Bajura. Guests enjoy Mountain View, Bar, Spa. Nearby: Swamikartik Khapar Danda. Best time to visit: September–November.","{""best_time"": ""September–November"", ""note"": ""Generated synthetic listing; verify availability."", ""features"": [""Mountain View"", ""Bar"", ""Spa""], ""discounts"": ""Complimentary breakfast for bookings over 3 nights."", ""offers"": ""Ideal to book during weekdays for better rates."", ""additional_booking_info"": ""Complimentary local sightseeing package on request.""}"
H0460,Serene Homestay,Gorkha,4,Gorkha Memorial Museum,28.022072,84.590598,Eco-Lodge,1200-5600 NPR,4.2,293,Bar; Airport Shuttle; Laundry; Wake-up Service; Pet Friendly; Restaurant,Gorkha Memorial Museum,heritage; eco-friendly; adventure; trekking-base; museum,"Serene Homestay is a eco-lodge situated in Gorkha Memorial Museum, Gorkha. Guests enjoy Bar, Airport Shuttle, Laundry, Wake-up Service. Nearby: Gorkha Memorial Museum. Best time to visit: Oct-Mar.","{""best_time"": ""Oct-Mar"", ""note"": ""Generated synthetic listing; verify availability."", ""features"": [""Bar"", ""Airport Shuttle"", ""Laundry"", ""Wake-up Service"", ""Pet Friendly""], ""discounts"": ""10% off on early bird bookings."", ""offers"": ""Advance booking recommended during festival seasons."", ""additional_booking_info"": ""Flexible cancellation up to 24 hours before check-in.""}"
H0461,Everest Retreat Solukhumbu,Solukhumbu,1,"Kunde, Nepal",27.705804,85.247915,Boutique Hotel,3500-9200 NPR,4.4,299,Laundry; Free WiFi; Swimming Pool,"Kunde, Nepal",heritage; birdwatching; mountains; hiking; lakeside; luxury,"Everest Retreat Solukhumbu is a boutique hotel situated in Kunde, Nepal, Solukhumbu. Guests enjoy Laundry, Free WiFi, Swimming Pool. Nearby: Kunde, Nepal. Best time to visit: Oct-Apr.","{""best_time"": ""Oct-Apr"", ""note"": ""Generated synthetic listing; verify availability."", ""features"": [""Laundry"", ""Free WiFi"", ""Swimming Pool""], ""discounts"": ""10% off on early bird bookings."", ""offers"": ""Ideal to book during weekdays for better rates."", ""additional_booking_info"": ""Children under 6 stay free with parents.""}"
H0462,Cloud House,Kathmandu,3,The Toothache Tree(Vaisha Dev Shrine),27.699068,85.332659,Homestay,5000-9800 NPR,4.0,98,Lake View; Family Rooms; Restaurant,The Toothache Tree(Vaisha Dev Shrine),heritage; Religious Shrine; birdwatching; temple; local-experience,"Cloud House is a homestay situated in The Toothache Tree(Vaisha Dev Shrine), Kathmandu. Guests enjoy Lake View, Family Rooms, Restaurant. Nearby: The Toothache Tree(Vaisha Dev Shrine). Best time to visit: All Year.","{""best_time"": ""All Year"", ""note"": ""Generated synthetic listing; verify availability."", ""features"": [""Lake View"", ""Family Rooms"", ""Restaurant""], ""discounts"": ""Book 2 nights and get the 3rd free!"", ""offers"": ""Advance booking recommended during festival seasons."", ""additional_booking_info"": ""Children under 6 stay free with parents.""}"
H0463,Everest Resort Bajhang,Bajhang,7,Near Badimalika temple,27.718908,85.25712,Cottage,6500-11200 NPR,2.9,758,Free Parking; Tour Desk; Guide Services; Hiking Tours; Restaurant; Conference Hall; Bike Rental,Badimalika temple,mountain-view; temple; eco-friendly; hindu; hiking; wildlife,"Everest Resort Bajhang is a cottage situated in Near Badimalika temple, Bajhang. Guests enjoy Free Parking, Tour Desk, Guide Services, Hiking Tours. Nearby: Badimalika temple. Best time to visit: Oct-Mar.","{""best_time"": ""Oct-Mar"", ""note"": ""Generated synthetic listing; verify availability."", ""features"": [""Free Parking"", ""Tour Desk"", ""Guide Services"", ""Hiking Tours"", ""Restaurant""], ""discounts"": ""Complimentary breakfast for bookings over 3 nights."", ""offers"": ""Best to book at least 2 weeks in advance."", ""additional_booking_info"": ""Children under 6 stay free with parents.""}"
H0464,Meadow Retreat Pokhara,Pokhara,4,Near Sarangkot,28.198382,83.963128,Boutique Hotel,5700-7300 NPR,3.0,491,Restaurant; Room Service,Sarangkot,Paragliding; Sunrise View; budget,"Meadow Retreat Pokhara is a boutique hotel situated in Near Sarangkot, Pokhara. Guests enjoy Restaurant, Room Service. Nearby: Sarangkot. Best time to visit: October-April.","{""best_time"": ""October-April"", ""note"": ""Generated synthetic listing; verify availability."", ""features"": [""Restaurant"", ""Room Service""], ""discounts"": ""Book 2 nights and get the 3rd free!"", ""offers"": ""Advance booking recommended during festival seasons."", ""additional_booking_info"": ""Flexible cancellation up to 24 hours before check-in.""}"
H0465,Cloud Villa - 465,Kaski,4,Near Mardi Himal ,27.721244,85.351893,Budget Hotel,4400-12900 NPR,3.8,1090,Swimming Pool; Family Rooms; Free WiFi; Bar; Room Service; Guide Services; Pet Friendly,Mardi Himal ,trekking; family-friendly; mountains; hiking; lakeside; climbing,"Cloud Villa - 465 is a budget hotel situated in Near Mardi Himal , Kaski. Guests enjoy Swimming Pool, Family Rooms, Free WiFi, Bar. Nearby: Mardi Himal . Best time to visit: Sep-Nov, Mar-May.","{""best_time"": ""Sep-Nov, Mar-May"", ""note"": ""Generated synthetic listing; verify availability."", ""features"": [""Swimming Pool"", ""Family Rooms"", ""Free WiFi"", ""Bar"", ""Room Service""], ""discounts"": ""20% discount for direct website bookings."", ""offers"": ""Advance booking recommended during festival seasons."", ""additional_booking_info"": ""Children under 6 stay free with parents.""}"
H0466,Serene Stay,Jumla,6,Sinja Valley,27.655998,85.282395,Resort,4000-12400 NPR,3.6,764,Lake View; Free Parking,Sinja Valley,wildlife; trekking; Village,"Serene Stay is a resort situated in Sinja Valley, Jumla. Guests enjoy Lake View, Free Parking. Nearby: Sinja Valley. Best time to visit: Oct-Apr.","{""best_time"": ""Oct-Apr"", ""note"": ""Generated synthetic listing; verify availability."", ""features"": [""Lake View"", ""Free Parking""], ""discounts"": ""10% off on early bird bookings."", ""offers"": ""Best to book at least 2 weeks in advance."", ""additional_booking_info"": ""Flexible cancellation up to 24 hours before check-in.""}"
H0467,Pine House Lamjung - 467,Lamjung,4,Near Bahun Dada (Hill),27.687235,85.350767,Hostel,800-8700 NPR,4.6,999,Pet Friendly; Free WiFi,Bahun Dada (Hill),peaceful; trekking; hills; village; trekking-base; hiking; wildlife; luxury,"Pine House Lamjung - 467 is a hostel situated in Near Bahun Dada (Hill), Lamjung. Guests enjoy Pet Friendly, Free WiFi. Nearby: Bahun Dada (Hill). Best time to visit: Oct-Mar.","{""best_time"": ""Oct-Mar"", ""note"": ""Generated synthetic listing; verify availability."", ""features"": [""Pet Friendly"", ""Free WiFi""], ""discounts"": ""Group discounts available for 5+ guests."", ""offers"": ""Advance booking recommended during festival seasons."", ""additional_booking_info"": ""Flexible cancellation up to 24 hours before check-in.""}"
H0468,Lakeside Resort - 468,Jhapa,1,Near Jamunkhadi Wetland,27.663705,85.303492,Budget Hotel,3900-6200 NPR,4.6,14,Laundry; Free Parking; Bonfire,Jamunkhadi Wetland,wetland; peaceful; local-experience; eco-friendly; picnic; pond; wildlife; boat ride,"Lakeside Resort - 468 is a budget hotel situated in Near Jamunkhadi Wetland, Jhapa. Guests enjoy Laundry, Free Parking, Bonfire. Nearby: Jamunkhadi Wetland. Best time to visit: Nov-Feb.","{""best_time"": ""Nov-Feb"", ""note"": ""Generated synthetic listing; verify availability."", ""features"": [""Laundry"", ""Free Parking"", ""Bonfire""], ""discounts"": ""Seasonal discount available during off-peak months."", ""offers"": ""Best season to book: Spring and Autumn."", ""additional_booking_info"": ""Includes optional guided hiking tours.""}"
H0469,Cloud House Bhaktapur,Bhaktapur,3,Near Siddha Pokhari,27.63092,85.412249,Luxury Hotel,500-6700 NPR,4.6,406,Bar; Mountain View,Siddha Pokhari,sculptures; pond; adventure; temples; lake,"Cloud House Bhaktapur is a luxury hotel situated in Near Siddha Pokhari, Bhaktapur. Guests enjoy Bar, Mountain View. Nearby: Siddha Pokhari. Best time to visit: All Year.","{""best_time"": ""All Year"", ""note"": ""Generated synthetic listing; verify availability."", ""features"": [""Bar"", ""Mountain View""], ""discounts"": ""10% off on early bird bookings."", ""offers"": ""Best season to book: Spring and Autumn."", ""additional_booking_info"": ""Airport pickup can be arranged on request.""}"
H0470,Riverbend Haven,Gulmi,5,Maulipokhara,27.697515,85.319829,Homestay,1500-8700 NPR,3.8,1014,Spa; Lake View; Family Rooms; Bike Rental; Room Service; Wake-up Service; Breakfast Included,Maulipokhara,romantic; hill; scenery,"Riverbend Haven is a homestay situated in Maulipokhara, Gulmi. Guests enjoy Spa, Lake View, Family Rooms, Bike Rental. Nearby: Maulipokhara. Best time to visit: All Year.","{""best_time"": ""All Year"", ""note"": ""Generated synthetic listing; verify availability."", ""features"": [""Spa"", ""Lake View"", ""Family Rooms"", ""Bike Rental"", ""Room Service""], ""discounts"": ""Complimentary breakfast for bookings over 3 nights."", ""offers"": ""Best to book at least 2 weeks in advance."", ""additional_booking_info"": ""Flexible cancellation up to 24 hours before check-in.""}"
H0471,Serene Haven,Bhaktapur,3,Changunarayan temple,27.692897,85.410857,Cottage,6500-7000 NPR,3.7,592,Bonfire; Airport Shuttle; Guide Services; Free Parking,Changunarayan temple,offbeat; statues; temples; hiking; sculpture; cultural,"Serene Haven is a cottage situated in Changunarayan temple, Bhaktapur. Guests enjoy Bonfire, Airport Shuttle, Guide Services, Free Parking. Nearby: Changunarayan temple. Best time to visit: All Year.","{""best_time"": ""All Year"", ""note"": ""Generated synthetic listing; verify availability."", ""features"": [""Bonfire"", ""Airport Shuttle"", ""Guide Services"", ""Free Parking""], ""discounts"": ""Complimentary breakfast for bookings over 3 nights."", ""offers"": ""Winter offers the best value deals."", ""additional_booking_info"": ""Complimentary local sightseeing package on request.""}"
H0472,Sunrise Lodge,Mustang,4,Upper mustang tiji festival trek,27.738473,85.263809,Boutique Hotel,6200-14800 NPR,4.0,386,Wake-up Service; Spa; Free Parking; Swimming Pool; Tour Desk; Family Rooms,Upper mustang tiji festival trek,trekking; hills; mountain-view; landmarks; mountains; hiking,"Sunrise Lodge is a boutique hotel situated in Upper mustang tiji festival trek, Mustang. Guests enjoy Wake-up Service, Spa, Free Parking, Swimming Pool. Nearby: Upper mustang tiji festival trek. Best time to visit: Oct-Nov.","{""best_time"": ""Oct-Nov"", ""note"": ""Generated synthetic listing; verify availability."", ""features"": [""Wake-up Service"", ""Spa"", ""Free Parking"", ""Swimming Pool"", ""Tour Desk""], ""discounts"": ""Complimentary breakfast for bookings over 3 nights."", ""offers"": ""Best to book at least 2 weeks in advance."", ""additional_booking_info"": ""Children under 6 stay free with parents.""}"
H0473,Serene Cottage Lalitpur,Lalitpur,3,Near Uku Bahal,27.685642,85.302997,Guesthouse,2300-8100 NPR,3.7,125,Guide Services; Breakfast Included; Mountain View; Swimming Pool; Laundry; Pet Friendly,Uku Bahal,buddhist; peaceful; temple; eco-friendly; monastery; lakeside,"Serene Cottage Lalitpur is a guesthouse situated in Near Uku Bahal, Lalitpur. Guests enjoy Guide Services, Breakfast Included, Mountain View, Swimming Pool. Nearby: Uku Bahal. Best time to visit: All Year.","{""best_time"": ""All Year"", ""note"": ""Generated synthetic listing; verify availability."", ""features"": [""Guide Services"", ""Breakfast Included"", ""Mountain View"", ""Swimming Pool"", ""Laundry""], ""discounts"": ""10% off on early bird bookings."", ""offers"": ""Advance booking recommended during festival seasons."", ""additional_booking_info"": ""Children under 6 stay free with parents.""}"
H0474,Himalayan Resort Parbat,Parbat,4,Near Daaune Devi Temple,27.665437,85.296647,Cottage,1300-8700 NPR,3.2,1006,Lake View; Mountain View; Swimming Pool; Room Service,Daaune Devi Temple,birdwatching; temple; Hindu,"Himalayan Resort Parbat is a cottage situated in Near Daaune Devi Temple, Parbat. Guests enjoy Lake View, Mountain View, Swimming Pool, Room Service. Nearby: Daaune Devi Temple. Best time to visit: Oct-Mar.","{""best_time"": ""Oct-Mar"", ""note"": ""Generated synthetic listing; verify availability."", ""features"": [""Lake View"", ""Mountain View"", ""Swimming Pool"", ""Room Service""], ""discounts"": ""Group discounts available for 5+ guests."", ""offers"": ""Advance booking recommended during festival seasons."", ""additional_booking_info"": ""Airport pickup can be arranged on request.""}"
H0475,Lakeside Haven,Kathmandu,3,Near Swayambhunath temple,27.720663,85.308591,Homestay,2200-8800 NPR,3.0,217,Wake-up Service; Tour Desk; Swimming Pool,Swayambhunath temple,culture; temple; statues; sculpture; cultural,"Lakeside Haven is a homestay situated in Near Swayambhunath temple, Kathmandu. Guests enjoy Wake-up Service, Tour Desk, Swimming Pool. Nearby: Swayambhunath temple. Best time to visit: All Year.","{""best_time"": ""All Year"", ""note"": ""Generated synthetic listing; verify availability."", ""features"": [""Wake-up Service"", ""Tour Desk"", ""Swimming Pool""], ""discounts"": ""Complimentary breakfast for bookings over 3 nights."", ""offers"": ""Ideal to book during weekdays for better rates."", ""additional_booking_info"": ""Flexible cancellation up to 24 hours before check-in.""}"
H0476,Tranquil Villa,Kathmandu,3,Near Mahamanjushree Temple,27.698348,85.351042,Guesthouse,4900-7700 NPR,2.9,392,Conference Hall; Laundry; Wake-up Service; Pet Friendly; Room Service,Mahamanjushree Temple,spiritual; temple; budget; eco-friendly; religious shrine; hill; luxury,"Tranquil Villa is a guesthouse situated in Near Mahamanjushree Temple, Kathmandu. Guests enjoy Conference Hall, Laundry, Wake-up Service, Pet Friendly. Nearby: Mahamanjushree Temple. Best time to visit: All Year.","{""best_time"": ""All Year"", ""note"": ""Generated synthetic listing; verify availability."", ""features"": [""Conference Hall"", ""Laundry"", ""Wake-up Service"", ""Pet Friendly"", ""Room Service""], ""discounts"": ""Book 2 nights and get the 3rd free!"", ""offers"": ""Advance booking recommended during festival seasons."", ""additional_booking_info"": ""Includes optional guided hiking tours.""}"
H0477,Cloud Stay,Dang,5,Charinge Daha- Ghorahi Dang,27.756098,85.274759,Cottage,1000-4400 NPR,4.3,814,Conference Hall; Bike Rental; Airport Shuttle; Restaurant; Hiking Tours,Charinge Daha- Ghorahi Dang,culture; heritage; birdwatching; mountain-view; temple; scenery; lake,"Cloud Stay is a cottage situated in Charinge Daha- Ghorahi Dang, Dang. Guests enjoy Conference Hall, Bike Rental, Airport Shuttle, Restaurant. Nearby: Charinge Daha- Ghorahi Dang. Best time to visit: Oct-Apr.","{""best_time"": ""Oct-Apr"", ""note"": ""Generated synthetic listing; verify availability."", ""features"": [""Conference Hall"", ""Bike Rental"", ""Airport Shuttle"", ""Restaurant"", ""Hiking Tours""], ""discounts"": ""Seasonal discount available during off-peak months."", ""offers"": ""Ideal to book during weekdays for better rates."", ""additional_booking_info"": ""Complimentary local sightseeing package on request.""}"
H0478,Serene Inn Kathmandu,Kathmandu,3,Near Dhaaraapani (Dhungedhaaraa),27.762699,85.358878,Eco-Lodge,4600-13500 NPR,3.3,451,Laundry; Conference Hall; Swimming Pool; Restaurant,Dhaaraapani (Dhungedhaaraa),family-friendly; birdwatching; temple; statues; pond,"Serene Inn Kathmandu is a eco-lodge situated in Near Dhaaraapani (Dhungedhaaraa), Kathmandu. Guests enjoy Laundry, Conference Hall, Swimming Pool, Restaurant. Nearby: Dhaaraapani (Dhungedhaaraa). Best time to visit: All Year.","{""best_time"": ""All Year"", ""note"": ""Generated synthetic listing; verify availability."", ""features"": [""Laundry"", ""Conference Hall"", ""Swimming Pool"", ""Restaurant""], ""discounts"": ""Seasonal discount available during off-peak months."", ""offers"": ""Winter offers the best value deals."", ""additional_booking_info"": ""Airport pickup can be arranged on request.""}"
H0479,Sunrise Inn,Gorkha,4,Manaslu Circuit Trek,27.960057,84.675806,Resort,5800-10100 NPR,4.8,430,Swimming Pool; Free WiFi; Pet Friendly; Room Service; Lake View; Airport Shuttle,Manaslu Circuit Trek,trekking; hills; eco-friendly; adventure; landmarks; mountains; hiking; wildlife,"Sunrise Inn is a resort situated in Manaslu Circuit Trek, Gorkha. Guests enjoy Swimming Pool, Free WiFi, Pet Friendly, Room Service. Nearby: Manaslu Circuit Trek. Best time to visit: Sep-Nov, Mar-May.","{""best_time"": ""Sep-Nov, Mar-May"", ""note"": ""Generated synthetic listing; verify availability."", ""features"": [""Swimming Pool"", ""Free WiFi"", ""Pet Friendly"", ""Room Service"", ""Lake View""], ""discounts"": ""Seasonal discount available during off-peak months."", ""offers"": ""Best to book at least 2 weeks in advance."", ""additional_booking_info"": ""Airport pickup can be arranged on request.""}"
H0480,Himalayan Inn,Parbat,4,Near Karkineta( the source of Adhikhola River),27.661208,85.356593,Hostel,5900-7900 NPR,4.2,782,Laundry; Tour Desk; Conference Hall; Bar; Hiking Tours; Free Parking; Restaurant,Karkineta( the source of Adhikhola River),culture; hills; near-temple; heritage; village,"Himalayan Inn is a hostel situated in Near Karkineta( the source of Adhikhola River), Parbat. Guests enjoy Laundry, Tour Desk, Conference Hall, Bar. Nearby: Karkineta( the source of Adhikhola River). Best time to visit: Oct-Mar.","{""best_time"": ""Oct-Mar"", ""note"": ""Generated synthetic listing; verify availability."", ""features"": [""Laundry"", ""Tour Desk"", ""Conference Hall"", ""Bar"", ""Hiking Tours""], ""discounts"": ""Seasonal discount available during off-peak months."", ""offers"": ""Winter offers the best value deals."", ""additional_booking_info"": ""Includes optional guided hiking tours.""}"
H0481,Pine Retreat,Kathmandu,3,Thamel,27.714681,85.323515,Eco-Lodge,2000-5200 NPR,3.2,1004,Restaurant; Mountain View; Free WiFi; Tour Desk; Wake-up Service; Bike Rental; Guide Services,Thamel,scultptures; casino; near-temple; local-experience; budget; adventure; tour; club,"Pine Retreat is a eco-lodge situated in Thamel, Kathmandu. Guests enjoy Restaurant, Mountain View, Free WiFi, Tour Desk. Nearby: Thamel. Best time to visit: All Year.","{""best_time"": ""All Year"", ""note"": ""Generated synthetic listing; verify availability."", ""features"": [""Restaurant"", ""Mountain View"", ""Free WiFi"", ""Tour Desk"", ""Wake-up Service""], ""discounts"": ""Group discounts available for 5+ guests."", ""offers"": ""Advance booking recommended during festival seasons."", ""additional_booking_info"": ""Airport pickup can be arranged on request.""}"
H0482,Riverbend Retreat,Taplejung,1,Near Tamur river,27.726917,85.256475,Resort,5400-7400 NPR,3.6,42,Free WiFi; Breakfast Included,Tamur river,budget; lakeside; adventure; River,"Riverbend Retreat is a resort situated in Near Tamur river, Taplejung. Guests enjoy Free WiFi, Breakfast Included. Nearby: Tamur river. Best time to visit: Oct-Apr.","{""best_time"": ""Oct-Apr"", ""note"": ""Generated synthetic listing; verify availability."", ""features"": [""Free WiFi"", ""Breakfast Included""], ""discounts"": ""Group discounts available for 5+ guests."", ""offers"": ""Ideal to book during weekdays for better rates."", ""additional_booking_info"": ""Airport pickup can be arranged on request.""}"
H0483,Serene Homestay Pokhara,Pokhara,4,Near Phewa Lake,28.162361,84.013936,Lodge,6300-8000 NPR,3.2,983,Hiking Tours; Restaurant; Mountain View; Lake View; Bonfire; Spa,Phewa Lake,family-friendly; birdwatching; lake; scenery,"Serene Homestay Pokhara is a lodge situated in Near Phewa Lake, Pokhara. Guests enjoy Hiking Tours, Restaurant, Mountain View, Lake View. Nearby: Phewa Lake. Best time to visit: Oct-Apr.","{""best_time"": ""Oct-Apr"", ""note"": ""Generated synthetic listing; verify availability."", ""features"": [""Hiking Tours"", ""Restaurant"", ""Mountain View"", ""Lake View"", ""Bonfire""], ""discounts"": ""20% discount for direct website bookings."", ""offers"": ""Advance booking recommended during festival seasons."", ""additional_booking_info"": ""Flexible cancellation up to 24 hours before check-in.""}"
H0484,Vista Stay Myagdi,Myagdi,4,Beni Bazaar,27.675609,85.301385,Luxury Hotel,1700-2000 NPR,4.6,49,Guide Services; Family Rooms; Spa,Beni Bazaar,hills; heritage; river; landmarks; city; wildlife; lakeside,"Vista Stay Myagdi is a luxury hotel situated in Beni Bazaar, Myagdi. Guests enjoy Guide Services, Family Rooms, Spa. Nearby: Beni Bazaar. Best time to visit: Oct-Mar.","{""best_time"": ""Oct-Mar"", ""note"": ""Generated synthetic listing; verify availability."", ""features"": [""Guide Services"", ""Family Rooms"", ""Spa""], ""discounts"": ""10% off on early bird bookings."", ""offers"": ""Advance booking recommended during festival seasons."", ""additional_booking_info"": ""Children under 6 stay free with parents.""}"
H0485,Pine Resort,Bara,2,Near Gadhimai Temple Jeetpur,27.673818,85.249155,Lodge,1500-7700 NPR,4.6,173,Tour Desk; Spa,Gadhimai Temple Jeetpur,hiking; hindu; temple; eco-friendly,"Pine Resort is a lodge situated in Near Gadhimai Temple Jeetpur, Bara. Guests enjoy Tour Desk, Spa. Nearby: Gadhimai Temple Jeetpur. Best time to visit: Dec (festival).","{""best_time"": ""Dec (festival)"", ""note"": ""Generated synthetic listing; verify availability."", ""features"": [""Tour Desk"", ""Spa""], ""discounts"": ""20% discount for direct website bookings."", ""offers"": ""Best to book at least 2 weeks in advance."", ""additional_booking_info"": ""Children under 6 stay free with parents.""}"
H0486,Everest Resort,Parbat,4,"Near Bungee Jump, Sky Cycling And Adventure Swing in Parbat",27.676188,85.338108,Lodge,1400-6100 NPR,4.6,755,Airport Shuttle; Free WiFi; Spa; Room Service,"Bungee Jump, Sky Cycling And Adventure Swing in Parbat",wellness; hills; heritage; bungee; cycling; adventure,"Everest Resort is a lodge situated in Near Bungee Jump, Sky Cycling And Adventure Swing in Parbat, Parbat. Guests enjoy Airport Shuttle, Free WiFi, Spa, Room Service. Nearby: Bungee Jump, Sky Cycling And Adventure Swing in Parbat. Best time to visit: Oct-Mar.","{""best_time"": ""Oct-Mar"", ""note"": ""Generated synthetic listing; verify availability."", ""features"": [""Airport Shuttle"", ""Free WiFi"", ""Spa"", ""Room Service""], ""discounts"": ""Seasonal discount available during off-peak months."", ""offers"": ""Advance booking recommended during festival seasons."", ""additional_booking_info"": ""Airport pickup can be arranged on request.""}"
H0487,Golden Lodge,Bajhang,7,Saileshwori Temple,27.650854,85.359373,Budget Hotel,6800-13400 NPR,3.5,1012,Bonfire; Guide Services; Lake View; Spa; Free Parking,Saileshwori Temple,culture; birdwatching; temple; eco-friendly; hindu; spiritual,"Golden Lodge is a budget hotel situated in Saileshwori Temple, Bajhang. Guests enjoy Bonfire, Guide Services, Lake View, Spa. Nearby: Saileshwori Temple. Best time to visit: Oct-Mar.","{""best_time"": ""Oct-Mar"", ""note"": ""Generated synthetic listing; verify availability."", ""features"": [""Bonfire"", ""Guide Services"", ""Lake View"", ""Spa"", ""Free Parking""], ""discounts"": ""10% off on early bird bookings."", ""offers"": ""Winter offers the best value deals."", ""additional_booking_info"": ""Includes optional guided hiking tours.""}"
H0488,Cloud Retreat Pokhara,Pokhara,4,Near Australian Camp,28.218945,84.00882,Guesthouse,6300-8000 NPR,3.3,5,Free WiFi; Pet Friendly; Conference Hall,Australian Camp,Photography; peaceful; family-friendly; Sunrise trek; adventure; luxury,"Cloud Retreat Pokhara is a guesthouse situated in Near Australian Camp, Pokhara. Guests enjoy Free WiFi, Pet Friendly, Conference Hall. Nearby: Australian Camp. Best time to visit: Oct–Nov, Mar–May.","{""best_time"": ""Oct–Nov, Mar–May"", ""note"": ""Generated synthetic listing; verify availability."", ""features"": [""Free WiFi"", ""Pet Friendly"", ""Conference Hall""], ""discounts"": ""10% off on early bird bookings."", ""offers"": ""Winter offers the best value deals."", ""additional_booking_info"": ""Airport pickup can be arranged on request.""}"
H0489,Serene House,Bardiya,5,Near Bardiya National Park,28.449361,81.542929,Guesthouse,2300-3600 NPR,4.3,240,Spa; Family Rooms; Free WiFi; Guide Services; Pet Friendly; Breakfast Included; Bike Rental,Bardiya National Park,culture; lakes; river; tour; wildlife,"Serene House is a guesthouse situated in Near Bardiya National Park, Bardiya. Guests enjoy Spa, Family Rooms, Free WiFi, Guide Services. Nearby: Bardiya National Park. Best time to visit: Oct–Apr.","{""best_time"": ""Oct–Apr"", ""note"": ""Generated synthetic listing; verify availability."", ""features"": [""Spa"", ""Family Rooms"", ""Free WiFi"", ""Guide Services"", ""Pet Friendly""], ""discounts"": ""Seasonal discount available during off-peak months."", ""offers"": ""Ideal to book during weekdays for better rates."", ""additional_booking_info"": ""Flexible cancellation up to 24 hours before check-in.""}"
H0490,Pine Homestay - 490,Terhathum,1,Hyatrung waterfall,27.649479,85.249248,Cottage,3900-6700 NPR,4.3,962,Spa; Bike Rental; Mountain View; Bonfire; Guide Services; Lake View; Free Parking,Hyatrung waterfall,wildlife; river; waterfall,"Pine Homestay - 490 is a cottage situated in Hyatrung waterfall, Terhathum. Guests enjoy Spa, Bike Rental, Mountain View, Bonfire. Nearby: Hyatrung waterfall. Best time to visit: Oct-Apr.","{""best_time"": ""Oct-Apr"", ""note"": ""Generated synthetic listing; verify availability."", ""features"": [""Spa"", ""Bike Rental"", ""Mountain View"", ""Bonfire"", ""Guide Services""], ""discounts"": ""Group discounts available for 5+ guests."", ""offers"": ""Advance booking recommended during festival seasons."", ""additional_booking_info"": ""Includes optional guided hiking tours.""}"
H0491,Serene Inn - 491,Bara,2,Near Maha Gadhimai,27.700395,85.241304,Luxury Hotel,6100-13800 NPR,3.9,528,Bike Rental; Mountain View; Free Parking; Guide Services; Restaurant; Laundry,Maha Gadhimai,hiking; hindu; temple,"Serene Inn - 491 is a luxury hotel situated in Near Maha Gadhimai, Bara. Guests enjoy Bike Rental, Mountain View, Free Parking, Guide Services. Nearby: Maha Gadhimai. Best time to visit: Dec (festival).","{""best_time"": ""Dec (festival)"", ""note"": ""Generated synthetic listing; verify availability."", ""features"": [""Bike Rental"", ""Mountain View"", ""Free Parking"", ""Guide Services"", ""Restaurant""], ""discounts"": ""10% off on early bird bookings."", ""offers"": ""Best season to book: Spring and Autumn."", ""additional_booking_info"": ""Flexible cancellation up to 24 hours before check-in.""}"
H0492,Serene Retreat,Rolpa,5,Gajulkot,27.738701,85.357118,Cottage,1100-9100 NPR,3.8,829,Restaurant; Breakfast Included; Pet Friendly; Guide Services; Bar,Gajulkot,scenary; local-experience; budget; cultural; hill; luxury,"Serene Retreat is a cottage situated in Gajulkot, Rolpa. Guests enjoy Restaurant, Breakfast Included, Pet Friendly, Guide Services. Nearby: Gajulkot. Best time to visit: All Year.","{""best_time"": ""All Year"", ""note"": ""Generated synthetic listing; verify availability."", ""features"": [""Restaurant"", ""Breakfast Included"", ""Pet Friendly"", ""Guide Services"", ""Bar""], ""discounts"": ""Seasonal discount available during off-peak months."", ""offers"": ""Best to book at least 2 weeks in advance."", ""additional_booking_info"": ""Flexible cancellation up to 24 hours before check-in.""}"
H0493,Everest Haven Pyuthan,Pyuthan,5,Near Pandaveshwor Temple,27.647838,85.311653,Homestay,2000-5600 NPR,4.1,66,Laundry; Airport Shuttle; Room Service,Pandaveshwor Temple,culture; sculptures; picnic spot; temple; hindu,"Everest Haven Pyuthan is a homestay situated in Near Pandaveshwor Temple, Pyuthan. Guests enjoy Laundry, Airport Shuttle, Room Service. Nearby: Pandaveshwor Temple. Best time to visit: All Year.","{""best_time"": ""All Year"", ""note"": ""Generated synthetic listing; verify availability."", ""features"": [""Laundry"", ""Airport Shuttle"", ""Room Service""], ""discounts"": ""Group discounts available for 5+ guests."", ""offers"": ""Advance booking recommended during festival seasons."", ""additional_booking_info"": ""Flexible cancellation up to 24 hours before check-in.""}"
H0494,Himalayan Inn Darchula,Darchula,7,Malikarjun temple,27.682798,85.273888,Luxury Hotel,4600-8100 NPR,3.4,800,Pet Friendly; Spa; Swimming Pool; Lake View; Guide Services; Room Service; Laundry,Malikarjun temple,romantic; hindu; temple; culture,"Himalayan Inn Darchula is a luxury hotel situated in Malikarjun temple, Darchula. Guests enjoy Pet Friendly, Spa, Swimming Pool, Lake View. Nearby: Malikarjun temple. Best time to visit: Oct-Mar.","{""best_time"": ""Oct-Mar"", ""note"": ""Generated synthetic listing; verify availability."", ""features"": [""Pet Friendly"", ""Spa"", ""Swimming Pool"", ""Lake View"", ""Guide Services""], ""discounts"": ""Complimentary breakfast for bookings over 3 nights."", ""offers"": ""Advance booking recommended during festival seasons."", ""additional_booking_info"": ""Includes optional guided hiking tours.""}"
H0495,Pine Homestay - 495,Gulmi,5,Ismakot,27.721885,85.24945,Boutique Hotel,6400-10500 NPR,4.6,288,Restaurant; Bike Rental; Tour Desk; Room Service; Lake View; Hiking Tours; Family Rooms,Ismakot,temple; scenery; trekking-base; wildlife; hill,"Pine Homestay - 495 is a boutique hotel situated in Ismakot, Gulmi. Guests enjoy Restaurant, Bike Rental, Tour Desk, Room Service. Nearby: Ismakot. Best time to visit: All Year.","{""best_time"": ""All Year"", ""note"": ""Generated synthetic listing; verify availability."", ""features"": [""Restaurant"", ""Bike Rental"", ""Tour Desk"", ""Room Service"", ""Lake View""], ""discounts"": ""Book 2 nights and get the 3rd free!"", ""offers"": ""Winter offers the best value deals."", ""additional_booking_info"": ""Airport pickup can be arranged on request.""}"
H0496,Everest Cottage Banke,Banke,5,Near Banke National Park,27.668693,85.359641,Cottage,1100-3900 NPR,3.9,1018,Free WiFi; Spa,Banke National Park,lakes; birdwatching; river; budget; tour; wildlife; spiritual,"Everest Cottage Banke is a cottage situated in Near Banke National Park, Banke. Guests enjoy Free WiFi, Spa. Nearby: Banke National Park. Best time to visit: Oct-Apr.","{""best_time"": ""Oct-Apr"", ""note"": ""Generated synthetic listing; verify availability."", ""features"": [""Free WiFi"", ""Spa""], ""discounts"": ""Seasonal discount available during off-peak months."", ""offers"": ""Advance booking recommended during festival seasons."", ""additional_booking_info"": ""Airport pickup can be arranged on request.""}"
H0497,Pine Haven Saptari,Saptari,2,Rajbiraj,27.709181,85.282404,Boutique Hotel,2000-9800 NPR,3.3,969,Hiking Tours; Spa; Swimming Pool; Bonfire,Rajbiraj,peaceful; landmarks; terai region; city,"Pine Haven Saptari is a boutique hotel situated in Rajbiraj, Saptari. Guests enjoy Hiking Tours, Spa, Swimming Pool, Bonfire. Nearby: Rajbiraj. Best time to visit: Oct-Mar.","{""best_time"": ""Oct-Mar"", ""note"": ""Generated synthetic listing; verify availability."", ""features"": [""Hiking Tours"", ""Spa"", ""Swimming Pool"", ""Bonfire""], ""discounts"": ""Book 2 nights and get the 3rd free!"", ""offers"": ""Ideal to book during weekdays for better rates."", ""additional_booking_info"": ""Children under 6 stay free with parents.""}"
H0498,Riverbend Cottage,Kaski,4,Ghandruk Village,27.684008,85.34138,Lodge,3600-5200 NPR,4.2,1036,Laundry; Breakfast Included; Tour Desk; Free Parking; Free WiFi,Ghandruk Village,trekking; hills; village; mountains; hiking; wildlife; luxury,"Riverbend Cottage is a lodge situated in Ghandruk Village, Kaski. Guests enjoy Laundry, Breakfast Included, Tour Desk, Free Parking. Nearby: Ghandruk Village. Best time to visit: Oct-Mar.","{""best_time"": ""Oct-Mar"", ""note"": ""Generated synthetic listing; verify availability."", ""features"": [""Laundry"", ""Breakfast Included"", ""Tour Desk"", ""Free Parking"", ""Free WiFi""], ""discounts"": ""10% off on early bird bookings."", ""offers"": ""Best to book at least 2 weeks in advance."", ""additional_booking_info"": ""Children under 6 stay free with parents.""}"
H0499,Serene Homestay Gulmi,Gulmi,5,Satyawati lake,27.695473,85.25122,Eco-Lodge,4300-12300 NPR,3.0,369,Swimming Pool; Family Rooms; Guide Services; Bar; Tour Desk; Lake View; Breakfast Included,Satyawati lake,historical; near-temple; trekking-base; pond; spiritual; lake,"Serene Homestay Gulmi is a eco-lodge situated in Satyawati lake, Gulmi. Guests enjoy Swimming Pool, Family Rooms, Guide Services, Bar. Nearby: Satyawati lake. Best time to visit: Oct-Apr.","{""best_time"": ""Oct-Apr"", ""note"": ""Generated synthetic listing; verify availability."", ""features"": [""Swimming Pool"", ""Family Rooms"", ""Guide Services"", ""Bar"", ""Tour Desk""], ""discounts"": ""Seasonal discount available during off-peak months."", ""offers"": ""Advance booking recommended during festival seasons."", ""additional_booking_info"": ""Children under 6 stay free with parents.""}"
H0500,Golden House,Bajhang,7,Near Budinanda region,27.657462,85.265616,Cottage,800-7300 NPR,2.9,740,Bonfire; Bar; Breakfast Included; Tour Desk; Free WiFi,Budinanda region,pilgrimage; trekking; mountain-view; local-experience; budget; hindu; offbeat; lake,"Golden House is a cottage situated in Near Budinanda region, Bajhang. Guests enjoy Bonfire, Bar, Breakfast Included, Tour Desk. Nearby: Budinanda region. Best time to visit: Oct-Mar.","{""best_time"": ""Oct-Mar"", ""note"": ""Generated synthetic listing; verify availability."", ""features"": [""Bonfire"", ""Bar"", ""Breakfast Included"", ""Tour Desk"", ""Free WiFi""], ""discounts"": ""20% discount for direct website bookings."", ""offers"": ""Winter offers the best value deals."", ""additional_booking_info"": ""Children under 6 stay free with parents.""}"
